chartIndex,date_raw,date_iso,series,time_raw,time_iso,datetime_local,value,annotation_kind,annotation_text_raw,annotation_text_clean,tooltip_text,meal_type,meal_code,meal_size_descriptor,meal_time_text,event_type,event_time_text,source_trace_index,source_trace_name,reported_datetime_local,source_point_index
1,"Tue, Jan 14",2020-01-14,CGM,0,00:00,2020-01-14 00:00,108,,,,,,,,,,,1,CGM,2020-01-14 00:04,0
1,"Tue, Jan 14",2020-01-14,CGM,5,00:05,2020-01-14 00:05,102,,,,,,,,,,,1,CGM,2020-01-14 00:09,1
1,"Tue, Jan 14",2020-01-14,CGM,10,00:10,2020-01-14 00:10,103,,,,,,,,,,,1,CGM,2020-01-14 00:14,2
1,"Tue, Jan 14",2020-01-14,CGM,15,00:15,2020-01-14 00:15,97,,,,,,,,,,,1,CGM,2020-01-14 00:19,3
1,"Tue, Jan 14",2020-01-14,CGM,20,00:20,2020-01-14 00:20,89,,,,,,,,,,,1,CGM,2020-01-14 00:24,4
1,"Tue, Jan 14",2020-01-14,CGM,25,00:25,2020-01-14 00:25,88,,,,,,,,,,,1,CGM,2020-01-14 00:29,5
1,"Tue, Jan 14",2020-01-14,CGM,30,00:30,2020-01-14 00:30,87,,,,,,,,,,,1,CGM,2020-01-14 00:34,6
1,"Tue, Jan 14",2020-01-14,CGM,35,00:35,2020-01-14 00:35,98,,,,,,,,,,,1,CGM,2020-01-14 00:39,7
1,"Tue, Jan 14",2020-01-14,CGM,40,00:40,2020-01-14 00:40,83,,,,,,,,,,,1,CGM,2020-01-14 00:43,8
1,"Tue, Jan 14",2020-01-14,CGM,45,00:45,2020-01-14 00:45,76,,,,,,,,,,,1,CGM,2020-01-14 00:49,9
1,"Tue, Jan 14",2020-01-14,CGM,50,00:50,2020-01-14 00:50,81,,,,,,,,,,,1,CGM,2020-01-14 00:54,10
1,"Tue, Jan 14",2020-01-14,CGM,55,00:55,2020-01-14 00:55,84,,,,,,,,,,,1,CGM,2020-01-14 00:59,11
1,"Tue, Jan 14",2020-01-14,CGM,60,01:00,2020-01-14 01:00,84,,,,,,,,,,,1,CGM,2020-01-14 01:04,12
1,"Tue, Jan 14",2020-01-14,CGM,65,01:05,2020-01-14 01:05,85,,,,,,,,,,,1,CGM,2020-01-14 01:09,13
1,"Tue, Jan 14",2020-01-14,CGM,70,01:10,2020-01-14 01:10,89,,,,,,,,,,,1,CGM,2020-01-14 01:14,14
1,"Tue, Jan 14",2020-01-14,CGM,75,01:15,2020-01-14 01:15,86,,,,,,,,,,,1,CGM,2020-01-14 01:19,15
1,"Tue, Jan 14",2020-01-14,CGM,80,01:20,2020-01-14 01:20,83,,,,,,,,,,,1,CGM,2020-01-14 01:24,16
1,"Tue, Jan 14",2020-01-14,CGM,85,01:25,2020-01-14 01:25,77,,,,,,,,,,,1,CGM,2020-01-14 01:29,17
1,"Tue, Jan 14",2020-01-14,CGM,90,01:30,2020-01-14 01:30,56,,,,,,,,,,,1,CGM,2020-01-14 01:34,18
1,"Tue, Jan 14",2020-01-14,CGM,95,01:35,2020-01-14 01:35,58,,,,,,,,,,,1,CGM,2020-01-14 01:39,19
1,"Tue, Jan 14",2020-01-14,CGM,100,01:40,2020-01-14 01:40,54,,,,,,,,,,,1,CGM,2020-01-14 01:44,20
1,"Tue, Jan 14",2020-01-14,CGM,105,01:45,2020-01-14 01:45,46,,,,,,,,,,,1,CGM,2020-01-14 01:49,21
1,"Tue, Jan 14",2020-01-14,CGM,110,01:50,2020-01-14 01:50,41,,,,,,,,,,,1,CGM,2020-01-14 01:54,22
1,"Tue, Jan 14",2020-01-14,CGM,115,01:55,2020-01-14 01:55,39,,,,,,,,,,,1,CGM,2020-01-14 01:59,23
1,"Tue, Jan 14",2020-01-14,CGM,120,02:00,2020-01-14 02:00,49,,,,,,,,,,,1,CGM,2020-01-14 02:04,24
1,"Tue, Jan 14",2020-01-14,CGM,125,02:05,2020-01-14 02:05,73,,,,,,,,,,,1,CGM,2020-01-14 02:09,25
1,"Tue, Jan 14",2020-01-14,CGM,130,02:10,2020-01-14 02:10,101,,,,,,,,,,,1,CGM,2020-01-14 02:14,26
1,"Tue, Jan 14",2020-01-14,CGM,135,02:15,2020-01-14 02:15,97,,,,,,,,,,,1,CGM,2020-01-14 02:19,27
1,"Tue, Jan 14",2020-01-14,CGM,140,02:20,2020-01-14 02:20,88,,,,,,,,,,,1,CGM,2020-01-14 02:24,28
1,"Tue, Jan 14",2020-01-14,CGM,145,02:25,2020-01-14 02:25,80,,,,,,,,,,,1,CGM,2020-01-14 02:29,29
1,"Tue, Jan 14",2020-01-14,CGM,150,02:30,2020-01-14 02:30,95,,,,,,,,,,,1,CGM,2020-01-14 02:34,30
1,"Tue, Jan 14",2020-01-14,CGM,155,02:35,2020-01-14 02:35,102,,,,,,,,,,,1,CGM,2020-01-14 02:39,31
1,"Tue, Jan 14",2020-01-14,CGM,160,02:40,2020-01-14 02:40,111,,,,,,,,,,,1,CGM,2020-01-14 02:44,32
1,"Tue, Jan 14",2020-01-14,CGM,165,02:45,2020-01-14 02:45,139,,,,,,,,,,,1,CGM,2020-01-14 02:49,33
1,"Tue, Jan 14",2020-01-14,CGM,170,02:50,2020-01-14 02:50,158,,,,,,,,,,,1,CGM,2020-01-14 02:54,34
1,"Tue, Jan 14",2020-01-14,CGM,175,02:55,2020-01-14 02:55,162,,,,,,,,,,,1,CGM,2020-01-14 02:59,35
1,"Tue, Jan 14",2020-01-14,CGM,180,03:00,2020-01-14 03:00,155,,,,,,,,,,,1,CGM,2020-01-14 03:04,36
1,"Tue, Jan 14",2020-01-14,CGM,185,03:05,2020-01-14 03:05,165,,,,,,,,,,,1,CGM,2020-01-14 03:09,37
1,"Tue, Jan 14",2020-01-14,CGM,190,03:10,2020-01-14 03:10,196,,,,,,,,,,,1,CGM,2020-01-14 03:14,38
1,"Tue, Jan 14",2020-01-14,CGM,195,03:15,2020-01-14 03:15,231,,,,,,,,,,,1,CGM,2020-01-14 03:19,39
1,"Tue, Jan 14",2020-01-14,CGM,200,03:20,2020-01-14 03:20,231,,,,,,,,,,,1,CGM,2020-01-14 03:24,40
1,"Tue, Jan 14",2020-01-14,CGM,205,03:25,2020-01-14 03:25,234,,,,,,,,,,,1,CGM,2020-01-14 03:29,41
1,"Tue, Jan 14",2020-01-14,CGM,210,03:30,2020-01-14 03:30,252,,,,,,,,,,,1,CGM,2020-01-14 03:34,42
1,"Tue, Jan 14",2020-01-14,CGM,215,03:35,2020-01-14 03:35,275,,,,,,,,,,,1,CGM,2020-01-14 03:39,43
1,"Tue, Jan 14",2020-01-14,CGM,220,03:40,2020-01-14 03:40,291,,,,,,,,,,,1,CGM,2020-01-14 03:44,44
1,"Tue, Jan 14",2020-01-14,CGM,225,03:45,2020-01-14 03:45,307,,,,,,,,,,,1,CGM,2020-01-14 03:49,45
1,"Tue, Jan 14",2020-01-14,CGM,230,03:50,2020-01-14 03:50,310,,,,,,,,,,,1,CGM,2020-01-14 03:54,46
1,"Tue, Jan 14",2020-01-14,CGM,235,03:55,2020-01-14 03:55,336,,,,,,,,,,,1,CGM,2020-01-14 03:59,47
1,"Tue, Jan 14",2020-01-14,CGM,240,04:00,2020-01-14 04:00,344,,,,,,,,,,,1,CGM,2020-01-14 04:04,48
1,"Tue, Jan 14",2020-01-14,CGM,245,04:05,2020-01-14 04:05,344,,,,,,,,,,,1,CGM,2020-01-14 04:09,49
1,"Tue, Jan 14",2020-01-14,CGM,250,04:10,2020-01-14 04:10,336,,,,,,,,,,,1,CGM,2020-01-14 04:14,50
1,"Tue, Jan 14",2020-01-14,CGM,255,04:15,2020-01-14 04:15,332,,,,,,,,,,,1,CGM,2020-01-14 04:19,51
1,"Tue, Jan 14",2020-01-14,CGM,260,04:20,2020-01-14 04:20,334,,,,,,,,,,,1,CGM,2020-01-14 04:24,52
1,"Tue, Jan 14",2020-01-14,CGM,265,04:25,2020-01-14 04:25,341,,,,,,,,,,,1,CGM,2020-01-14 04:29,53
1,"Tue, Jan 14",2020-01-14,CGM,270,04:30,2020-01-14 04:30,340,,,,,,,,,,,1,CGM,2020-01-14 04:34,54
1,"Tue, Jan 14",2020-01-14,CGM,275,04:35,2020-01-14 04:35,345,,,,,,,,,,,1,CGM,2020-01-14 04:39,55
1,"Tue, Jan 14",2020-01-14,CGM,280,04:40,2020-01-14 04:40,345,,,,,,,,,,,1,CGM,2020-01-14 04:44,56
1,"Tue, Jan 14",2020-01-14,CGM,285,04:45,2020-01-14 04:45,326,,,,,,,,,,,1,CGM,2020-01-14 04:49,57
1,"Tue, Jan 14",2020-01-14,CGM,290,04:50,2020-01-14 04:50,308,,,,,,,,,,,1,CGM,2020-01-14 04:54,58
1,"Tue, Jan 14",2020-01-14,CGM,295,04:55,2020-01-14 04:55,316,,,,,,,,,,,1,CGM,2020-01-14 04:59,59
1,"Tue, Jan 14",2020-01-14,CGM,300,05:00,2020-01-14 05:00,315,,,,,,,,,,,1,CGM,2020-01-14 05:04,60
1,"Tue, Jan 14",2020-01-14,CGM,305,05:05,2020-01-14 05:05,311,,,,,,,,,,,1,CGM,2020-01-14 05:09,61
1,"Tue, Jan 14",2020-01-14,CGM,310,05:10,2020-01-14 05:10,304,,,,,,,,,,,1,CGM,2020-01-14 05:14,62
1,"Tue, Jan 14",2020-01-14,CGM,315,05:15,2020-01-14 05:15,290,,,,,,,,,,,1,CGM,2020-01-14 05:19,63
1,"Tue, Jan 14",2020-01-14,CGM,320,05:20,2020-01-14 05:20,294,,,,,,,,,,,1,CGM,2020-01-14 05:24,64
1,"Tue, Jan 14",2020-01-14,CGM,325,05:25,2020-01-14 05:25,309,,,,,,,,,,,1,CGM,2020-01-14 05:29,65
1,"Tue, Jan 14",2020-01-14,CGM,330,05:30,2020-01-14 05:30,313,,,,,,,,,,,1,CGM,2020-01-14 05:34,66
1,"Tue, Jan 14",2020-01-14,CGM,335,05:35,2020-01-14 05:35,304,,,,,,,,,,,1,CGM,2020-01-14 05:39,67
1,"Tue, Jan 14",2020-01-14,CGM,340,05:40,2020-01-14 05:40,302,,,,,,,,,,,1,CGM,2020-01-14 05:44,68
1,"Tue, Jan 14",2020-01-14,CGM,345,05:45,2020-01-14 05:45,312,,,,,,,,,,,1,CGM,2020-01-14 05:49,69
1,"Tue, Jan 14",2020-01-14,CGM,350,05:50,2020-01-14 05:50,310,,,,,,,,,,,1,CGM,2020-01-14 05:54,70
1,"Tue, Jan 14",2020-01-14,CGM,355,05:55,2020-01-14 05:55,304,,,,,,,,,,,1,CGM,2020-01-14 05:59,71
1,"Tue, Jan 14",2020-01-14,CGM,360,06:00,2020-01-14 06:00,294,,,,,,,,,,,1,CGM,2020-01-14 06:04,72
1,"Tue, Jan 14",2020-01-14,CGM,365,06:05,2020-01-14 06:05,283,,,,,,,,,,,1,CGM,2020-01-14 06:09,73
1,"Tue, Jan 14",2020-01-14,CGM,370,06:10,2020-01-14 06:10,299,,,,,,,,,,,1,CGM,2020-01-14 06:14,74
1,"Tue, Jan 14",2020-01-14,CGM,375,06:15,2020-01-14 06:15,295,,,,,,,,,,,1,CGM,2020-01-14 06:19,75
1,"Tue, Jan 14",2020-01-14,CGM,380,06:20,2020-01-14 06:20,275,,,,,,,,,,,1,CGM,2020-01-14 06:24,76
1,"Tue, Jan 14",2020-01-14,CGM,385,06:25,2020-01-14 06:25,264,,,,,,,,,,,1,CGM,2020-01-14 06:29,77
1,"Tue, Jan 14",2020-01-14,CGM,390,06:30,2020-01-14 06:30,258,,,,,,,,,,,1,CGM,2020-01-14 06:34,78
1,"Tue, Jan 14",2020-01-14,CGM,395,06:35,2020-01-14 06:35,256,,,,,,,,,,,1,CGM,2020-01-14 06:39,79
1,"Tue, Jan 14",2020-01-14,CGM,400,06:40,2020-01-14 06:40,254,,,,,,,,,,,1,CGM,2020-01-14 06:44,80
1,"Tue, Jan 14",2020-01-14,CGM,405,06:45,2020-01-14 06:45,243,,,,,,,,,,,1,CGM,2020-01-14 06:49,81
1,"Tue, Jan 14",2020-01-14,CGM,410,06:50,2020-01-14 06:50,245,,,,,,,,,,,1,CGM,2020-01-14 06:54,82
1,"Tue, Jan 14",2020-01-14,CGM,415,06:55,2020-01-14 06:55,228,,,,,,,,,,,1,CGM,2020-01-14 06:59,83
1,"Tue, Jan 14",2020-01-14,CGM,420,07:00,2020-01-14 07:00,226,,,,,,,,,,,1,CGM,2020-01-14 07:04,84
1,"Tue, Jan 14",2020-01-14,CGM,425,07:05,2020-01-14 07:05,230,,,,,,,,,,,1,CGM,2020-01-14 07:09,85
1,"Tue, Jan 14",2020-01-14,CGM,430,07:10,2020-01-14 07:10,227,,,,,,,,,,,1,CGM,2020-01-14 07:14,86
1,"Tue, Jan 14",2020-01-14,CGM,435,07:15,2020-01-14 07:15,229,,,,,,,,,,,1,CGM,2020-01-14 07:19,87
1,"Tue, Jan 14",2020-01-14,CGM,440,07:20,2020-01-14 07:20,227,,,,,,,,,,,1,CGM,2020-01-14 07:24,88
1,"Tue, Jan 14",2020-01-14,CGM,445,07:25,2020-01-14 07:25,222,,,,,,,,,,,1,CGM,2020-01-14 07:29,89
1,"Tue, Jan 14",2020-01-14,CGM,450,07:30,2020-01-14 07:30,218,,,,,,,,,,,1,CGM,2020-01-14 07:34,90
1,"Tue, Jan 14",2020-01-14,CGM,455,07:35,2020-01-14 07:35,213,,,,,,,,,,,1,CGM,2020-01-14 07:39,91
1,"Tue, Jan 14",2020-01-14,CGM,460,07:40,2020-01-14 07:40,207,,,,,,,,,,,1,CGM,2020-01-14 07:44,92
1,"Tue, Jan 14",2020-01-14,CGM,465,07:45,2020-01-14 07:45,206,,,,,,,,,,,1,CGM,2020-01-14 07:49,93
1,"Tue, Jan 14",2020-01-14,CGM,470,07:50,2020-01-14 07:50,203,,,,,,,,,,,1,CGM,2020-01-14 07:54,94
1,"Tue, Jan 14",2020-01-14,CGM,475,07:55,2020-01-14 07:55,197,,,,,,,,,,,1,CGM,2020-01-14 07:59,95
1,"Tue, Jan 14",2020-01-14,CGM,480,08:00,2020-01-14 08:00,192,,,,,,,,,,,1,CGM,2020-01-14 08:04,96
1,"Tue, Jan 14",2020-01-14,CGM,485,08:05,2020-01-14 08:05,190,,,,,,,,,,,1,CGM,2020-01-14 08:09,97
1,"Tue, Jan 14",2020-01-14,CGM,490,08:10,2020-01-14 08:10,187,,,,,,,,,,,1,CGM,2020-01-14 08:14,98
1,"Tue, Jan 14",2020-01-14,CGM,495,08:15,2020-01-14 08:15,175,,,,,,,,,,,1,CGM,2020-01-14 08:19,99
1,"Tue, Jan 14",2020-01-14,CGM,500,08:20,2020-01-14 08:20,161,,,,,,,,,,,1,CGM,2020-01-14 08:24,100
1,"Tue, Jan 14",2020-01-14,CGM,505,08:25,2020-01-14 08:25,157,,,,,,,,,,,1,CGM,2020-01-14 08:29,101
1,"Tue, Jan 14",2020-01-14,CGM,510,08:30,2020-01-14 08:30,158,,,,,,,,,,,1,CGM,2020-01-14 08:34,102
1,"Tue, Jan 14",2020-01-14,CGM,515,08:35,2020-01-14 08:35,153,,,,,,,,,,,1,CGM,2020-01-14 08:39,103
1,"Tue, Jan 14",2020-01-14,CGM,520,08:40,2020-01-14 08:40,152,,,,,,,,,,,1,CGM,2020-01-14 08:44,104
1,"Tue, Jan 14",2020-01-14,CGM,525,08:45,2020-01-14 08:45,151,,,,,,,,,,,1,CGM,2020-01-14 08:49,105
1,"Tue, Jan 14",2020-01-14,CGM,530,08:50,2020-01-14 08:50,163,,,,,,,,,,,1,CGM,2020-01-14 08:54,106
1,"Tue, Jan 14",2020-01-14,CGM,535,08:55,2020-01-14 08:55,167,,,,,,,,,,,1,CGM,2020-01-14 08:59,107
1,"Tue, Jan 14",2020-01-14,CGM,540,09:00,2020-01-14 09:00,169,,,,,,,,,,,1,CGM,2020-01-14 09:04,108
1,"Tue, Jan 14",2020-01-14,CGM,545,09:05,2020-01-14 09:05,172,,,,,,,,,,,1,CGM,2020-01-14 09:09,109
1,"Tue, Jan 14",2020-01-14,CGM,550,09:10,2020-01-14 09:10,173,,,,,,,,,,,1,CGM,2020-01-14 09:14,110
1,"Tue, Jan 14",2020-01-14,CGM,555,09:15,2020-01-14 09:15,169,,,,,,,,,,,1,CGM,2020-01-14 09:19,111
1,"Tue, Jan 14",2020-01-14,CGM,560,09:20,2020-01-14 09:20,163,,,,,,,,,,,1,CGM,2020-01-14 09:24,112
1,"Tue, Jan 14",2020-01-14,CGM,565,09:25,2020-01-14 09:25,151,,,,,,,,,,,1,CGM,2020-01-14 09:29,113
1,"Tue, Jan 14",2020-01-14,CGM,570,09:30,2020-01-14 09:30,134,,,,,,,,,,,1,CGM,2020-01-14 09:34,114
1,"Tue, Jan 14",2020-01-14,CGM,575,09:35,2020-01-14 09:35,126,,,,,,,,,,,1,CGM,2020-01-14 09:39,115
1,"Tue, Jan 14",2020-01-14,CGM,580,09:40,2020-01-14 09:40,117,,,,,,,,,,,1,CGM,2020-01-14 09:44,116
1,"Tue, Jan 14",2020-01-14,CGM,585,09:45,2020-01-14 09:45,116,,,,,,,,,,,1,CGM,2020-01-14 09:49,117
1,"Tue, Jan 14",2020-01-14,CGM,590,09:50,2020-01-14 09:50,117,,,,,,,,,,,1,CGM,2020-01-14 09:54,118
1,"Tue, Jan 14",2020-01-14,CGM,595,09:55,2020-01-14 09:55,111,,,,,,,,,,,1,CGM,2020-01-14 09:59,119
1,"Tue, Jan 14",2020-01-14,CGM,600,10:00,2020-01-14 10:00,108,,,,,,,,,,,1,CGM,2020-01-14 10:04,120
1,"Tue, Jan 14",2020-01-14,CGM,605,10:05,2020-01-14 10:05,100,,,,,,,,,,,1,CGM,2020-01-14 10:09,121
1,"Tue, Jan 14",2020-01-14,CGM,610,10:10,2020-01-14 10:10,108,,,,,,,,,,,1,CGM,2020-01-14 10:14,122
1,"Tue, Jan 14",2020-01-14,CGM,615,10:15,2020-01-14 10:15,120,,,,,,,,,,,1,CGM,2020-01-14 10:19,123
1,"Tue, Jan 14",2020-01-14,CGM,620,10:20,2020-01-14 10:20,139,,,,,,,,,,,1,CGM,2020-01-14 10:24,124
1,"Tue, Jan 14",2020-01-14,CGM,625,10:25,2020-01-14 10:25,161,,,,,,,,,,,1,CGM,2020-01-14 10:29,125
1,"Tue, Jan 14",2020-01-14,CGM,630,10:30,2020-01-14 10:30,171,,,,,,,,,,,1,CGM,2020-01-14 10:34,126
1,"Tue, Jan 14",2020-01-14,CGM,635,10:35,2020-01-14 10:35,178,,,,,,,,,,,1,CGM,2020-01-14 10:39,127
1,"Tue, Jan 14",2020-01-14,CGM,640,10:40,2020-01-14 10:40,172,,,,,,,,,,,1,CGM,2020-01-14 10:44,128
1,"Tue, Jan 14",2020-01-14,CGM,645,10:45,2020-01-14 10:45,169,,,,,,,,,,,1,CGM,2020-01-14 10:49,129
1,"Tue, Jan 14",2020-01-14,CGM,650,10:50,2020-01-14 10:50,180,,,,,,,,,,,1,CGM,2020-01-14 10:54,130
1,"Tue, Jan 14",2020-01-14,CGM,655,10:55,2020-01-14 10:55,184,,,,,,,,,,,1,CGM,2020-01-14 10:59,131
1,"Tue, Jan 14",2020-01-14,CGM,660,11:00,2020-01-14 11:00,177,,,,,,,,,,,1,CGM,2020-01-14 11:04,132
1,"Tue, Jan 14",2020-01-14,CGM,665,11:05,2020-01-14 11:05,167,,,,,,,,,,,1,CGM,2020-01-14 11:09,133
1,"Tue, Jan 14",2020-01-14,CGM,670,11:10,2020-01-14 11:10,148,,,,,,,,,,,1,CGM,2020-01-14 11:14,134
1,"Tue, Jan 14",2020-01-14,CGM,675,11:15,2020-01-14 11:15,128,,,,,,,,,,,1,CGM,2020-01-14 11:19,135
1,"Tue, Jan 14",2020-01-14,CGM,680,11:20,2020-01-14 11:20,109,,,,,,,,,,,1,CGM,2020-01-14 11:24,136
1,"Tue, Jan 14",2020-01-14,CGM,685,11:25,2020-01-14 11:25,95,,,,,,,,,,,1,CGM,2020-01-14 11:29,137
1,"Tue, Jan 14",2020-01-14,CGM,690,11:30,2020-01-14 11:30,83,,,,,,,,,,,1,CGM,2020-01-14 11:34,138
1,"Tue, Jan 14",2020-01-14,CGM,695,11:35,2020-01-14 11:35,71,,,,,,,,,,,1,CGM,2020-01-14 11:39,139
1,"Tue, Jan 14",2020-01-14,CGM,700,11:40,2020-01-14 11:40,60,,,,,,,,,,,1,CGM,2020-01-14 11:44,140
1,"Tue, Jan 14",2020-01-14,CGM,705,11:45,2020-01-14 11:45,51,,,,,,,,,,,1,CGM,2020-01-14 11:49,141
1,"Tue, Jan 14",2020-01-14,CGM,710,11:50,2020-01-14 11:50,47,,,,,,,,,,,1,CGM,2020-01-14 11:54,142
1,"Tue, Jan 14",2020-01-14,CGM,715,11:55,2020-01-14 11:55,58,,,,,,,,,,,1,CGM,2020-01-14 11:59,143
1,"Tue, Jan 14",2020-01-14,CGM,720,12:00,2020-01-14 12:00,75,,,,,,,,,,,1,CGM,2020-01-14 12:04,144
1,"Tue, Jan 14",2020-01-14,CGM,725,12:05,2020-01-14 12:05,90,,,,,,,,,,,1,CGM,2020-01-14 12:09,145
1,"Tue, Jan 14",2020-01-14,CGM,730,12:10,2020-01-14 12:10,89,,,,,,,,,,,1,CGM,2020-01-14 12:14,146
1,"Tue, Jan 14",2020-01-14,CGM,735,12:15,2020-01-14 12:15,77,,,,,,,,,,,1,CGM,2020-01-14 12:19,147
1,"Tue, Jan 14",2020-01-14,CGM,740,12:20,2020-01-14 12:20,66,,,,,,,,,,,1,CGM,2020-01-14 12:24,148
1,"Tue, Jan 14",2020-01-14,CGM,745,12:25,2020-01-14 12:25,56,,,,,,,,,,,1,CGM,2020-01-14 12:29,149
1,"Tue, Jan 14",2020-01-14,CGM,750,12:30,2020-01-14 12:30,52,,,,,,,,,,,1,CGM,2020-01-14 12:34,150
1,"Tue, Jan 14",2020-01-14,CGM,755,12:35,2020-01-14 12:35,54,,,,,,,,,,,1,CGM,2020-01-14 12:39,151
1,"Tue, Jan 14",2020-01-14,CGM,760,12:40,2020-01-14 12:40,61,,,,,,,,,,,1,CGM,2020-01-14 12:44,152
1,"Tue, Jan 14",2020-01-14,CGM,765,12:45,2020-01-14 12:45,72,,,,,,,,,,,1,CGM,2020-01-14 12:49,153
1,"Tue, Jan 14",2020-01-14,CGM,770,12:50,2020-01-14 12:50,92,,,,,,,,,,,1,CGM,2020-01-14 12:54,154
1,"Tue, Jan 14",2020-01-14,CGM,775,12:55,2020-01-14 12:55,100,,,,,,,,,,,1,CGM,2020-01-14 12:59,155
1,"Tue, Jan 14",2020-01-14,CGM,780,13:00,2020-01-14 13:00,107,,,,,,,,,,,1,CGM,2020-01-14 13:04,156
1,"Tue, Jan 14",2020-01-14,CGM,785,13:05,2020-01-14 13:05,108,,,,,,,,,,,1,CGM,2020-01-14 13:09,157
1,"Tue, Jan 14",2020-01-14,CGM,790,13:10,2020-01-14 13:10,110,,,,,,,,,,,1,CGM,2020-01-14 13:14,158
1,"Tue, Jan 14",2020-01-14,CGM,795,13:15,2020-01-14 13:15,102,,,,,,,,,,,1,CGM,2020-01-14 13:19,159
1,"Tue, Jan 14",2020-01-14,CGM,800,13:20,2020-01-14 13:20,94,,,,,,,,,,,1,CGM,2020-01-14 13:24,160
1,"Tue, Jan 14",2020-01-14,CGM,805,13:25,2020-01-14 13:25,84,,,,,,,,,,,1,CGM,2020-01-14 13:29,161
1,"Tue, Jan 14",2020-01-14,CGM,810,13:30,2020-01-14 13:30,78,,,,,,,,,,,1,CGM,2020-01-14 13:34,162
1,"Tue, Jan 14",2020-01-14,CGM,815,13:35,2020-01-14 13:35,76,,,,,,,,,,,1,CGM,2020-01-14 13:39,163
1,"Tue, Jan 14",2020-01-14,CGM,820,13:40,2020-01-14 13:40,72,,,,,,,,,,,1,CGM,2020-01-14 13:44,164
1,"Tue, Jan 14",2020-01-14,CGM,825,13:45,2020-01-14 13:45,69,,,,,,,,,,,1,CGM,2020-01-14 13:49,165
1,"Tue, Jan 14",2020-01-14,CGM,830,13:50,2020-01-14 13:50,67,,,,,,,,,,,1,CGM,2020-01-14 13:54,166
1,"Tue, Jan 14",2020-01-14,CGM,835,13:55,2020-01-14 13:55,67,,,,,,,,,,,1,CGM,2020-01-14 13:59,167
1,"Tue, Jan 14",2020-01-14,CGM,840,14:00,2020-01-14 14:00,71,,,,,,,,,,,1,CGM,2020-01-14 14:04,168
1,"Tue, Jan 14",2020-01-14,CGM,845,14:05,2020-01-14 14:05,71,,,,,,,,,,,1,CGM,2020-01-14 14:09,169
1,"Tue, Jan 14",2020-01-14,CGM,850,14:10,2020-01-14 14:10,67,,,,,,,,,,,1,CGM,2020-01-14 14:14,170
1,"Tue, Jan 14",2020-01-14,CGM,855,14:15,2020-01-14 14:15,68,,,,,,,,,,,1,CGM,2020-01-14 14:19,171
1,"Tue, Jan 14",2020-01-14,CGM,860,14:20,2020-01-14 14:20,71,,,,,,,,,,,1,CGM,2020-01-14 14:24,172
1,"Tue, Jan 14",2020-01-14,CGM,865,14:25,2020-01-14 14:25,72,,,,,,,,,,,1,CGM,2020-01-14 14:29,173
1,"Tue, Jan 14",2020-01-14,CGM,870,14:30,2020-01-14 14:30,71,,,,,,,,,,,1,CGM,2020-01-14 14:34,174
1,"Tue, Jan 14",2020-01-14,CGM,875,14:35,2020-01-14 14:35,71,,,,,,,,,,,1,CGM,2020-01-14 14:39,175
1,"Tue, Jan 14",2020-01-14,CGM,880,14:40,2020-01-14 14:40,70,,,,,,,,,,,1,CGM,2020-01-14 14:44,176
1,"Tue, Jan 14",2020-01-14,CGM,885,14:45,2020-01-14 14:45,74,,,,,,,,,,,1,CGM,2020-01-14 14:49,177
1,"Tue, Jan 14",2020-01-14,CGM,890,14:50,2020-01-14 14:50,77,,,,,,,,,,,1,CGM,2020-01-14 14:54,178
1,"Tue, Jan 14",2020-01-14,CGM,895,14:55,2020-01-14 14:55,78,,,,,,,,,,,1,CGM,2020-01-14 14:59,179
1,"Tue, Jan 14",2020-01-14,CGM,900,15:00,2020-01-14 15:00,80,,,,,,,,,,,1,CGM,2020-01-14 15:04,180
1,"Tue, Jan 14",2020-01-14,CGM,905,15:05,2020-01-14 15:05,75,,,,,,,,,,,1,CGM,2020-01-14 15:09,181
1,"Tue, Jan 14",2020-01-14,CGM,910,15:10,2020-01-14 15:10,78,,,,,,,,,,,1,CGM,2020-01-14 15:14,182
1,"Tue, Jan 14",2020-01-14,CGM,915,15:15,2020-01-14 15:15,76,,,,,,,,,,,1,CGM,2020-01-14 15:19,183
1,"Tue, Jan 14",2020-01-14,CGM,920,15:20,2020-01-14 15:20,78,,,,,,,,,,,1,CGM,2020-01-14 15:24,184
1,"Tue, Jan 14",2020-01-14,CGM,925,15:25,2020-01-14 15:25,76,,,,,,,,,,,1,CGM,2020-01-14 15:29,185
1,"Tue, Jan 14",2020-01-14,CGM,930,15:30,2020-01-14 15:30,80,,,,,,,,,,,1,CGM,2020-01-14 15:34,186
1,"Tue, Jan 14",2020-01-14,CGM,935,15:35,2020-01-14 15:35,78,,,,,,,,,,,1,CGM,2020-01-14 15:39,187
1,"Tue, Jan 14",2020-01-14,CGM,940,15:40,2020-01-14 15:40,74,,,,,,,,,,,1,CGM,2020-01-14 15:44,188
1,"Tue, Jan 14",2020-01-14,CGM,945,15:45,2020-01-14 15:45,74,,,,,,,,,,,1,CGM,2020-01-14 15:49,189
1,"Tue, Jan 14",2020-01-14,CGM,950,15:50,2020-01-14 15:50,78,,,,,,,,,,,1,CGM,2020-01-14 15:54,190
1,"Tue, Jan 14",2020-01-14,CGM,955,15:55,2020-01-14 15:55,88,,,,,,,,,,,1,CGM,2020-01-14 15:59,191
1,"Tue, Jan 14",2020-01-14,CGM,960,16:00,2020-01-14 16:00,85,,,,,,,,,,,1,CGM,2020-01-14 16:04,192
1,"Tue, Jan 14",2020-01-14,CGM,965,16:05,2020-01-14 16:05,93,,,,,,,,,,,1,CGM,2020-01-14 16:09,193
1,"Tue, Jan 14",2020-01-14,CGM,970,16:10,2020-01-14 16:10,94,,,,,,,,,,,1,CGM,2020-01-14 16:14,194
1,"Tue, Jan 14",2020-01-14,CGM,975,16:15,2020-01-14 16:15,97,,,,,,,,,,,1,CGM,2020-01-14 16:19,195
1,"Tue, Jan 14",2020-01-14,CGM,980,16:20,2020-01-14 16:20,108,,,,,,,,,,,1,CGM,2020-01-14 16:24,196
1,"Tue, Jan 14",2020-01-14,CGM,985,16:25,2020-01-14 16:25,127,,,,,,,,,,,1,CGM,2020-01-14 16:29,197
1,"Tue, Jan 14",2020-01-14,CGM,990,16:30,2020-01-14 16:30,124,,,,,,,,,,,1,CGM,2020-01-14 16:34,198
1,"Tue, Jan 14",2020-01-14,CGM,995,16:35,2020-01-14 16:35,138,,,,,,,,,,,1,CGM,2020-01-14 16:39,199
1,"Tue, Jan 14",2020-01-14,CGM,1000,16:40,2020-01-14 16:40,155,,,,,,,,,,,1,CGM,2020-01-14 16:44,200
1,"Tue, Jan 14",2020-01-14,CGM,1005,16:45,2020-01-14 16:45,161,,,,,,,,,,,1,CGM,2020-01-14 16:49,201
1,"Tue, Jan 14",2020-01-14,CGM,1010,16:50,2020-01-14 16:50,152,,,,,,,,,,,1,CGM,2020-01-14 16:54,202
1,"Tue, Jan 14",2020-01-14,CGM,1015,16:55,2020-01-14 16:55,119,,,,,,,,,,,1,CGM,2020-01-14 16:59,203
1,"Tue, Jan 14",2020-01-14,CGM,1020,17:00,2020-01-14 17:00,110,,,,,,,,,,,1,CGM,2020-01-14 17:04,204
1,"Tue, Jan 14",2020-01-14,CGM,1025,17:05,2020-01-14 17:05,113,,,,,,,,,,,1,CGM,2020-01-14 17:09,205
1,"Tue, Jan 14",2020-01-14,CGM,1030,17:10,2020-01-14 17:10,115,,,,,,,,,,,1,CGM,2020-01-14 17:14,206
1,"Tue, Jan 14",2020-01-14,CGM,1035,17:15,2020-01-14 17:15,117,,,,,,,,,,,1,CGM,2020-01-14 17:19,207
1,"Tue, Jan 14",2020-01-14,CGM,1040,17:20,2020-01-14 17:20,122,,,,,,,,,,,1,CGM,2020-01-14 17:24,208
1,"Tue, Jan 14",2020-01-14,CGM,1045,17:25,2020-01-14 17:25,126,,,,,,,,,,,1,CGM,2020-01-14 17:29,209
1,"Tue, Jan 14",2020-01-14,CGM,1050,17:30,2020-01-14 17:30,132,,,,,,,,,,,1,CGM,2020-01-14 17:34,210
1,"Tue, Jan 14",2020-01-14,CGM,1055,17:35,2020-01-14 17:35,135,,,,,,,,,,,1,CGM,2020-01-14 17:39,211
1,"Tue, Jan 14",2020-01-14,CGM,1060,17:40,2020-01-14 17:40,137,,,,,,,,,,,1,CGM,2020-01-14 17:44,212
1,"Tue, Jan 14",2020-01-14,CGM,1065,17:45,2020-01-14 17:45,146,,,,,,,,,,,1,CGM,2020-01-14 17:49,213
1,"Tue, Jan 14",2020-01-14,CGM,1070,17:50,2020-01-14 17:50,148,,,,,,,,,,,1,CGM,2020-01-14 17:54,214
1,"Tue, Jan 14",2020-01-14,CGM,1075,17:55,2020-01-14 17:55,150,,,,,,,,,,,1,CGM,2020-01-14 17:59,215
1,"Tue, Jan 14",2020-01-14,CGM,1080,18:00,2020-01-14 18:00,155,,,,,,,,,,,1,CGM,2020-01-14 18:04,216
1,"Tue, Jan 14",2020-01-14,CGM,1085,18:05,2020-01-14 18:05,161,,,,,,,,,,,1,CGM,2020-01-14 18:09,217
1,"Tue, Jan 14",2020-01-14,CGM,1090,18:10,2020-01-14 18:10,169,,,,,,,,,,,1,CGM,2020-01-14 18:14,218
1,"Tue, Jan 14",2020-01-14,CGM,1095,18:15,2020-01-14 18:15,175,,,,,,,,,,,1,CGM,2020-01-14 18:19,219
1,"Tue, Jan 14",2020-01-14,CGM,1100,18:20,2020-01-14 18:20,177,,,,,,,,,,,1,CGM,2020-01-14 18:24,220
1,"Tue, Jan 14",2020-01-14,CGM,1105,18:25,2020-01-14 18:25,180,,,,,,,,,,,1,CGM,2020-01-14 18:29,221
1,"Tue, Jan 14",2020-01-14,CGM,1110,18:30,2020-01-14 18:30,185,,,,,,,,,,,1,CGM,2020-01-14 18:34,222
1,"Tue, Jan 14",2020-01-14,CGM,1115,18:35,2020-01-14 18:35,196,,,,,,,,,,,1,CGM,2020-01-14 18:39,223
1,"Tue, Jan 14",2020-01-14,CGM,1120,18:40,2020-01-14 18:40,196,,,,,,,,,,,1,CGM,2020-01-14 18:44,224
1,"Tue, Jan 14",2020-01-14,CGM,1125,18:45,2020-01-14 18:45,198,,,,,,,,,,,1,CGM,2020-01-14 18:49,225
1,"Tue, Jan 14",2020-01-14,CGM,1130,18:50,2020-01-14 18:50,202,,,,,,,,,,,1,CGM,2020-01-14 18:54,226
1,"Tue, Jan 14",2020-01-14,CGM,1135,18:55,2020-01-14 18:55,205,,,,,,,,,,,1,CGM,2020-01-14 18:59,227
1,"Tue, Jan 14",2020-01-14,CGM,1140,19:00,2020-01-14 19:00,209,,,,,,,,,,,1,CGM,2020-01-14 19:04,228
1,"Tue, Jan 14",2020-01-14,CGM,1145,19:05,2020-01-14 19:05,215,,,,,,,,,,,1,CGM,2020-01-14 19:09,229
1,"Tue, Jan 14",2020-01-14,CGM,1150,19:10,2020-01-14 19:10,218,,,,,,,,,,,1,CGM,2020-01-14 19:14,230
1,"Tue, Jan 14",2020-01-14,CGM,1155,19:15,2020-01-14 19:15,220,,,,,,,,,,,1,CGM,2020-01-14 19:19,231
1,"Tue, Jan 14",2020-01-14,CGM,1160,19:20,2020-01-14 19:20,222,,,,,,,,,,,1,CGM,2020-01-14 19:24,232
1,"Tue, Jan 14",2020-01-14,CGM,1165,19:25,2020-01-14 19:25,222,,,,,,,,,,,1,CGM,2020-01-14 19:29,233
1,"Tue, Jan 14",2020-01-14,CGM,1170,19:30,2020-01-14 19:30,217,,,,,,,,,,,1,CGM,2020-01-14 19:34,234
1,"Tue, Jan 14",2020-01-14,CGM,1175,19:35,2020-01-14 19:35,219,,,,,,,,,,,1,CGM,2020-01-14 19:39,235
1,"Tue, Jan 14",2020-01-14,CGM,1180,19:40,2020-01-14 19:40,219,,,,,,,,,,,1,CGM,2020-01-14 19:44,236
1,"Tue, Jan 14",2020-01-14,CGM,1185,19:45,2020-01-14 19:45,221,,,,,,,,,,,1,CGM,2020-01-14 19:49,237
1,"Tue, Jan 14",2020-01-14,CGM,1190,19:50,2020-01-14 19:50,220,,,,,,,,,,,1,CGM,2020-01-14 19:54,238
1,"Tue, Jan 14",2020-01-14,CGM,1195,19:55,2020-01-14 19:55,221,,,,,,,,,,,1,CGM,2020-01-14 19:59,239
1,"Tue, Jan 14",2020-01-14,CGM,1200,20:00,2020-01-14 20:00,221,,,,,,,,,,,1,CGM,2020-01-14 20:04,240
1,"Tue, Jan 14",2020-01-14,CGM,1205,20:05,2020-01-14 20:05,217,,,,,,,,,,,1,CGM,2020-01-14 20:09,241
1,"Tue, Jan 14",2020-01-14,CGM,1210,20:10,2020-01-14 20:10,210,,,,,,,,,,,1,CGM,2020-01-14 20:14,242
1,"Tue, Jan 14",2020-01-14,CGM,1215,20:15,2020-01-14 20:15,190,,,,,,,,,,,1,CGM,2020-01-14 20:19,243
1,"Tue, Jan 14",2020-01-14,CGM,1220,20:20,2020-01-14 20:20,184,,,,,,,,,,,1,CGM,2020-01-14 20:24,244
1,"Tue, Jan 14",2020-01-14,CGM,1225,20:25,2020-01-14 20:25,183,,,,,,,,,,,1,CGM,2020-01-14 20:29,245
1,"Tue, Jan 14",2020-01-14,CGM,1230,20:30,2020-01-14 20:30,178,,,,,,,,,,,1,CGM,2020-01-14 20:34,246
1,"Tue, Jan 14",2020-01-14,CGM,1235,20:35,2020-01-14 20:35,179,,,,,,,,,,,1,CGM,2020-01-14 20:39,247
1,"Tue, Jan 14",2020-01-14,CGM,1240,20:40,2020-01-14 20:40,194,,,,,,,,,,,1,CGM,2020-01-14 20:44,248
1,"Tue, Jan 14",2020-01-14,CGM,1245,20:45,2020-01-14 20:45,205,,,,,,,,,,,1,CGM,2020-01-14 20:49,249
1,"Tue, Jan 14",2020-01-14,CGM,1250,20:50,2020-01-14 20:50,210,,,,,,,,,,,1,CGM,2020-01-14 20:54,250
1,"Tue, Jan 14",2020-01-14,CGM,1255,20:55,2020-01-14 20:55,206,,,,,,,,,,,1,CGM,2020-01-14 20:59,251
1,"Tue, Jan 14",2020-01-14,CGM,1260,21:00,2020-01-14 21:00,203,,,,,,,,,,,1,CGM,2020-01-14 21:04,252
1,"Tue, Jan 14",2020-01-14,CGM,1265,21:05,2020-01-14 21:05,201,,,,,,,,,,,1,CGM,2020-01-14 21:09,253
1,"Tue, Jan 14",2020-01-14,CGM,1270,21:10,2020-01-14 21:10,201,,,,,,,,,,,1,CGM,2020-01-14 21:14,254
1,"Tue, Jan 14",2020-01-14,CGM,1275,21:15,2020-01-14 21:15,207,,,,,,,,,,,1,CGM,2020-01-14 21:19,255
1,"Tue, Jan 14",2020-01-14,CGM,1280,21:20,2020-01-14 21:20,216,,,,,,,,,,,1,CGM,2020-01-14 21:24,256
1,"Tue, Jan 14",2020-01-14,CGM,1285,21:25,2020-01-14 21:25,222,,,,,,,,,,,1,CGM,2020-01-14 21:29,257
1,"Tue, Jan 14",2020-01-14,CGM,1290,21:30,2020-01-14 21:30,214,,,,,,,,,,,1,CGM,2020-01-14 21:34,258
1,"Tue, Jan 14",2020-01-14,CGM,1295,21:35,2020-01-14 21:35,216,,,,,,,,,,,1,CGM,2020-01-14 21:39,259
1,"Tue, Jan 14",2020-01-14,CGM,1300,21:40,2020-01-14 21:40,221,,,,,,,,,,,1,CGM,2020-01-14 21:44,260
1,"Tue, Jan 14",2020-01-14,CGM,1305,21:45,2020-01-14 21:45,218,,,,,,,,,,,1,CGM,2020-01-14 21:49,261
1,"Tue, Jan 14",2020-01-14,CGM,1310,21:50,2020-01-14 21:50,215,,,,,,,,,,,1,CGM,2020-01-14 21:54,262
1,"Tue, Jan 14",2020-01-14,CGM,1315,21:55,2020-01-14 21:55,208,,,,,,,,,,,1,CGM,2020-01-14 21:59,263
1,"Tue, Jan 14",2020-01-14,CGM,1320,22:00,2020-01-14 22:00,209,,,,,,,,,,,1,CGM,2020-01-14 22:04,264
1,"Tue, Jan 14",2020-01-14,CGM,1325,22:05,2020-01-14 22:05,209,,,,,,,,,,,1,CGM,2020-01-14 22:09,265
1,"Tue, Jan 14",2020-01-14,CGM,1330,22:10,2020-01-14 22:10,207,,,,,,,,,,,1,CGM,2020-01-14 22:14,266
1,"Tue, Jan 14",2020-01-14,CGM,1335,22:15,2020-01-14 22:15,211,,,,,,,,,,,1,CGM,2020-01-14 22:19,267
1,"Tue, Jan 14",2020-01-14,CGM,1340,22:20,2020-01-14 22:20,214,,,,,,,,,,,1,CGM,2020-01-14 22:24,268
1,"Tue, Jan 14",2020-01-14,CGM,1345,22:25,2020-01-14 22:25,218,,,,,,,,,,,1,CGM,2020-01-14 22:29,269
1,"Tue, Jan 14",2020-01-14,CGM,1350,22:30,2020-01-14 22:30,215,,,,,,,,,,,1,CGM,2020-01-14 22:34,270
1,"Tue, Jan 14",2020-01-14,CGM,1355,22:35,2020-01-14 22:35,215,,,,,,,,,,,1,CGM,2020-01-14 22:39,271
1,"Tue, Jan 14",2020-01-14,CGM,1360,22:40,2020-01-14 22:40,206,,,,,,,,,,,1,CGM,2020-01-14 22:44,272
1,"Tue, Jan 14",2020-01-14,CGM,1365,22:45,2020-01-14 22:45,199,,,,,,,,,,,1,CGM,2020-01-14 22:49,273
1,"Tue, Jan 14",2020-01-14,CGM,1370,22:50,2020-01-14 22:50,194,,,,,,,,,,,1,CGM,2020-01-14 22:54,274
1,"Tue, Jan 14",2020-01-14,CGM,1375,22:55,2020-01-14 22:55,192,,,,,,,,,,,1,CGM,2020-01-14 22:59,275
1,"Tue, Jan 14",2020-01-14,CGM,1380,23:00,2020-01-14 23:00,189,,,,,,,,,,,1,CGM,2020-01-14 23:04,276
1,"Tue, Jan 14",2020-01-14,CGM,1385,23:05,2020-01-14 23:05,186,,,,,,,,,,,1,CGM,2020-01-14 23:09,277
1,"Tue, Jan 14",2020-01-14,CGM,1390,23:10,2020-01-14 23:10,171,,,,,,,,,,,1,CGM,2020-01-14 23:14,278
1,"Tue, Jan 14",2020-01-14,CGM,1395,23:15,2020-01-14 23:15,167,,,,,,,,,,,1,CGM,2020-01-14 23:19,279
1,"Tue, Jan 14",2020-01-14,CGM,1400,23:20,2020-01-14 23:20,164,,,,,,,,,,,1,CGM,2020-01-14 23:24,280
1,"Tue, Jan 14",2020-01-14,CGM,1405,23:25,2020-01-14 23:25,158,,,,,,,,,,,1,CGM,2020-01-14 23:29,281
1,"Tue, Jan 14",2020-01-14,CGM,1410,23:30,2020-01-14 23:30,149,,,,,,,,,,,1,CGM,2020-01-14 23:34,282
1,"Tue, Jan 14",2020-01-14,CGM,1415,23:35,2020-01-14 23:35,146,,,,,,,,,,,1,CGM,2020-01-14 23:39,283
1,"Tue, Jan 14",2020-01-14,CGM,1420,23:40,2020-01-14 23:40,138,,,,,,,,,,,1,CGM,2020-01-14 23:44,284
1,"Tue, Jan 14",2020-01-14,CGM,1425,23:45,2020-01-14 23:45,128,,,,,,,,,,,1,CGM,2020-01-14 23:49,285
1,"Tue, Jan 14",2020-01-14,CGM,1430,23:50,2020-01-14 23:50,120,,,,,,,,,,,1,CGM,2020-01-14 23:54,286
1,"Tue, Jan 14",2020-01-14,CGM,1435,23:55,2020-01-14 23:55,97,,,,,,,,,,,1,CGM,2020-01-14 23:59,287
1,"Tue, Jan 14",2020-01-14,Insulin,0,00:00,2020-01-14 00:00,0,,,,,,,,,,,2,Insulin,2020-01-14 00:04,0
1,"Tue, Jan 14",2020-01-14,Insulin,5,00:05,2020-01-14 00:05,0.071,,,,,,,,,,,2,Insulin,2020-01-14 00:09,1
1,"Tue, Jan 14",2020-01-14,Insulin,10,00:10,2020-01-14 00:10,0,,,,,,,,,,,2,Insulin,2020-01-14 00:14,2
1,"Tue, Jan 14",2020-01-14,Insulin,15,00:15,2020-01-14 00:15,0.066,,,,,,,,,,,2,Insulin,2020-01-14 00:19,3
1,"Tue, Jan 14",2020-01-14,Insulin,20,00:20,2020-01-14 00:20,0,,,,,,,,,,,2,Insulin,2020-01-14 00:24,4
1,"Tue, Jan 14",2020-01-14,Insulin,25,00:25,2020-01-14 00:25,0,,,,,,,,,,,2,Insulin,2020-01-14 00:29,5
1,"Tue, Jan 14",2020-01-14,Insulin,30,00:30,2020-01-14 00:30,0.051,,,,,,,,,,,2,Insulin,2020-01-14 00:34,6
1,"Tue, Jan 14",2020-01-14,Insulin,35,00:35,2020-01-14 00:35,0.053,,,,,,,,,,,2,Insulin,2020-01-14 00:39,7
1,"Tue, Jan 14",2020-01-14,Insulin,40,00:40,2020-01-14 00:40,0.064,,,,,,,,,,,2,Insulin,2020-01-14 00:43,8
1,"Tue, Jan 14",2020-01-14,Insulin,45,00:45,2020-01-14 00:45,2.7,,,,,,,,,,,2,Insulin,2020-01-14 00:49,9
1,"Tue, Jan 14",2020-01-14,Insulin,50,00:50,2020-01-14 00:50,0,,,,,,,,,,,2,Insulin,2020-01-14 00:54,10
1,"Tue, Jan 14",2020-01-14,Insulin,55,00:55,2020-01-14 00:55,0.051,,,,,,,,,,,2,Insulin,2020-01-14 00:59,11
1,"Tue, Jan 14",2020-01-14,Insulin,60,01:00,2020-01-14 01:00,0.056,,,,,,,,,,,2,Insulin,2020-01-14 01:04,12
1,"Tue, Jan 14",2020-01-14,Insulin,65,01:05,2020-01-14 01:05,0.051,,,,,,,,,,,2,Insulin,2020-01-14 01:09,13
1,"Tue, Jan 14",2020-01-14,Insulin,70,01:10,2020-01-14 01:10,0.053,,,,,,,,,,,2,Insulin,2020-01-14 01:14,14
1,"Tue, Jan 14",2020-01-14,Insulin,75,01:15,2020-01-14 01:15,0.046,,,,,,,,,,,2,Insulin,2020-01-14 01:19,15
1,"Tue, Jan 14",2020-01-14,Insulin,80,01:20,2020-01-14 01:20,0,,,,,,,,,,,2,Insulin,2020-01-14 01:24,16
1,"Tue, Jan 14",2020-01-14,Insulin,85,01:25,2020-01-14 01:25,0,,,,,,,,,,,2,Insulin,2020-01-14 01:29,17
1,"Tue, Jan 14",2020-01-14,Insulin,90,01:30,2020-01-14 01:30,0,,,,,,,,,,,2,Insulin,2020-01-14 01:34,18
1,"Tue, Jan 14",2020-01-14,Insulin,95,01:35,2020-01-14 01:35,0,,,,,,,,,,,2,Insulin,2020-01-14 01:39,19
1,"Tue, Jan 14",2020-01-14,Insulin,100,01:40,2020-01-14 01:40,0,,,,,,,,,,,2,Insulin,2020-01-14 01:44,20
1,"Tue, Jan 14",2020-01-14,Insulin,105,01:45,2020-01-14 01:45,0,,,,,,,,,,,2,Insulin,2020-01-14 01:49,21
1,"Tue, Jan 14",2020-01-14,Insulin,110,01:50,2020-01-14 01:50,0,,,,,,,,,,,2,Insulin,2020-01-14 01:54,22
1,"Tue, Jan 14",2020-01-14,Insulin,115,01:55,2020-01-14 01:55,0,,,,,,,,,,,2,Insulin,2020-01-14 01:59,23
1,"Tue, Jan 14",2020-01-14,Insulin,120,02:00,2020-01-14 02:00,0,,,,,,,,,,,2,Insulin,2020-01-14 02:04,24
1,"Tue, Jan 14",2020-01-14,Insulin,125,02:05,2020-01-14 02:05,0,,,,,,,,,,,2,Insulin,2020-01-14 02:09,25
1,"Tue, Jan 14",2020-01-14,Insulin,130,02:10,2020-01-14 02:10,0,,,,,,,,,,,2,Insulin,2020-01-14 02:14,26
1,"Tue, Jan 14",2020-01-14,Insulin,135,02:15,2020-01-14 02:15,0,,,,,,,,,,,2,Insulin,2020-01-14 02:19,27
1,"Tue, Jan 14",2020-01-14,Insulin,140,02:20,2020-01-14 02:20,0,,,,,,,,,,,2,Insulin,2020-01-14 02:24,28
1,"Tue, Jan 14",2020-01-14,Insulin,145,02:25,2020-01-14 02:25,0,,,,,,,,,,,2,Insulin,2020-01-14 02:29,29
1,"Tue, Jan 14",2020-01-14,Insulin,150,02:30,2020-01-14 02:30,0,,,,,,,,,,,2,Insulin,2020-01-14 02:34,30
1,"Tue, Jan 14",2020-01-14,Insulin,155,02:35,2020-01-14 02:35,0,,,,,,,,,,,2,Insulin,2020-01-14 02:39,31
1,"Tue, Jan 14",2020-01-14,Insulin,160,02:40,2020-01-14 02:40,0,,,,,,,,,,,2,Insulin,2020-01-14 02:44,32
1,"Tue, Jan 14",2020-01-14,Insulin,165,02:45,2020-01-14 02:45,0,,,,,,,,,,,2,Insulin,2020-01-14 02:49,33
1,"Tue, Jan 14",2020-01-14,Insulin,170,02:50,2020-01-14 02:50,0.046,,,,,,,,,,,2,Insulin,2020-01-14 02:54,34
1,"Tue, Jan 14",2020-01-14,Insulin,175,02:55,2020-01-14 02:55,0,,,,,,,,,,,2,Insulin,2020-01-14 02:59,35
1,"Tue, Jan 14",2020-01-14,Insulin,180,03:00,2020-01-14 03:00,0.051,,,,,,,,,,,2,Insulin,2020-01-14 03:04,36
1,"Tue, Jan 14",2020-01-14,Insulin,185,03:05,2020-01-14 03:05,0,,,,,,,,,,,2,Insulin,2020-01-14 03:09,37
1,"Tue, Jan 14",2020-01-14,Insulin,190,03:10,2020-01-14 03:10,0.072,,,,,,,,,,,2,Insulin,2020-01-14 03:14,38
1,"Tue, Jan 14",2020-01-14,Insulin,195,03:15,2020-01-14 03:15,0.313,,,,,,,,,,,2,Insulin,2020-01-14 03:19,39
1,"Tue, Jan 14",2020-01-14,Insulin,200,03:20,2020-01-14 03:20,0.587,,,,,,,,,,,2,Insulin,2020-01-14 03:24,40
1,"Tue, Jan 14",2020-01-14,Insulin,205,03:25,2020-01-14 03:25,0.189,,,,,,,,,,,2,Insulin,2020-01-14 03:29,41
1,"Tue, Jan 14",2020-01-14,Insulin,210,03:30,2020-01-14 03:30,0.371,,,,,,,,,,,2,Insulin,2020-01-14 03:34,42
1,"Tue, Jan 14",2020-01-14,Insulin,215,03:35,2020-01-14 03:35,0.882,,,,,,,,,,,2,Insulin,2020-01-14 03:39,43
1,"Tue, Jan 14",2020-01-14,Insulin,220,03:40,2020-01-14 03:40,0.986,,,,,,,,,,,2,Insulin,2020-01-14 03:44,44
1,"Tue, Jan 14",2020-01-14,Insulin,225,03:45,2020-01-14 03:45,0.597,,,,,,,,,,,2,Insulin,2020-01-14 03:49,45
1,"Tue, Jan 14",2020-01-14,Insulin,230,03:50,2020-01-14 03:50,0.422,,,,,,,,,,,2,Insulin,2020-01-14 03:54,46
1,"Tue, Jan 14",2020-01-14,Insulin,235,03:55,2020-01-14 03:55,0.053,,,,,,,,,,,2,Insulin,2020-01-14 03:59,47
1,"Tue, Jan 14",2020-01-14,Insulin,240,04:00,2020-01-14 04:00,0.632,,,,,,,,,,,2,Insulin,2020-01-14 04:04,48
1,"Tue, Jan 14",2020-01-14,Insulin,245,04:05,2020-01-14 04:05,0.057,,,,,,,,,,,2,Insulin,2020-01-14 04:09,49
1,"Tue, Jan 14",2020-01-14,Insulin,250,04:10,2020-01-14 04:10,0.066,,,,,,,,,,,2,Insulin,2020-01-14 04:14,50
1,"Tue, Jan 14",2020-01-14,Insulin,255,04:15,2020-01-14 04:15,0,,,,,,,,,,,2,Insulin,2020-01-14 04:19,51
1,"Tue, Jan 14",2020-01-14,Insulin,260,04:20,2020-01-14 04:20,0.087,,,,,,,,,,,2,Insulin,2020-01-14 04:24,52
1,"Tue, Jan 14",2020-01-14,Insulin,265,04:25,2020-01-14 04:25,0.244,,,,,,,,,,,2,Insulin,2020-01-14 04:29,53
1,"Tue, Jan 14",2020-01-14,Insulin,270,04:30,2020-01-14 04:30,0.353,,,,,,,,,,,2,Insulin,2020-01-14 04:34,54
1,"Tue, Jan 14",2020-01-14,Insulin,275,04:35,2020-01-14 04:35,0.347,,,,,,,,,,,2,Insulin,2020-01-14 04:39,55
1,"Tue, Jan 14",2020-01-14,Insulin,280,04:40,2020-01-14 04:40,0.387,,,,,,,,,,,2,Insulin,2020-01-14 04:44,56
1,"Tue, Jan 14",2020-01-14,Insulin,285,04:45,2020-01-14 04:45,0.376,,,,,,,,,,,2,Insulin,2020-01-14 04:49,57
1,"Tue, Jan 14",2020-01-14,Insulin,290,04:50,2020-01-14 04:50,0,,,,,,,,,,,2,Insulin,2020-01-14 04:54,58
1,"Tue, Jan 14",2020-01-14,Insulin,295,04:55,2020-01-14 04:55,0,,,,,,,,,,,2,Insulin,2020-01-14 04:59,59
1,"Tue, Jan 14",2020-01-14,Insulin,300,05:00,2020-01-14 05:00,0,,,,,,,,,,,2,Insulin,2020-01-14 05:04,60
1,"Tue, Jan 14",2020-01-14,Insulin,305,05:05,2020-01-14 05:05,0.097,,,,,,,,,,,2,Insulin,2020-01-14 05:09,61
1,"Tue, Jan 14",2020-01-14,Insulin,310,05:10,2020-01-14 05:10,0.117,,,,,,,,,,,2,Insulin,2020-01-14 05:14,62
1,"Tue, Jan 14",2020-01-14,Insulin,315,05:15,2020-01-14 05:15,0.046,,,,,,,,,,,2,Insulin,2020-01-14 05:19,63
1,"Tue, Jan 14",2020-01-14,Insulin,320,05:20,2020-01-14 05:20,0,,,,,,,,,,,2,Insulin,2020-01-14 05:24,64
1,"Tue, Jan 14",2020-01-14,Insulin,325,05:25,2020-01-14 05:25,0,,,,,,,,,,,2,Insulin,2020-01-14 05:29,65
1,"Tue, Jan 14",2020-01-14,Insulin,330,05:30,2020-01-14 05:30,1,,,,,,,,,,,2,Insulin,2020-01-14 05:34,66
1,"Tue, Jan 14",2020-01-14,Insulin,335,05:35,2020-01-14 05:35,1.267,,,,,,,,,,,2,Insulin,2020-01-14 05:39,67
1,"Tue, Jan 14",2020-01-14,Insulin,340,05:40,2020-01-14 05:40,0,,,,,,,,,,,2,Insulin,2020-01-14 05:44,68
1,"Tue, Jan 14",2020-01-14,Insulin,345,05:45,2020-01-14 05:45,0.183,,,,,,,,,,,2,Insulin,2020-01-14 05:49,69
1,"Tue, Jan 14",2020-01-14,Insulin,350,05:50,2020-01-14 05:50,0.581,,,,,,,,,,,2,Insulin,2020-01-14 05:54,70
1,"Tue, Jan 14",2020-01-14,Insulin,355,05:55,2020-01-14 05:55,0.419,,,,,,,,,,,2,Insulin,2020-01-14 05:59,71
1,"Tue, Jan 14",2020-01-14,Insulin,360,06:00,2020-01-14 06:00,0.061,,,,,,,,,,,2,Insulin,2020-01-14 06:04,72
1,"Tue, Jan 14",2020-01-14,Insulin,365,06:05,2020-01-14 06:05,0,,,,,,,,,,,2,Insulin,2020-01-14 06:09,73
1,"Tue, Jan 14",2020-01-14,Insulin,370,06:10,2020-01-14 06:10,0,,,,,,,,,,,2,Insulin,2020-01-14 06:14,74
1,"Tue, Jan 14",2020-01-14,Insulin,375,06:15,2020-01-14 06:15,0.209,,,,,,,,,,,2,Insulin,2020-01-14 06:19,75
1,"Tue, Jan 14",2020-01-14,Insulin,380,06:20,2020-01-14 06:20,0.173,,,,,,,,,,,2,Insulin,2020-01-14 06:24,76
1,"Tue, Jan 14",2020-01-14,Insulin,385,06:25,2020-01-14 06:25,0,,,,,,,,,,,2,Insulin,2020-01-14 06:29,77
1,"Tue, Jan 14",2020-01-14,Insulin,390,06:30,2020-01-14 06:30,0,,,,,,,,,,,2,Insulin,2020-01-14 06:34,78
1,"Tue, Jan 14",2020-01-14,Insulin,395,06:35,2020-01-14 06:35,0,,,,,,,,,,,2,Insulin,2020-01-14 06:39,79
1,"Tue, Jan 14",2020-01-14,Insulin,400,06:40,2020-01-14 06:40,0,,,,,,,,,,,2,Insulin,2020-01-14 06:44,80
1,"Tue, Jan 14",2020-01-14,Insulin,405,06:45,2020-01-14 06:45,0.218,,,,,,,,,,,2,Insulin,2020-01-14 06:49,81
1,"Tue, Jan 14",2020-01-14,Insulin,410,06:50,2020-01-14 06:50,0,,,,,,,,,,,2,Insulin,2020-01-14 06:54,82
1,"Tue, Jan 14",2020-01-14,Insulin,415,06:55,2020-01-14 06:55,0.188,,,,,,,,,,,2,Insulin,2020-01-14 06:59,83
1,"Tue, Jan 14",2020-01-14,Insulin,420,07:00,2020-01-14 07:00,0,,,,,,,,,,,2,Insulin,2020-01-14 07:04,84
1,"Tue, Jan 14",2020-01-14,Insulin,425,07:05,2020-01-14 07:05,0,,,,,,,,,,,2,Insulin,2020-01-14 07:09,85
1,"Tue, Jan 14",2020-01-14,Insulin,430,07:10,2020-01-14 07:10,0.046,,,,,,,,,,,2,Insulin,2020-01-14 07:14,86
1,"Tue, Jan 14",2020-01-14,Insulin,435,07:15,2020-01-14 07:15,0.218,,,,,,,,,,,2,Insulin,2020-01-14 07:19,87
1,"Tue, Jan 14",2020-01-14,Insulin,440,07:20,2020-01-14 07:20,0.792,,,,,,,,,,,2,Insulin,2020-01-14 07:24,88
1,"Tue, Jan 14",2020-01-14,Insulin,445,07:25,2020-01-14 07:25,0.592,,,,,,,,,,,2,Insulin,2020-01-14 07:29,89
1,"Tue, Jan 14",2020-01-14,Insulin,450,07:30,2020-01-14 07:30,0.086,,,,,,,,,,,2,Insulin,2020-01-14 07:34,90
1,"Tue, Jan 14",2020-01-14,Insulin,455,07:35,2020-01-14 07:35,0.104,,,,,,,,,,,2,Insulin,2020-01-14 07:39,91
1,"Tue, Jan 14",2020-01-14,Insulin,460,07:40,2020-01-14 07:40,0.058,,,,,,,,,,,2,Insulin,2020-01-14 07:44,92
1,"Tue, Jan 14",2020-01-14,Insulin,465,07:45,2020-01-14 07:45,0.046,,,,,,,,,,,2,Insulin,2020-01-14 07:49,93
1,"Tue, Jan 14",2020-01-14,Insulin,470,07:50,2020-01-14 07:50,0.102,,,,,,,,,,,2,Insulin,2020-01-14 07:54,94
1,"Tue, Jan 14",2020-01-14,Insulin,475,07:55,2020-01-14 07:55,0.114,,,,,,,,,,,2,Insulin,2020-01-14 07:59,95
1,"Tue, Jan 14",2020-01-14,Insulin,480,08:00,2020-01-14 08:00,0.076,,,,,,,,,,,2,Insulin,2020-01-14 08:04,96
1,"Tue, Jan 14",2020-01-14,Insulin,485,08:05,2020-01-14 08:05,0.051,,,,,,,,,,,2,Insulin,2020-01-14 08:09,97
1,"Tue, Jan 14",2020-01-14,Insulin,490,08:10,2020-01-14 08:10,0.064,,,,,,,,,,,2,Insulin,2020-01-14 08:14,98
1,"Tue, Jan 14",2020-01-14,Insulin,495,08:15,2020-01-14 08:15,0.094,,,,,,,,,,,2,Insulin,2020-01-14 08:19,99
1,"Tue, Jan 14",2020-01-14,Insulin,500,08:20,2020-01-14 08:20,0,,,,,,,,,,,2,Insulin,2020-01-14 08:24,100
1,"Tue, Jan 14",2020-01-14,Insulin,505,08:25,2020-01-14 08:25,0,,,,,,,,,,,2,Insulin,2020-01-14 08:29,101
1,"Tue, Jan 14",2020-01-14,Insulin,510,08:30,2020-01-14 08:30,0.097,,,,,,,,,,,2,Insulin,2020-01-14 08:34,102
1,"Tue, Jan 14",2020-01-14,Insulin,515,08:35,2020-01-14 08:35,0.157,,,,,,,,,,,2,Insulin,2020-01-14 08:39,103
1,"Tue, Jan 14",2020-01-14,Insulin,520,08:40,2020-01-14 08:40,0.071,,,,,,,,,,,2,Insulin,2020-01-14 08:44,104
1,"Tue, Jan 14",2020-01-14,Insulin,525,08:45,2020-01-14 08:45,0.137,,,,,,,,,,,2,Insulin,2020-01-14 08:49,105
1,"Tue, Jan 14",2020-01-14,Insulin,530,08:50,2020-01-14 08:50,0.13,,,,,,,,,,,2,Insulin,2020-01-14 08:54,106
1,"Tue, Jan 14",2020-01-14,Insulin,535,08:55,2020-01-14 08:55,0.503,,,,,,,,,,,2,Insulin,2020-01-14 08:59,107
1,"Tue, Jan 14",2020-01-14,Insulin,540,09:00,2020-01-14 09:00,0.29,,,,,,,,,,,2,Insulin,2020-01-14 09:04,108
1,"Tue, Jan 14",2020-01-14,Insulin,545,09:05,2020-01-14 09:05,0.201,,,,,,,,,,,2,Insulin,2020-01-14 09:09,109
1,"Tue, Jan 14",2020-01-14,Insulin,550,09:10,2020-01-14 09:10,0.231,,,,,,,,,,,2,Insulin,2020-01-14 09:14,110
1,"Tue, Jan 14",2020-01-14,Insulin,555,09:15,2020-01-14 09:15,0.168,,,,,,,,,,,2,Insulin,2020-01-14 09:19,111
1,"Tue, Jan 14",2020-01-14,Insulin,560,09:20,2020-01-14 09:20,0.094,,,,,,,,,,,2,Insulin,2020-01-14 09:24,112
1,"Tue, Jan 14",2020-01-14,Insulin,565,09:25,2020-01-14 09:25,0.069,,,,,,,,,,,2,Insulin,2020-01-14 09:29,113
1,"Tue, Jan 14",2020-01-14,Insulin,570,09:30,2020-01-14 09:30,0,,,,,,,,,,,2,Insulin,2020-01-14 09:34,114
1,"Tue, Jan 14",2020-01-14,Insulin,575,09:35,2020-01-14 09:35,0,,,,,,,,,,,2,Insulin,2020-01-14 09:39,115
1,"Tue, Jan 14",2020-01-14,Insulin,580,09:40,2020-01-14 09:40,0,,,,,,,,,,,2,Insulin,2020-01-14 09:44,116
1,"Tue, Jan 14",2020-01-14,Insulin,585,09:45,2020-01-14 09:45,0,,,,,,,,,,,2,Insulin,2020-01-14 09:49,117
1,"Tue, Jan 14",2020-01-14,Insulin,590,09:50,2020-01-14 09:50,0.102,,,,,,,,,,,2,Insulin,2020-01-14 09:54,118
1,"Tue, Jan 14",2020-01-14,Insulin,595,09:55,2020-01-14 09:55,0.112,,,,,,,,,,,2,Insulin,2020-01-14 09:59,119
1,"Tue, Jan 14",2020-01-14,Insulin,600,10:00,2020-01-14 10:00,0,,,,,,,,,,,2,Insulin,2020-01-14 10:04,120
1,"Tue, Jan 14",2020-01-14,Insulin,605,10:05,2020-01-14 10:05,0.074,,,,,,,,,,,2,Insulin,2020-01-14 10:09,121
1,"Tue, Jan 14",2020-01-14,Insulin,610,10:10,2020-01-14 10:10,0,,,,,,,,,,,2,Insulin,2020-01-14 10:14,122
1,"Tue, Jan 14",2020-01-14,Insulin,615,10:15,2020-01-14 10:15,0.099,,,,,,,,,,,2,Insulin,2020-01-14 10:19,123
1,"Tue, Jan 14",2020-01-14,Insulin,620,10:20,2020-01-14 10:20,0.114,,,,,,,,,,,2,Insulin,2020-01-14 10:24,124
1,"Tue, Jan 14",2020-01-14,Insulin,625,10:25,2020-01-14 10:25,0.383,,,,,,,,,,,2,Insulin,2020-01-14 10:29,125
1,"Tue, Jan 14",2020-01-14,Insulin,630,10:30,2020-01-14 10:30,0.804,,,,,,,,,,,2,Insulin,2020-01-14 10:34,126
1,"Tue, Jan 14",2020-01-14,Insulin,635,10:35,2020-01-14 10:35,0.726,,,,,,,,,,,2,Insulin,2020-01-14 10:39,127
1,"Tue, Jan 14",2020-01-14,Insulin,640,10:40,2020-01-14 10:40,0.701,,,,,,,,,,,2,Insulin,2020-01-14 10:44,128
1,"Tue, Jan 14",2020-01-14,Insulin,645,10:45,2020-01-14 10:45,0.069,,,,,,,,,,,2,Insulin,2020-01-14 10:49,129
1,"Tue, Jan 14",2020-01-14,Insulin,650,10:50,2020-01-14 10:50,0.112,,,,,,,,,,,2,Insulin,2020-01-14 10:54,130
1,"Tue, Jan 14",2020-01-14,Insulin,655,10:55,2020-01-14 10:55,0.445,,,,,,,,,,,2,Insulin,2020-01-14 10:59,131
1,"Tue, Jan 14",2020-01-14,Insulin,660,11:00,2020-01-14 11:00,0.33,,,,,,,,,,,2,Insulin,2020-01-14 11:04,132
1,"Tue, Jan 14",2020-01-14,Insulin,665,11:05,2020-01-14 11:05,0.053,,,,,,,,,,,2,Insulin,2020-01-14 11:09,133
1,"Tue, Jan 14",2020-01-14,Insulin,670,11:10,2020-01-14 11:10,0,,,,,,,,,,,2,Insulin,2020-01-14 11:14,134
1,"Tue, Jan 14",2020-01-14,Insulin,675,11:15,2020-01-14 11:15,0,,,,,,,,,,,2,Insulin,2020-01-14 11:19,135
1,"Tue, Jan 14",2020-01-14,Insulin,680,11:20,2020-01-14 11:20,0,,,,,,,,,,,2,Insulin,2020-01-14 11:24,136
1,"Tue, Jan 14",2020-01-14,Insulin,685,11:25,2020-01-14 11:25,0,,,,,,,,,,,2,Insulin,2020-01-14 11:29,137
1,"Tue, Jan 14",2020-01-14,Insulin,690,11:30,2020-01-14 11:30,0,,,,,,,,,,,2,Insulin,2020-01-14 11:34,138
1,"Tue, Jan 14",2020-01-14,Insulin,695,11:35,2020-01-14 11:35,0,,,,,,,,,,,2,Insulin,2020-01-14 11:39,139
1,"Tue, Jan 14",2020-01-14,Insulin,700,11:40,2020-01-14 11:40,0,,,,,,,,,,,2,Insulin,2020-01-14 11:44,140
1,"Tue, Jan 14",2020-01-14,Insulin,705,11:45,2020-01-14 11:45,0,,,,,,,,,,,2,Insulin,2020-01-14 11:49,141
1,"Tue, Jan 14",2020-01-14,Insulin,710,11:50,2020-01-14 11:50,0,,,,,,,,,,,2,Insulin,2020-01-14 11:54,142
1,"Tue, Jan 14",2020-01-14,Insulin,715,11:55,2020-01-14 11:55,0,,,,,,,,,,,2,Insulin,2020-01-14 11:59,143
1,"Tue, Jan 14",2020-01-14,Insulin,720,12:00,2020-01-14 12:00,0,,,,,,,,,,,2,Insulin,2020-01-14 12:04,144
1,"Tue, Jan 14",2020-01-14,Insulin,725,12:05,2020-01-14 12:05,0,,,,,,,,,,,2,Insulin,2020-01-14 12:09,145
1,"Tue, Jan 14",2020-01-14,Insulin,730,12:10,2020-01-14 12:10,0,,,,,,,,,,,2,Insulin,2020-01-14 12:14,146
1,"Tue, Jan 14",2020-01-14,Insulin,735,12:15,2020-01-14 12:15,0,,,,,,,,,,,2,Insulin,2020-01-14 12:19,147
1,"Tue, Jan 14",2020-01-14,Insulin,740,12:20,2020-01-14 12:20,0,,,,,,,,,,,2,Insulin,2020-01-14 12:24,148
1,"Tue, Jan 14",2020-01-14,Insulin,745,12:25,2020-01-14 12:25,0,,,,,,,,,,,2,Insulin,2020-01-14 12:29,149
1,"Tue, Jan 14",2020-01-14,Insulin,750,12:30,2020-01-14 12:30,0,,,,,,,,,,,2,Insulin,2020-01-14 12:34,150
1,"Tue, Jan 14",2020-01-14,Insulin,755,12:35,2020-01-14 12:35,0,,,,,,,,,,,2,Insulin,2020-01-14 12:39,151
1,"Tue, Jan 14",2020-01-14,Insulin,760,12:40,2020-01-14 12:40,0,,,,,,,,,,,2,Insulin,2020-01-14 12:44,152
1,"Tue, Jan 14",2020-01-14,Insulin,765,12:45,2020-01-14 12:45,0,,,,,,,,,,,2,Insulin,2020-01-14 12:49,153
1,"Tue, Jan 14",2020-01-14,Insulin,770,12:50,2020-01-14 12:50,0,,,,,,,,,,,2,Insulin,2020-01-14 12:54,154
1,"Tue, Jan 14",2020-01-14,Insulin,775,12:55,2020-01-14 12:55,0,,,,,,,,,,,2,Insulin,2020-01-14 12:59,155
1,"Tue, Jan 14",2020-01-14,Insulin,780,13:00,2020-01-14 13:00,0,,,,,,,,,,,2,Insulin,2020-01-14 13:04,156
1,"Tue, Jan 14",2020-01-14,Insulin,785,13:05,2020-01-14 13:05,0,,,,,,,,,,,2,Insulin,2020-01-14 13:09,157
1,"Tue, Jan 14",2020-01-14,Insulin,790,13:10,2020-01-14 13:10,0,,,,,,,,,,,2,Insulin,2020-01-14 13:14,158
1,"Tue, Jan 14",2020-01-14,Insulin,795,13:15,2020-01-14 13:15,0,,,,,,,,,,,2,Insulin,2020-01-14 13:19,159
1,"Tue, Jan 14",2020-01-14,Insulin,800,13:20,2020-01-14 13:20,0,,,,,,,,,,,2,Insulin,2020-01-14 13:24,160
1,"Tue, Jan 14",2020-01-14,Insulin,805,13:25,2020-01-14 13:25,0,,,,,,,,,,,2,Insulin,2020-01-14 13:29,161
1,"Tue, Jan 14",2020-01-14,Insulin,810,13:30,2020-01-14 13:30,0,,,,,,,,,,,2,Insulin,2020-01-14 13:34,162
1,"Tue, Jan 14",2020-01-14,Insulin,815,13:35,2020-01-14 13:35,0,,,,,,,,,,,2,Insulin,2020-01-14 13:39,163
1,"Tue, Jan 14",2020-01-14,Insulin,820,13:40,2020-01-14 13:40,0,,,,,,,,,,,2,Insulin,2020-01-14 13:44,164
1,"Tue, Jan 14",2020-01-14,Insulin,825,13:45,2020-01-14 13:45,0,,,,,,,,,,,2,Insulin,2020-01-14 13:49,165
1,"Tue, Jan 14",2020-01-14,Insulin,830,13:50,2020-01-14 13:50,0,,,,,,,,,,,2,Insulin,2020-01-14 13:54,166
1,"Tue, Jan 14",2020-01-14,Insulin,835,13:55,2020-01-14 13:55,0,,,,,,,,,,,2,Insulin,2020-01-14 13:59,167
1,"Tue, Jan 14",2020-01-14,Insulin,840,14:00,2020-01-14 14:00,0,,,,,,,,,,,2,Insulin,2020-01-14 14:04,168
1,"Tue, Jan 14",2020-01-14,Insulin,845,14:05,2020-01-14 14:05,0,,,,,,,,,,,2,Insulin,2020-01-14 14:09,169
1,"Tue, Jan 14",2020-01-14,Insulin,850,14:10,2020-01-14 14:10,0,,,,,,,,,,,2,Insulin,2020-01-14 14:14,170
1,"Tue, Jan 14",2020-01-14,Insulin,855,14:15,2020-01-14 14:15,0,,,,,,,,,,,2,Insulin,2020-01-14 14:19,171
1,"Tue, Jan 14",2020-01-14,Insulin,860,14:20,2020-01-14 14:20,0,,,,,,,,,,,2,Insulin,2020-01-14 14:24,172
1,"Tue, Jan 14",2020-01-14,Insulin,865,14:25,2020-01-14 14:25,0,,,,,,,,,,,2,Insulin,2020-01-14 14:29,173
1,"Tue, Jan 14",2020-01-14,Insulin,870,14:30,2020-01-14 14:30,0,,,,,,,,,,,2,Insulin,2020-01-14 14:34,174
1,"Tue, Jan 14",2020-01-14,Insulin,875,14:35,2020-01-14 14:35,0,,,,,,,,,,,2,Insulin,2020-01-14 14:39,175
1,"Tue, Jan 14",2020-01-14,Insulin,880,14:40,2020-01-14 14:40,0,,,,,,,,,,,2,Insulin,2020-01-14 14:44,176
1,"Tue, Jan 14",2020-01-14,Insulin,885,14:45,2020-01-14 14:45,0,,,,,,,,,,,2,Insulin,2020-01-14 14:49,177
1,"Tue, Jan 14",2020-01-14,Insulin,890,14:50,2020-01-14 14:50,0,,,,,,,,,,,2,Insulin,2020-01-14 14:54,178
1,"Tue, Jan 14",2020-01-14,Insulin,895,14:55,2020-01-14 14:55,0,,,,,,,,,,,2,Insulin,2020-01-14 14:59,179
1,"Tue, Jan 14",2020-01-14,Insulin,900,15:00,2020-01-14 15:00,0,,,,,,,,,,,2,Insulin,2020-01-14 15:04,180
1,"Tue, Jan 14",2020-01-14,Insulin,905,15:05,2020-01-14 15:05,0,,,,,,,,,,,2,Insulin,2020-01-14 15:09,181
1,"Tue, Jan 14",2020-01-14,Insulin,910,15:10,2020-01-14 15:10,0,,,,,,,,,,,2,Insulin,2020-01-14 15:14,182
1,"Tue, Jan 14",2020-01-14,Insulin,915,15:15,2020-01-14 15:15,0,,,,,,,,,,,2,Insulin,2020-01-14 15:19,183
1,"Tue, Jan 14",2020-01-14,Insulin,920,15:20,2020-01-14 15:20,0,,,,,,,,,,,2,Insulin,2020-01-14 15:24,184
1,"Tue, Jan 14",2020-01-14,Insulin,925,15:25,2020-01-14 15:25,0,,,,,,,,,,,2,Insulin,2020-01-14 15:29,185
1,"Tue, Jan 14",2020-01-14,Insulin,930,15:30,2020-01-14 15:30,0,,,,,,,,,,,2,Insulin,2020-01-14 15:34,186
1,"Tue, Jan 14",2020-01-14,Insulin,935,15:35,2020-01-14 15:35,0,,,,,,,,,,,2,Insulin,2020-01-14 15:39,187
1,"Tue, Jan 14",2020-01-14,Insulin,940,15:40,2020-01-14 15:40,0,,,,,,,,,,,2,Insulin,2020-01-14 15:44,188
1,"Tue, Jan 14",2020-01-14,Insulin,945,15:45,2020-01-14 15:45,0,,,,,,,,,,,2,Insulin,2020-01-14 15:49,189
1,"Tue, Jan 14",2020-01-14,Insulin,950,15:50,2020-01-14 15:50,0,,,,,,,,,,,2,Insulin,2020-01-14 15:54,190
1,"Tue, Jan 14",2020-01-14,Insulin,955,15:55,2020-01-14 15:55,0,,,,,,,,,,,2,Insulin,2020-01-14 15:59,191
1,"Tue, Jan 14",2020-01-14,Insulin,960,16:00,2020-01-14 16:00,0,,,,,,,,,,,2,Insulin,2020-01-14 16:04,192
1,"Tue, Jan 14",2020-01-14,Insulin,965,16:05,2020-01-14 16:05,0,,,,,,,,,,,2,Insulin,2020-01-14 16:09,193
1,"Tue, Jan 14",2020-01-14,Insulin,970,16:10,2020-01-14 16:10,0,,,,,,,,,,,2,Insulin,2020-01-14 16:14,194
1,"Tue, Jan 14",2020-01-14,Insulin,975,16:15,2020-01-14 16:15,0.048,,,,,,,,,,,2,Insulin,2020-01-14 16:19,195
1,"Tue, Jan 14",2020-01-14,Insulin,980,16:20,2020-01-14 16:20,0,,,,,,,,,,,2,Insulin,2020-01-14 16:24,196
1,"Tue, Jan 14",2020-01-14,Insulin,985,16:25,2020-01-14 16:25,0,,,,,,,,,,,2,Insulin,2020-01-14 16:29,197
1,"Tue, Jan 14",2020-01-14,Insulin,990,16:30,2020-01-14 16:30,0.061,,,,,,,,,,,2,Insulin,2020-01-14 16:34,198
1,"Tue, Jan 14",2020-01-14,Insulin,995,16:35,2020-01-14 16:35,0,,,,,,,,,,,2,Insulin,2020-01-14 16:39,199
1,"Tue, Jan 14",2020-01-14,Insulin,1000,16:40,2020-01-14 16:40,0.198,,,,,,,,,,,2,Insulin,2020-01-14 16:44,200
1,"Tue, Jan 14",2020-01-14,Insulin,1005,16:45,2020-01-14 16:45,0.584,,,,,,,,,,,2,Insulin,2020-01-14 16:49,201
1,"Tue, Jan 14",2020-01-14,Insulin,1010,16:50,2020-01-14 16:50,0.307,,,,,,,,,,,2,Insulin,2020-01-14 16:54,202
1,"Tue, Jan 14",2020-01-14,Insulin,1015,16:55,2020-01-14 16:55,0,,,,,,,,,,,2,Insulin,2020-01-14 16:59,203
1,"Tue, Jan 14",2020-01-14,Insulin,1020,17:00,2020-01-14 17:00,0,,,,,,,,,,,2,Insulin,2020-01-14 17:04,204
1,"Tue, Jan 14",2020-01-14,Insulin,1025,17:05,2020-01-14 17:05,0,,,,,,,,,,,2,Insulin,2020-01-14 17:09,205
1,"Tue, Jan 14",2020-01-14,Insulin,1030,17:10,2020-01-14 17:10,0,,,,,,,,,,,2,Insulin,2020-01-14 17:14,206
1,"Tue, Jan 14",2020-01-14,Insulin,1035,17:15,2020-01-14 17:15,0.051,,,,,,,,,,,2,Insulin,2020-01-14 17:19,207
1,"Tue, Jan 14",2020-01-14,Insulin,1040,17:20,2020-01-14 17:20,0,,,,,,,,,,,2,Insulin,2020-01-14 17:24,208
1,"Tue, Jan 14",2020-01-14,Insulin,1045,17:25,2020-01-14 17:25,0,,,,,,,,,,,2,Insulin,2020-01-14 17:29,209
1,"Tue, Jan 14",2020-01-14,Insulin,1050,17:30,2020-01-14 17:30,0.048,,,,,,,,,,,2,Insulin,2020-01-14 17:34,210
1,"Tue, Jan 14",2020-01-14,Insulin,1055,17:35,2020-01-14 17:35,0,,,,,,,,,,,2,Insulin,2020-01-14 17:39,211
1,"Tue, Jan 14",2020-01-14,Insulin,1060,17:40,2020-01-14 17:40,0,,,,,,,,,,,2,Insulin,2020-01-14 17:44,212
1,"Tue, Jan 14",2020-01-14,Insulin,1065,17:45,2020-01-14 17:45,0.046,,,,,,,,,,,2,Insulin,2020-01-14 17:49,213
1,"Tue, Jan 14",2020-01-14,Insulin,1070,17:50,2020-01-14 17:50,0,,,,,,,,,,,2,Insulin,2020-01-14 17:54,214
1,"Tue, Jan 14",2020-01-14,Insulin,1075,17:55,2020-01-14 17:55,0,,,,,,,,,,,2,Insulin,2020-01-14 17:59,215
1,"Tue, Jan 14",2020-01-14,Insulin,1080,18:00,2020-01-14 18:00,0.046,,,,,,,,,,,2,Insulin,2020-01-14 18:04,216
1,"Tue, Jan 14",2020-01-14,Insulin,1085,18:05,2020-01-14 18:05,0.089,,,,,,,,,,,2,Insulin,2020-01-14 18:09,217
1,"Tue, Jan 14",2020-01-14,Insulin,1090,18:10,2020-01-14 18:10,0.089,,,,,,,,,,,2,Insulin,2020-01-14 18:14,218
1,"Tue, Jan 14",2020-01-14,Insulin,1095,18:15,2020-01-14 18:15,0.198,,,,,,,,,,,2,Insulin,2020-01-14 18:19,219
1,"Tue, Jan 14",2020-01-14,Insulin,1100,18:20,2020-01-14 18:20,0.167,,,,,,,,,,,2,Insulin,2020-01-14 18:24,220
1,"Tue, Jan 14",2020-01-14,Insulin,1105,18:25,2020-01-14 18:25,0.048,,,,,,,,,,,2,Insulin,2020-01-14 18:29,221
1,"Tue, Jan 14",2020-01-14,Insulin,1110,18:30,2020-01-14 18:30,0.068,,,,,,,,,,,2,Insulin,2020-01-14 18:34,222
1,"Tue, Jan 14",2020-01-14,Insulin,1115,18:35,2020-01-14 18:35,0.14,,,,,,,,,,,2,Insulin,2020-01-14 18:39,223
1,"Tue, Jan 14",2020-01-14,Insulin,1120,18:40,2020-01-14 18:40,0.34,,,,,,,,,,,2,Insulin,2020-01-14 18:44,224
1,"Tue, Jan 14",2020-01-14,Insulin,1125,18:45,2020-01-14 18:45,0,,,,,,,,,,,2,Insulin,2020-01-14 18:49,225
1,"Tue, Jan 14",2020-01-14,Insulin,1130,18:50,2020-01-14 18:50,0.048,,,,,,,,,,,2,Insulin,2020-01-14 18:54,226
1,"Tue, Jan 14",2020-01-14,Insulin,1135,18:55,2020-01-14 18:55,0.162,,,,,,,,,,,2,Insulin,2020-01-14 18:59,227
1,"Tue, Jan 14",2020-01-14,Insulin,1140,19:00,2020-01-14 19:00,0.091,,,,,,,,,,,2,Insulin,2020-01-14 19:04,228
1,"Tue, Jan 14",2020-01-14,Insulin,1145,19:05,2020-01-14 19:05,0.122,,,,,,,,,,,2,Insulin,2020-01-14 19:09,229
1,"Tue, Jan 14",2020-01-14,Insulin,1150,19:10,2020-01-14 19:10,0.198,,,,,,,,,,,2,Insulin,2020-01-14 19:14,230
1,"Tue, Jan 14",2020-01-14,Insulin,1155,19:15,2020-01-14 19:15,0.109,,,,,,,,,,,2,Insulin,2020-01-14 19:19,231
1,"Tue, Jan 14",2020-01-14,Insulin,1160,19:20,2020-01-14 19:20,0.071,,,,,,,,,,,2,Insulin,2020-01-14 19:24,232
1,"Tue, Jan 14",2020-01-14,Insulin,1165,19:25,2020-01-14 19:25,0.058,,,,,,,,,,,2,Insulin,2020-01-14 19:29,233
1,"Tue, Jan 14",2020-01-14,Insulin,1170,19:30,2020-01-14 19:30,0.046,,,,,,,,,,,2,Insulin,2020-01-14 19:34,234
1,"Tue, Jan 14",2020-01-14,Insulin,1175,19:35,2020-01-14 19:35,0,,,,,,,,,,,2,Insulin,2020-01-14 19:39,235
1,"Tue, Jan 14",2020-01-14,Insulin,1180,19:40,2020-01-14 19:40,0.104,,,,,,,,,,,2,Insulin,2020-01-14 19:44,236
1,"Tue, Jan 14",2020-01-14,Insulin,1185,19:45,2020-01-14 19:45,0.078,,,,,,,,,,,2,Insulin,2020-01-14 19:49,237
1,"Tue, Jan 14",2020-01-14,Insulin,1190,19:50,2020-01-14 19:50,0.175,,,,,,,,,,,2,Insulin,2020-01-14 19:54,238
1,"Tue, Jan 14",2020-01-14,Insulin,1195,19:55,2020-01-14 19:55,0.083,,,,,,,,,,,2,Insulin,2020-01-14 19:59,239
1,"Tue, Jan 14",2020-01-14,Insulin,1200,20:00,2020-01-14 20:00,0.142,,,,,,,,,,,2,Insulin,2020-01-14 20:04,240
1,"Tue, Jan 14",2020-01-14,Insulin,1205,20:05,2020-01-14 20:05,0.117,,,,,,,,,,,2,Insulin,2020-01-14 20:09,241
1,"Tue, Jan 14",2020-01-14,Insulin,1210,20:10,2020-01-14 20:10,0.046,,,,,,,,,,,2,Insulin,2020-01-14 20:14,242
1,"Tue, Jan 14",2020-01-14,Insulin,1215,20:15,2020-01-14 20:15,0,,,,,,,,,,,2,Insulin,2020-01-14 20:19,243
1,"Tue, Jan 14",2020-01-14,Insulin,1220,20:20,2020-01-14 20:20,0,,,,,,,,,,,2,Insulin,2020-01-14 20:24,244
1,"Tue, Jan 14",2020-01-14,Insulin,1225,20:25,2020-01-14 20:25,0,,,,,,,,,,,2,Insulin,2020-01-14 20:29,245
1,"Tue, Jan 14",2020-01-14,Insulin,1230,20:30,2020-01-14 20:30,0,,,,,,,,,,,2,Insulin,2020-01-14 20:34,246
1,"Tue, Jan 14",2020-01-14,Insulin,1235,20:35,2020-01-14 20:35,0.046,,,,,,,,,,,2,Insulin,2020-01-14 20:39,247
1,"Tue, Jan 14",2020-01-14,Insulin,1240,20:40,2020-01-14 20:40,0.046,,,,,,,,,,,2,Insulin,2020-01-14 20:44,248
1,"Tue, Jan 14",2020-01-14,Insulin,1245,20:45,2020-01-14 20:45,0.417,,,,,,,,,,,2,Insulin,2020-01-14 20:49,249
1,"Tue, Jan 14",2020-01-14,Insulin,1250,20:50,2020-01-14 20:50,0.338,,,,,,,,,,,2,Insulin,2020-01-14 20:54,250
1,"Tue, Jan 14",2020-01-14,Insulin,1255,20:55,2020-01-14 20:55,0.163,,,,,,,,,,,2,Insulin,2020-01-14 20:59,251
1,"Tue, Jan 14",2020-01-14,Insulin,1260,21:00,2020-01-14 21:00,0.051,,,,,,,,,,,2,Insulin,2020-01-14 21:04,252
1,"Tue, Jan 14",2020-01-14,Insulin,1265,21:05,2020-01-14 21:05,0.051,,,,,,,,,,,2,Insulin,2020-01-14 21:09,253
1,"Tue, Jan 14",2020-01-14,Insulin,1270,21:10,2020-01-14 21:10,0,,,,,,,,,,,2,Insulin,2020-01-14 21:14,254
1,"Tue, Jan 14",2020-01-14,Insulin,1275,21:15,2020-01-14 21:15,0.058,,,,,,,,,,,2,Insulin,2020-01-14 21:19,255
1,"Tue, Jan 14",2020-01-14,Insulin,1280,21:20,2020-01-14 21:20,0.29,,,,,,,,,,,2,Insulin,2020-01-14 21:24,256
1,"Tue, Jan 14",2020-01-14,Insulin,1285,21:25,2020-01-14 21:25,0.371,,,,,,,,,,,2,Insulin,2020-01-14 21:29,257
1,"Tue, Jan 14",2020-01-14,Insulin,1290,21:30,2020-01-14 21:30,0.285,,,,,,,,,,,2,Insulin,2020-01-14 21:34,258
1,"Tue, Jan 14",2020-01-14,Insulin,1295,21:35,2020-01-14 21:35,0,,,,,,,,,,,2,Insulin,2020-01-14 21:39,259
1,"Tue, Jan 14",2020-01-14,Insulin,1300,21:40,2020-01-14 21:40,0.066,,,,,,,,,,,2,Insulin,2020-01-14 21:44,260
1,"Tue, Jan 14",2020-01-14,Insulin,1305,21:45,2020-01-14 21:45,0.178,,,,,,,,,,,2,Insulin,2020-01-14 21:49,261
1,"Tue, Jan 14",2020-01-14,Insulin,1310,21:50,2020-01-14 21:50,0.053,,,,,,,,,,,2,Insulin,2020-01-14 21:54,262
1,"Tue, Jan 14",2020-01-14,Insulin,1315,21:55,2020-01-14 21:55,0.058,,,,,,,,,,,2,Insulin,2020-01-14 21:59,263
1,"Tue, Jan 14",2020-01-14,Insulin,1320,22:00,2020-01-14 22:00,0,,,,,,,,,,,2,Insulin,2020-01-14 22:04,264
1,"Tue, Jan 14",2020-01-14,Insulin,1325,22:05,2020-01-14 22:05,0.061,,,,,,,,,,,2,Insulin,2020-01-14 22:09,265
1,"Tue, Jan 14",2020-01-14,Insulin,1330,22:10,2020-01-14 22:10,0.056,,,,,,,,,,,2,Insulin,2020-01-14 22:14,266
1,"Tue, Jan 14",2020-01-14,Insulin,1335,22:15,2020-01-14 22:15,0.071,,,,,,,,,,,2,Insulin,2020-01-14 22:19,267
1,"Tue, Jan 14",2020-01-14,Insulin,1340,22:20,2020-01-14 22:20,0.269,,,,,,,,,,,2,Insulin,2020-01-14 22:24,268
1,"Tue, Jan 14",2020-01-14,Insulin,1345,22:25,2020-01-14 22:25,0.287,,,,,,,,,,,2,Insulin,2020-01-14 22:29,269
1,"Tue, Jan 14",2020-01-14,Insulin,1350,22:30,2020-01-14 22:30,0.312,,,,,,,,,,,2,Insulin,2020-01-14 22:34,270
1,"Tue, Jan 14",2020-01-14,Insulin,1355,22:35,2020-01-14 22:35,0.064,,,,,,,,,,,2,Insulin,2020-01-14 22:39,271
1,"Tue, Jan 14",2020-01-14,Insulin,1360,22:40,2020-01-14 22:40,0.147,,,,,,,,,,,2,Insulin,2020-01-14 22:44,272
1,"Tue, Jan 14",2020-01-14,Insulin,1365,22:45,2020-01-14 22:45,0,,,,,,,,,,,2,Insulin,2020-01-14 22:49,273
1,"Tue, Jan 14",2020-01-14,Insulin,1370,22:50,2020-01-14 22:50,0,,,,,,,,,,,2,Insulin,2020-01-14 22:54,274
1,"Tue, Jan 14",2020-01-14,Insulin,1375,22:55,2020-01-14 22:55,0,,,,,,,,,,,2,Insulin,2020-01-14 22:59,275
1,"Tue, Jan 14",2020-01-14,Insulin,1380,23:00,2020-01-14 23:00,0.046,,,,,,,,,,,2,Insulin,2020-01-14 23:04,276
1,"Tue, Jan 14",2020-01-14,Insulin,1385,23:05,2020-01-14 23:05,0.052,,,,,,,,,,,2,Insulin,2020-01-14 23:09,277
1,"Tue, Jan 14",2020-01-14,Insulin,1390,23:10,2020-01-14 23:10,0.052,,,,,,,,,,,2,Insulin,2020-01-14 23:14,278
1,"Tue, Jan 14",2020-01-14,Insulin,1395,23:15,2020-01-14 23:15,0,,,,,,,,,,,2,Insulin,2020-01-14 23:19,279
1,"Tue, Jan 14",2020-01-14,Insulin,1400,23:20,2020-01-14 23:20,0.056,,,,,,,,,,,2,Insulin,2020-01-14 23:24,280
1,"Tue, Jan 14",2020-01-14,Insulin,1405,23:25,2020-01-14 23:25,0.069,,,,,,,,,,,2,Insulin,2020-01-14 23:29,281
1,"Tue, Jan 14",2020-01-14,Insulin,1410,23:30,2020-01-14 23:30,0.046,,,,,,,,,,,2,Insulin,2020-01-14 23:34,282
1,"Tue, Jan 14",2020-01-14,Insulin,1415,23:35,2020-01-14 23:35,0,,,,,,,,,,,2,Insulin,2020-01-14 23:39,283
1,"Tue, Jan 14",2020-01-14,Insulin,1420,23:40,2020-01-14 23:40,0.066,,,,,,,,,,,2,Insulin,2020-01-14 23:44,284
1,"Tue, Jan 14",2020-01-14,Insulin,1425,23:45,2020-01-14 23:45,0,,,,,,,,,,,2,Insulin,2020-01-14 23:49,285
1,"Tue, Jan 14",2020-01-14,Insulin,1430,23:50,2020-01-14 23:50,0,,,,,,,,,,,2,Insulin,2020-01-14 23:54,286
1,"Tue, Jan 14",2020-01-14,Insulin,1435,23:55,2020-01-14 23:55,0,,,,,,,,,,,2,Insulin,2020-01-14 23:59,287
1,"Tue, Jan 14",2020-01-14,Meal Announcement,40,00:40,2020-01-14 00:40,0,Meal,,"Dinner, Usual, 12:43 AM","Dinner, Usual, 12:43 AM",Dinner,D,Usual,12:43 AM,,,3,Meal Announcement,2020-01-14 00:43,0
2,"Mon, Jan 13",2020-01-13,CGM,0,00:00,2020-01-13 00:00,278,,,,,,,,,,,1,CGM,2020-01-13 00:04,0
2,"Mon, Jan 13",2020-01-13,CGM,5,00:05,2020-01-13 00:05,263,,,,,,,,,,,1,CGM,2020-01-13 00:09,1
2,"Mon, Jan 13",2020-01-13,CGM,10,00:10,2020-01-13 00:10,263,,,,,,,,,,,1,CGM,2020-01-13 00:14,2
2,"Mon, Jan 13",2020-01-13,CGM,15,00:15,2020-01-13 00:15,261,,,,,,,,,,,1,CGM,2020-01-13 00:19,3
2,"Mon, Jan 13",2020-01-13,CGM,20,00:20,2020-01-13 00:20,242,,,,,,,,,,,1,CGM,2020-01-13 00:24,4
2,"Mon, Jan 13",2020-01-13,CGM,25,00:25,2020-01-13 00:25,215,,,,,,,,,,,1,CGM,2020-01-13 00:29,5
2,"Mon, Jan 13",2020-01-13,CGM,30,00:30,2020-01-13 00:30,222,,,,,,,,,,,1,CGM,2020-01-13 00:34,6
2,"Mon, Jan 13",2020-01-13,CGM,35,00:35,2020-01-13 00:35,213,,,,,,,,,,,1,CGM,2020-01-13 00:39,7
2,"Mon, Jan 13",2020-01-13,CGM,40,00:40,2020-01-13 00:40,206,,,,,,,,,,,1,CGM,2020-01-13 00:44,8
2,"Mon, Jan 13",2020-01-13,CGM,50,00:50,2020-01-13 00:50,236,,,,,,,,,,,1,CGM,2020-01-13 00:50,9
2,"Mon, Jan 13",2020-01-13,CGM,55,00:55,2020-01-13 00:55,249,,,,,,,,,,,1,CGM,2020-01-13 00:55,10
2,"Mon, Jan 13",2020-01-13,CGM,55,00:55,2020-01-13 00:55,230,,,,,,,,,,,1,CGM,2020-01-13 00:59,11
2,"Mon, Jan 13",2020-01-13,CGM,60,01:00,2020-01-13 01:00,227,,,,,,,,,,,1,CGM,2020-01-13 01:04,12
2,"Mon, Jan 13",2020-01-13,CGM,65,01:05,2020-01-13 01:05,231,,,,,,,,,,,1,CGM,2020-01-13 01:09,13
2,"Mon, Jan 13",2020-01-13,CGM,70,01:10,2020-01-13 01:10,227,,,,,,,,,,,1,CGM,2020-01-13 01:14,14
2,"Mon, Jan 13",2020-01-13,CGM,75,01:15,2020-01-13 01:15,228,,,,,,,,,,,1,CGM,2020-01-13 01:19,15
2,"Mon, Jan 13",2020-01-13,CGM,80,01:20,2020-01-13 01:20,232,,,,,,,,,,,1,CGM,2020-01-13 01:24,16
2,"Mon, Jan 13",2020-01-13,CGM,85,01:25,2020-01-13 01:25,245,,,,,,,,,,,1,CGM,2020-01-13 01:29,17
2,"Mon, Jan 13",2020-01-13,CGM,90,01:30,2020-01-13 01:30,251,,,,,,,,,,,1,CGM,2020-01-13 01:34,18
2,"Mon, Jan 13",2020-01-13,CGM,95,01:35,2020-01-13 01:35,229,,,,,,,,,,,1,CGM,2020-01-13 01:39,19
2,"Mon, Jan 13",2020-01-13,CGM,100,01:40,2020-01-13 01:40,204,,,,,,,,,,,1,CGM,2020-01-13 01:44,20
2,"Mon, Jan 13",2020-01-13,CGM,105,01:45,2020-01-13 01:45,215,,,,,,,,,,,1,CGM,2020-01-13 01:49,21
2,"Mon, Jan 13",2020-01-13,CGM,110,01:50,2020-01-13 01:50,238,,,,,,,,,,,1,CGM,2020-01-13 01:54,22
2,"Mon, Jan 13",2020-01-13,CGM,115,01:55,2020-01-13 01:55,253,,,,,,,,,,,1,CGM,2020-01-13 01:59,23
2,"Mon, Jan 13",2020-01-13,CGM,120,02:00,2020-01-13 02:00,252,,,,,,,,,,,1,CGM,2020-01-13 02:04,24
2,"Mon, Jan 13",2020-01-13,CGM,125,02:05,2020-01-13 02:05,258,,,,,,,,,,,1,CGM,2020-01-13 02:09,25
2,"Mon, Jan 13",2020-01-13,CGM,130,02:10,2020-01-13 02:10,254,,,,,,,,,,,1,CGM,2020-01-13 02:14,26
2,"Mon, Jan 13",2020-01-13,CGM,135,02:15,2020-01-13 02:15,252,,,,,,,,,,,1,CGM,2020-01-13 02:19,27
2,"Mon, Jan 13",2020-01-13,CGM,140,02:20,2020-01-13 02:20,250,,,,,,,,,,,1,CGM,2020-01-13 02:24,28
2,"Mon, Jan 13",2020-01-13,CGM,145,02:25,2020-01-13 02:25,249,,,,,,,,,,,1,CGM,2020-01-13 02:29,29
2,"Mon, Jan 13",2020-01-13,CGM,150,02:30,2020-01-13 02:30,254,,,,,,,,,,,1,CGM,2020-01-13 02:34,30
2,"Mon, Jan 13",2020-01-13,CGM,155,02:35,2020-01-13 02:35,258,,,,,,,,,,,1,CGM,2020-01-13 02:39,31
2,"Mon, Jan 13",2020-01-13,CGM,160,02:40,2020-01-13 02:40,255,,,,,,,,,,,1,CGM,2020-01-13 02:44,32
2,"Mon, Jan 13",2020-01-13,CGM,165,02:45,2020-01-13 02:45,247,,,,,,,,,,,1,CGM,2020-01-13 02:49,33
2,"Mon, Jan 13",2020-01-13,CGM,170,02:50,2020-01-13 02:50,244,,,,,,,,,,,1,CGM,2020-01-13 02:54,34
2,"Mon, Jan 13",2020-01-13,CGM,175,02:55,2020-01-13 02:55,239,,,,,,,,,,,1,CGM,2020-01-13 02:59,35
2,"Mon, Jan 13",2020-01-13,CGM,180,03:00,2020-01-13 03:00,233,,,,,,,,,,,1,CGM,2020-01-13 03:04,36
2,"Mon, Jan 13",2020-01-13,CGM,185,03:05,2020-01-13 03:05,233,,,,,,,,,,,1,CGM,2020-01-13 03:09,37
2,"Mon, Jan 13",2020-01-13,CGM,190,03:10,2020-01-13 03:10,234,,,,,,,,,,,1,CGM,2020-01-13 03:14,38
2,"Mon, Jan 13",2020-01-13,CGM,195,03:15,2020-01-13 03:15,234,,,,,,,,,,,1,CGM,2020-01-13 03:19,39
2,"Mon, Jan 13",2020-01-13,CGM,200,03:20,2020-01-13 03:20,234,,,,,,,,,,,1,CGM,2020-01-13 03:24,40
2,"Mon, Jan 13",2020-01-13,CGM,205,03:25,2020-01-13 03:25,234,,,,,,,,,,,1,CGM,2020-01-13 03:29,41
2,"Mon, Jan 13",2020-01-13,CGM,210,03:30,2020-01-13 03:30,237,,,,,,,,,,,1,CGM,2020-01-13 03:34,42
2,"Mon, Jan 13",2020-01-13,CGM,215,03:35,2020-01-13 03:35,255,,,,,,,,,,,1,CGM,2020-01-13 03:39,43
2,"Mon, Jan 13",2020-01-13,CGM,220,03:40,2020-01-13 03:40,254,,,,,,,,,,,1,CGM,2020-01-13 03:44,44
2,"Mon, Jan 13",2020-01-13,CGM,225,03:45,2020-01-13 03:45,250,,,,,,,,,,,1,CGM,2020-01-13 03:49,45
2,"Mon, Jan 13",2020-01-13,CGM,230,03:50,2020-01-13 03:50,246,,,,,,,,,,,1,CGM,2020-01-13 03:54,46
2,"Mon, Jan 13",2020-01-13,CGM,235,03:55,2020-01-13 03:55,243,,,,,,,,,,,1,CGM,2020-01-13 03:59,47
2,"Mon, Jan 13",2020-01-13,CGM,240,04:00,2020-01-13 04:00,240,,,,,,,,,,,1,CGM,2020-01-13 04:04,48
2,"Mon, Jan 13",2020-01-13,CGM,245,04:05,2020-01-13 04:05,235,,,,,,,,,,,1,CGM,2020-01-13 04:09,49
2,"Mon, Jan 13",2020-01-13,CGM,250,04:10,2020-01-13 04:10,228,,,,,,,,,,,1,CGM,2020-01-13 04:14,50
2,"Mon, Jan 13",2020-01-13,CGM,255,04:15,2020-01-13 04:15,216,,,,,,,,,,,1,CGM,2020-01-13 04:19,51
2,"Mon, Jan 13",2020-01-13,CGM,260,04:20,2020-01-13 04:20,218,,,,,,,,,,,1,CGM,2020-01-13 04:24,52
2,"Mon, Jan 13",2020-01-13,CGM,265,04:25,2020-01-13 04:25,209,,,,,,,,,,,1,CGM,2020-01-13 04:29,53
2,"Mon, Jan 13",2020-01-13,CGM,270,04:30,2020-01-13 04:30,216,,,,,,,,,,,1,CGM,2020-01-13 04:34,54
2,"Mon, Jan 13",2020-01-13,CGM,275,04:35,2020-01-13 04:35,194,,,,,,,,,,,1,CGM,2020-01-13 04:39,55
2,"Mon, Jan 13",2020-01-13,CGM,280,04:40,2020-01-13 04:40,168,,,,,,,,,,,1,CGM,2020-01-13 04:44,56
2,"Mon, Jan 13",2020-01-13,CGM,285,04:45,2020-01-13 04:45,172,,,,,,,,,,,1,CGM,2020-01-13 04:49,57
2,"Mon, Jan 13",2020-01-13,CGM,290,04:50,2020-01-13 04:50,192,,,,,,,,,,,1,CGM,2020-01-13 04:54,58
2,"Mon, Jan 13",2020-01-13,CGM,295,04:55,2020-01-13 04:55,185,,,,,,,,,,,1,CGM,2020-01-13 04:59,59
2,"Mon, Jan 13",2020-01-13,CGM,300,05:00,2020-01-13 05:00,161,,,,,,,,,,,1,CGM,2020-01-13 05:04,60
2,"Mon, Jan 13",2020-01-13,CGM,305,05:05,2020-01-13 05:05,154,,,,,,,,,,,1,CGM,2020-01-13 05:09,61
2,"Mon, Jan 13",2020-01-13,CGM,310,05:10,2020-01-13 05:10,154,,,,,,,,,,,1,CGM,2020-01-13 05:14,62
2,"Mon, Jan 13",2020-01-13,CGM,315,05:15,2020-01-13 05:15,150,,,,,,,,,,,1,CGM,2020-01-13 05:19,63
2,"Mon, Jan 13",2020-01-13,CGM,320,05:20,2020-01-13 05:20,148,,,,,,,,,,,1,CGM,2020-01-13 05:24,64
2,"Mon, Jan 13",2020-01-13,CGM,325,05:25,2020-01-13 05:25,151,,,,,,,,,,,1,CGM,2020-01-13 05:29,65
2,"Mon, Jan 13",2020-01-13,CGM,330,05:30,2020-01-13 05:30,154,,,,,,,,,,,1,CGM,2020-01-13 05:34,66
2,"Mon, Jan 13",2020-01-13,CGM,335,05:35,2020-01-13 05:35,149,,,,,,,,,,,1,CGM,2020-01-13 05:39,67
2,"Mon, Jan 13",2020-01-13,CGM,340,05:40,2020-01-13 05:40,160,,,,,,,,,,,1,CGM,2020-01-13 05:44,68
2,"Mon, Jan 13",2020-01-13,CGM,345,05:45,2020-01-13 05:45,163,,,,,,,,,,,1,CGM,2020-01-13 05:49,69
2,"Mon, Jan 13",2020-01-13,CGM,350,05:50,2020-01-13 05:50,148,,,,,,,,,,,1,CGM,2020-01-13 05:54,70
2,"Mon, Jan 13",2020-01-13,CGM,355,05:55,2020-01-13 05:55,147,,,,,,,,,,,1,CGM,2020-01-13 05:59,71
2,"Mon, Jan 13",2020-01-13,CGM,360,06:00,2020-01-13 06:00,148,,,,,,,,,,,1,CGM,2020-01-13 06:04,72
2,"Mon, Jan 13",2020-01-13,CGM,365,06:05,2020-01-13 06:05,154,,,,,,,,,,,1,CGM,2020-01-13 06:09,73
2,"Mon, Jan 13",2020-01-13,CGM,370,06:10,2020-01-13 06:10,154,,,,,,,,,,,1,CGM,2020-01-13 06:14,74
2,"Mon, Jan 13",2020-01-13,CGM,375,06:15,2020-01-13 06:15,149,,,,,,,,,,,1,CGM,2020-01-13 06:19,75
2,"Mon, Jan 13",2020-01-13,CGM,380,06:20,2020-01-13 06:20,148,,,,,,,,,,,1,CGM,2020-01-13 06:24,76
2,"Mon, Jan 13",2020-01-13,CGM,385,06:25,2020-01-13 06:25,148,,,,,,,,,,,1,CGM,2020-01-13 06:29,77
2,"Mon, Jan 13",2020-01-13,CGM,390,06:30,2020-01-13 06:30,147,,,,,,,,,,,1,CGM,2020-01-13 06:34,78
2,"Mon, Jan 13",2020-01-13,CGM,395,06:35,2020-01-13 06:35,144,,,,,,,,,,,1,CGM,2020-01-13 06:39,79
2,"Mon, Jan 13",2020-01-13,CGM,400,06:40,2020-01-13 06:40,140,,,,,,,,,,,1,CGM,2020-01-13 06:44,80
2,"Mon, Jan 13",2020-01-13,CGM,405,06:45,2020-01-13 06:45,148,,,,,,,,,,,1,CGM,2020-01-13 06:49,81
2,"Mon, Jan 13",2020-01-13,CGM,410,06:50,2020-01-13 06:50,148,,,,,,,,,,,1,CGM,2020-01-13 06:54,82
2,"Mon, Jan 13",2020-01-13,CGM,415,06:55,2020-01-13 06:55,153,,,,,,,,,,,1,CGM,2020-01-13 06:59,83
2,"Mon, Jan 13",2020-01-13,CGM,420,07:00,2020-01-13 07:00,159,,,,,,,,,,,1,CGM,2020-01-13 07:04,84
2,"Mon, Jan 13",2020-01-13,CGM,425,07:05,2020-01-13 07:05,153,,,,,,,,,,,1,CGM,2020-01-13 07:09,85
2,"Mon, Jan 13",2020-01-13,CGM,430,07:10,2020-01-13 07:10,132,,,,,,,,,,,1,CGM,2020-01-13 07:14,86
2,"Mon, Jan 13",2020-01-13,CGM,435,07:15,2020-01-13 07:15,122,,,,,,,,,,,1,CGM,2020-01-13 07:19,87
2,"Mon, Jan 13",2020-01-13,CGM,440,07:20,2020-01-13 07:20,130,,,,,,,,,,,1,CGM,2020-01-13 07:24,88
2,"Mon, Jan 13",2020-01-13,CGM,450,07:30,2020-01-13 07:30,113,,,,,,,,,,,1,CGM,2020-01-13 07:34,89
2,"Mon, Jan 13",2020-01-13,CGM,455,07:35,2020-01-13 07:35,122,,,,,,,,,,,1,CGM,2020-01-13 07:39,90
2,"Mon, Jan 13",2020-01-13,CGM,460,07:40,2020-01-13 07:40,143,,,,,,,,,,,1,CGM,2020-01-13 07:44,91
2,"Mon, Jan 13",2020-01-13,CGM,465,07:45,2020-01-13 07:45,148,,,,,,,,,,,1,CGM,2020-01-13 07:49,92
2,"Mon, Jan 13",2020-01-13,CGM,470,07:50,2020-01-13 07:50,150,,,,,,,,,,,1,CGM,2020-01-13 07:54,93
2,"Mon, Jan 13",2020-01-13,CGM,475,07:55,2020-01-13 07:55,143,,,,,,,,,,,1,CGM,2020-01-13 07:59,94
2,"Mon, Jan 13",2020-01-13,CGM,480,08:00,2020-01-13 08:00,144,,,,,,,,,,,1,CGM,2020-01-13 08:04,95
2,"Mon, Jan 13",2020-01-13,CGM,485,08:05,2020-01-13 08:05,145,,,,,,,,,,,1,CGM,2020-01-13 08:09,96
2,"Mon, Jan 13",2020-01-13,CGM,490,08:10,2020-01-13 08:10,147,,,,,,,,,,,1,CGM,2020-01-13 08:14,97
2,"Mon, Jan 13",2020-01-13,CGM,495,08:15,2020-01-13 08:15,159,,,,,,,,,,,1,CGM,2020-01-13 08:19,98
2,"Mon, Jan 13",2020-01-13,CGM,500,08:20,2020-01-13 08:20,175,,,,,,,,,,,1,CGM,2020-01-13 08:24,99
2,"Mon, Jan 13",2020-01-13,CGM,505,08:25,2020-01-13 08:25,172,,,,,,,,,,,1,CGM,2020-01-13 08:29,100
2,"Mon, Jan 13",2020-01-13,CGM,510,08:30,2020-01-13 08:30,163,,,,,,,,,,,1,CGM,2020-01-13 08:34,101
2,"Mon, Jan 13",2020-01-13,CGM,515,08:35,2020-01-13 08:35,173,,,,,,,,,,,1,CGM,2020-01-13 08:39,102
2,"Mon, Jan 13",2020-01-13,CGM,520,08:40,2020-01-13 08:40,176,,,,,,,,,,,1,CGM,2020-01-13 08:44,103
2,"Mon, Jan 13",2020-01-13,CGM,525,08:45,2020-01-13 08:45,172,,,,,,,,,,,1,CGM,2020-01-13 08:49,104
2,"Mon, Jan 13",2020-01-13,CGM,530,08:50,2020-01-13 08:50,165,,,,,,,,,,,1,CGM,2020-01-13 08:54,105
2,"Mon, Jan 13",2020-01-13,CGM,535,08:55,2020-01-13 08:55,154,,,,,,,,,,,1,CGM,2020-01-13 08:59,106
2,"Mon, Jan 13",2020-01-13,CGM,540,09:00,2020-01-13 09:00,160,,,,,,,,,,,1,CGM,2020-01-13 09:04,107
2,"Mon, Jan 13",2020-01-13,CGM,545,09:05,2020-01-13 09:05,159,,,,,,,,,,,1,CGM,2020-01-13 09:09,108
2,"Mon, Jan 13",2020-01-13,CGM,550,09:10,2020-01-13 09:10,147,,,,,,,,,,,1,CGM,2020-01-13 09:14,109
2,"Mon, Jan 13",2020-01-13,CGM,555,09:15,2020-01-13 09:15,138,,,,,,,,,,,1,CGM,2020-01-13 09:19,110
2,"Mon, Jan 13",2020-01-13,CGM,560,09:20,2020-01-13 09:20,127,,,,,,,,,,,1,CGM,2020-01-13 09:24,111
2,"Mon, Jan 13",2020-01-13,CGM,565,09:25,2020-01-13 09:25,140,,,,,,,,,,,1,CGM,2020-01-13 09:29,112
2,"Mon, Jan 13",2020-01-13,CGM,570,09:30,2020-01-13 09:30,130,,,,,,,,,,,1,CGM,2020-01-13 09:34,113
2,"Mon, Jan 13",2020-01-13,CGM,575,09:35,2020-01-13 09:35,125,,,,,,,,,,,1,CGM,2020-01-13 09:39,114
2,"Mon, Jan 13",2020-01-13,CGM,580,09:40,2020-01-13 09:40,137,,,,,,,,,,,1,CGM,2020-01-13 09:44,115
2,"Mon, Jan 13",2020-01-13,CGM,585,09:45,2020-01-13 09:45,123,,,,,,,,,,,1,CGM,2020-01-13 09:49,116
2,"Mon, Jan 13",2020-01-13,CGM,590,09:50,2020-01-13 09:50,120,,,,,,,,,,,1,CGM,2020-01-13 09:54,117
2,"Mon, Jan 13",2020-01-13,CGM,595,09:55,2020-01-13 09:55,124,,,,,,,,,,,1,CGM,2020-01-13 09:59,118
2,"Mon, Jan 13",2020-01-13,CGM,600,10:00,2020-01-13 10:00,136,,,,,,,,,,,1,CGM,2020-01-13 10:04,119
2,"Mon, Jan 13",2020-01-13,CGM,605,10:05,2020-01-13 10:05,132,,,,,,,,,,,1,CGM,2020-01-13 10:09,120
2,"Mon, Jan 13",2020-01-13,CGM,610,10:10,2020-01-13 10:10,121,,,,,,,,,,,1,CGM,2020-01-13 10:14,121
2,"Mon, Jan 13",2020-01-13,CGM,615,10:15,2020-01-13 10:15,128,,,,,,,,,,,1,CGM,2020-01-13 10:19,122
2,"Mon, Jan 13",2020-01-13,CGM,620,10:20,2020-01-13 10:20,122,,,,,,,,,,,1,CGM,2020-01-13 10:24,123
2,"Mon, Jan 13",2020-01-13,CGM,625,10:25,2020-01-13 10:25,115,,,,,,,,,,,1,CGM,2020-01-13 10:29,124
2,"Mon, Jan 13",2020-01-13,CGM,630,10:30,2020-01-13 10:30,109,,,,,,,,,,,1,CGM,2020-01-13 10:34,125
2,"Mon, Jan 13",2020-01-13,CGM,635,10:35,2020-01-13 10:35,112,,,,,,,,,,,1,CGM,2020-01-13 10:39,126
2,"Mon, Jan 13",2020-01-13,CGM,640,10:40,2020-01-13 10:40,115,,,,,,,,,,,1,CGM,2020-01-13 10:44,127
2,"Mon, Jan 13",2020-01-13,CGM,645,10:45,2020-01-13 10:45,121,,,,,,,,,,,1,CGM,2020-01-13 10:49,128
2,"Mon, Jan 13",2020-01-13,CGM,650,10:50,2020-01-13 10:50,124,,,,,,,,,,,1,CGM,2020-01-13 10:54,129
2,"Mon, Jan 13",2020-01-13,CGM,655,10:55,2020-01-13 10:55,142,,,,,,,,,,,1,CGM,2020-01-13 10:59,130
2,"Mon, Jan 13",2020-01-13,CGM,660,11:00,2020-01-13 11:00,164,,,,,,,,,,,1,CGM,2020-01-13 11:04,131
2,"Mon, Jan 13",2020-01-13,CGM,665,11:05,2020-01-13 11:05,171,,,,,,,,,,,1,CGM,2020-01-13 11:09,132
2,"Mon, Jan 13",2020-01-13,CGM,670,11:10,2020-01-13 11:10,175,,,,,,,,,,,1,CGM,2020-01-13 11:14,133
2,"Mon, Jan 13",2020-01-13,CGM,675,11:15,2020-01-13 11:15,178,,,,,,,,,,,1,CGM,2020-01-13 11:19,134
2,"Mon, Jan 13",2020-01-13,CGM,680,11:20,2020-01-13 11:20,185,,,,,,,,,,,1,CGM,2020-01-13 11:24,135
2,"Mon, Jan 13",2020-01-13,CGM,685,11:25,2020-01-13 11:25,202,,,,,,,,,,,1,CGM,2020-01-13 11:29,136
2,"Mon, Jan 13",2020-01-13,CGM,690,11:30,2020-01-13 11:30,238,,,,,,,,,,,1,CGM,2020-01-13 11:34,137
2,"Mon, Jan 13",2020-01-13,CGM,695,11:35,2020-01-13 11:35,250,,,,,,,,,,,1,CGM,2020-01-13 11:39,138
2,"Mon, Jan 13",2020-01-13,CGM,700,11:40,2020-01-13 11:40,247,,,,,,,,,,,1,CGM,2020-01-13 11:44,139
2,"Mon, Jan 13",2020-01-13,CGM,705,11:45,2020-01-13 11:45,257,,,,,,,,,,,1,CGM,2020-01-13 11:49,140
2,"Mon, Jan 13",2020-01-13,CGM,710,11:50,2020-01-13 11:50,251,,,,,,,,,,,1,CGM,2020-01-13 11:54,141
2,"Mon, Jan 13",2020-01-13,CGM,715,11:55,2020-01-13 11:55,245,,,,,,,,,,,1,CGM,2020-01-13 11:59,142
2,"Mon, Jan 13",2020-01-13,CGM,720,12:00,2020-01-13 12:00,260,,,,,,,,,,,1,CGM,2020-01-13 12:04,143
2,"Mon, Jan 13",2020-01-13,CGM,725,12:05,2020-01-13 12:05,256,,,,,,,,,,,1,CGM,2020-01-13 12:09,144
2,"Mon, Jan 13",2020-01-13,CGM,730,12:10,2020-01-13 12:10,244,,,,,,,,,,,1,CGM,2020-01-13 12:14,145
2,"Mon, Jan 13",2020-01-13,CGM,735,12:15,2020-01-13 12:15,237,,,,,,,,,,,1,CGM,2020-01-13 12:19,146
2,"Mon, Jan 13",2020-01-13,CGM,740,12:20,2020-01-13 12:20,232,,,,,,,,,,,1,CGM,2020-01-13 12:24,147
2,"Mon, Jan 13",2020-01-13,CGM,745,12:25,2020-01-13 12:25,225,,,,,,,,,,,1,CGM,2020-01-13 12:29,148
2,"Mon, Jan 13",2020-01-13,CGM,750,12:30,2020-01-13 12:30,234,,,,,,,,,,,1,CGM,2020-01-13 12:34,149
2,"Mon, Jan 13",2020-01-13,CGM,755,12:35,2020-01-13 12:35,227,,,,,,,,,,,1,CGM,2020-01-13 12:39,150
2,"Mon, Jan 13",2020-01-13,CGM,760,12:40,2020-01-13 12:40,217,,,,,,,,,,,1,CGM,2020-01-13 12:44,151
2,"Mon, Jan 13",2020-01-13,CGM,765,12:45,2020-01-13 12:45,212,,,,,,,,,,,1,CGM,2020-01-13 12:49,152
2,"Mon, Jan 13",2020-01-13,CGM,770,12:50,2020-01-13 12:50,208,,,,,,,,,,,1,CGM,2020-01-13 12:54,153
2,"Mon, Jan 13",2020-01-13,CGM,775,12:55,2020-01-13 12:55,197,,,,,,,,,,,1,CGM,2020-01-13 12:59,154
2,"Mon, Jan 13",2020-01-13,CGM,780,13:00,2020-01-13 13:00,185,,,,,,,,,,,1,CGM,2020-01-13 13:04,155
2,"Mon, Jan 13",2020-01-13,CGM,785,13:05,2020-01-13 13:05,193,,,,,,,,,,,1,CGM,2020-01-13 13:09,156
2,"Mon, Jan 13",2020-01-13,CGM,790,13:10,2020-01-13 13:10,201,,,,,,,,,,,1,CGM,2020-01-13 13:14,157
2,"Mon, Jan 13",2020-01-13,CGM,795,13:15,2020-01-13 13:15,200,,,,,,,,,,,1,CGM,2020-01-13 13:19,158
2,"Mon, Jan 13",2020-01-13,CGM,800,13:20,2020-01-13 13:20,177,,,,,,,,,,,1,CGM,2020-01-13 13:24,159
2,"Mon, Jan 13",2020-01-13,CGM,805,13:25,2020-01-13 13:25,160,,,,,,,,,,,1,CGM,2020-01-13 13:29,160
2,"Mon, Jan 13",2020-01-13,CGM,810,13:30,2020-01-13 13:30,161,,,,,,,,,,,1,CGM,2020-01-13 13:34,161
2,"Mon, Jan 13",2020-01-13,CGM,815,13:35,2020-01-13 13:35,169,,,,,,,,,,,1,CGM,2020-01-13 13:39,162
2,"Mon, Jan 13",2020-01-13,CGM,820,13:40,2020-01-13 13:40,197,,,,,,,,,,,1,CGM,2020-01-13 13:44,163
2,"Mon, Jan 13",2020-01-13,CGM,825,13:45,2020-01-13 13:45,212,,,,,,,,,,,1,CGM,2020-01-13 13:49,164
2,"Mon, Jan 13",2020-01-13,CGM,830,13:50,2020-01-13 13:50,207,,,,,,,,,,,1,CGM,2020-01-13 13:54,165
2,"Mon, Jan 13",2020-01-13,CGM,835,13:55,2020-01-13 13:55,195,,,,,,,,,,,1,CGM,2020-01-13 13:59,166
2,"Mon, Jan 13",2020-01-13,CGM,840,14:00,2020-01-13 14:00,188,,,,,,,,,,,1,CGM,2020-01-13 14:04,167
2,"Mon, Jan 13",2020-01-13,CGM,845,14:05,2020-01-13 14:05,188,,,,,,,,,,,1,CGM,2020-01-13 14:09,168
2,"Mon, Jan 13",2020-01-13,CGM,850,14:10,2020-01-13 14:10,183,,,,,,,,,,,1,CGM,2020-01-13 14:14,169
2,"Mon, Jan 13",2020-01-13,CGM,855,14:15,2020-01-13 14:15,174,,,,,,,,,,,1,CGM,2020-01-13 14:19,170
2,"Mon, Jan 13",2020-01-13,CGM,860,14:20,2020-01-13 14:20,168,,,,,,,,,,,1,CGM,2020-01-13 14:24,171
2,"Mon, Jan 13",2020-01-13,CGM,865,14:25,2020-01-13 14:25,162,,,,,,,,,,,1,CGM,2020-01-13 14:29,172
2,"Mon, Jan 13",2020-01-13,CGM,870,14:30,2020-01-13 14:30,155,,,,,,,,,,,1,CGM,2020-01-13 14:34,173
2,"Mon, Jan 13",2020-01-13,CGM,875,14:35,2020-01-13 14:35,156,,,,,,,,,,,1,CGM,2020-01-13 14:39,174
2,"Mon, Jan 13",2020-01-13,CGM,880,14:40,2020-01-13 14:40,158,,,,,,,,,,,1,CGM,2020-01-13 14:44,175
2,"Mon, Jan 13",2020-01-13,CGM,885,14:45,2020-01-13 14:45,182,,,,,,,,,,,1,CGM,2020-01-13 14:49,176
2,"Mon, Jan 13",2020-01-13,CGM,890,14:50,2020-01-13 14:50,207,,,,,,,,,,,1,CGM,2020-01-13 14:54,177
2,"Mon, Jan 13",2020-01-13,CGM,895,14:55,2020-01-13 14:55,210,,,,,,,,,,,1,CGM,2020-01-13 14:59,178
2,"Mon, Jan 13",2020-01-13,CGM,900,15:00,2020-01-13 15:00,208,,,,,,,,,,,1,CGM,2020-01-13 15:04,179
2,"Mon, Jan 13",2020-01-13,CGM,905,15:05,2020-01-13 15:05,219,,,,,,,,,,,1,CGM,2020-01-13 15:09,180
2,"Mon, Jan 13",2020-01-13,CGM,910,15:10,2020-01-13 15:10,226,,,,,,,,,,,1,CGM,2020-01-13 15:14,181
2,"Mon, Jan 13",2020-01-13,CGM,915,15:15,2020-01-13 15:15,207,,,,,,,,,,,1,CGM,2020-01-13 15:19,182
2,"Mon, Jan 13",2020-01-13,CGM,920,15:20,2020-01-13 15:20,185,,,,,,,,,,,1,CGM,2020-01-13 15:24,183
2,"Mon, Jan 13",2020-01-13,CGM,925,15:25,2020-01-13 15:25,180,,,,,,,,,,,1,CGM,2020-01-13 15:29,184
2,"Mon, Jan 13",2020-01-13,CGM,930,15:30,2020-01-13 15:30,166,,,,,,,,,,,1,CGM,2020-01-13 15:34,185
2,"Mon, Jan 13",2020-01-13,CGM,935,15:35,2020-01-13 15:35,146,,,,,,,,,,,1,CGM,2020-01-13 15:39,186
2,"Mon, Jan 13",2020-01-13,CGM,940,15:40,2020-01-13 15:40,141,,,,,,,,,,,1,CGM,2020-01-13 15:44,187
2,"Mon, Jan 13",2020-01-13,CGM,945,15:45,2020-01-13 15:45,153,,,,,,,,,,,1,CGM,2020-01-13 15:49,188
2,"Mon, Jan 13",2020-01-13,CGM,950,15:50,2020-01-13 15:50,159,,,,,,,,,,,1,CGM,2020-01-13 15:54,189
2,"Mon, Jan 13",2020-01-13,CGM,955,15:55,2020-01-13 15:55,178,,,,,,,,,,,1,CGM,2020-01-13 15:59,190
2,"Mon, Jan 13",2020-01-13,CGM,960,16:00,2020-01-13 16:00,196,,,,,,,,,,,1,CGM,2020-01-13 16:04,191
2,"Mon, Jan 13",2020-01-13,CGM,965,16:05,2020-01-13 16:05,209,,,,,,,,,,,1,CGM,2020-01-13 16:09,192
2,"Mon, Jan 13",2020-01-13,CGM,970,16:10,2020-01-13 16:10,216,,,,,,,,,,,1,CGM,2020-01-13 16:14,193
2,"Mon, Jan 13",2020-01-13,CGM,975,16:15,2020-01-13 16:15,237,,,,,,,,,,,1,CGM,2020-01-13 16:19,194
2,"Mon, Jan 13",2020-01-13,CGM,980,16:20,2020-01-13 16:20,246,,,,,,,,,,,1,CGM,2020-01-13 16:24,195
2,"Mon, Jan 13",2020-01-13,CGM,985,16:25,2020-01-13 16:25,248,,,,,,,,,,,1,CGM,2020-01-13 16:29,196
2,"Mon, Jan 13",2020-01-13,CGM,990,16:30,2020-01-13 16:30,253,,,,,,,,,,,1,CGM,2020-01-13 16:34,197
2,"Mon, Jan 13",2020-01-13,CGM,995,16:35,2020-01-13 16:35,245,,,,,,,,,,,1,CGM,2020-01-13 16:39,198
2,"Mon, Jan 13",2020-01-13,CGM,1000,16:40,2020-01-13 16:40,250,,,,,,,,,,,1,CGM,2020-01-13 16:44,199
2,"Mon, Jan 13",2020-01-13,CGM,1005,16:45,2020-01-13 16:45,269,,,,,,,,,,,1,CGM,2020-01-13 16:49,200
2,"Mon, Jan 13",2020-01-13,CGM,1010,16:50,2020-01-13 16:50,266,,,,,,,,,,,1,CGM,2020-01-13 16:54,201
2,"Mon, Jan 13",2020-01-13,CGM,1015,16:55,2020-01-13 16:55,238,,,,,,,,,,,1,CGM,2020-01-13 16:59,202
2,"Mon, Jan 13",2020-01-13,CGM,1020,17:00,2020-01-13 17:00,215,,,,,,,,,,,1,CGM,2020-01-13 17:04,203
2,"Mon, Jan 13",2020-01-13,CGM,1025,17:05,2020-01-13 17:05,194,,,,,,,,,,,1,CGM,2020-01-13 17:09,204
2,"Mon, Jan 13",2020-01-13,CGM,1030,17:10,2020-01-13 17:10,175,,,,,,,,,,,1,CGM,2020-01-13 17:14,205
2,"Mon, Jan 13",2020-01-13,CGM,1035,17:15,2020-01-13 17:15,160,,,,,,,,,,,1,CGM,2020-01-13 17:19,206
2,"Mon, Jan 13",2020-01-13,CGM,1040,17:20,2020-01-13 17:20,141,,,,,,,,,,,1,CGM,2020-01-13 17:24,207
2,"Mon, Jan 13",2020-01-13,CGM,1045,17:25,2020-01-13 17:25,123,,,,,,,,,,,1,CGM,2020-01-13 17:29,208
2,"Mon, Jan 13",2020-01-13,CGM,1050,17:30,2020-01-13 17:30,101,,,,,,,,,,,1,CGM,2020-01-13 17:34,209
2,"Mon, Jan 13",2020-01-13,CGM,1055,17:35,2020-01-13 17:35,80,,,,,,,,,,,1,CGM,2020-01-13 17:39,210
2,"Mon, Jan 13",2020-01-13,CGM,1060,17:40,2020-01-13 17:40,67,,,,,,,,,,,1,CGM,2020-01-13 17:44,211
2,"Mon, Jan 13",2020-01-13,CGM,1065,17:45,2020-01-13 17:45,58,,,,,,,,,,,1,CGM,2020-01-13 17:49,212
2,"Mon, Jan 13",2020-01-13,CGM,1070,17:50,2020-01-13 17:50,54,,,,,,,,,,,1,CGM,2020-01-13 17:54,213
2,"Mon, Jan 13",2020-01-13,CGM,1075,17:55,2020-01-13 17:55,50,,,,,,,,,,,1,CGM,2020-01-13 17:59,214
2,"Mon, Jan 13",2020-01-13,CGM,1080,18:00,2020-01-13 18:00,50,,,,,,,,,,,1,CGM,2020-01-13 18:04,215
2,"Mon, Jan 13",2020-01-13,CGM,1085,18:05,2020-01-13 18:05,64,,,,,,,,,,,1,CGM,2020-01-13 18:09,216
2,"Mon, Jan 13",2020-01-13,CGM,1090,18:10,2020-01-13 18:10,72,,,,,,,,,,,1,CGM,2020-01-13 18:14,217
2,"Mon, Jan 13",2020-01-13,CGM,1095,18:15,2020-01-13 18:15,73,,,,,,,,,,,1,CGM,2020-01-13 18:19,218
2,"Mon, Jan 13",2020-01-13,CGM,1100,18:20,2020-01-13 18:20,70,,,,,,,,,,,1,CGM,2020-01-13 18:24,219
2,"Mon, Jan 13",2020-01-13,CGM,1105,18:25,2020-01-13 18:25,61,,,,,,,,,,,1,CGM,2020-01-13 18:29,220
2,"Mon, Jan 13",2020-01-13,CGM,1110,18:30,2020-01-13 18:30,54,,,,,,,,,,,1,CGM,2020-01-13 18:34,221
2,"Mon, Jan 13",2020-01-13,CGM,1115,18:35,2020-01-13 18:35,54,,,,,,,,,,,1,CGM,2020-01-13 18:39,222
2,"Mon, Jan 13",2020-01-13,CGM,1120,18:40,2020-01-13 18:40,53,,,,,,,,,,,1,CGM,2020-01-13 18:44,223
2,"Mon, Jan 13",2020-01-13,CGM,1125,18:45,2020-01-13 18:45,45,,,,,,,,,,,1,CGM,2020-01-13 18:49,224
2,"Mon, Jan 13",2020-01-13,CGM,1130,18:50,2020-01-13 18:50,53,,,,,,,,,,,1,CGM,2020-01-13 18:54,225
2,"Mon, Jan 13",2020-01-13,CGM,1135,18:55,2020-01-13 18:55,87,,,,,,,,,,,1,CGM,2020-01-13 18:59,226
2,"Mon, Jan 13",2020-01-13,CGM,1140,19:00,2020-01-13 19:00,119,,,,,,,,,,,1,CGM,2020-01-13 19:04,227
2,"Mon, Jan 13",2020-01-13,CGM,1145,19:05,2020-01-13 19:05,142,,,,,,,,,,,1,CGM,2020-01-13 19:09,228
2,"Mon, Jan 13",2020-01-13,CGM,1150,19:10,2020-01-13 19:10,161,,,,,,,,,,,1,CGM,2020-01-13 19:14,229
2,"Mon, Jan 13",2020-01-13,CGM,1155,19:15,2020-01-13 19:15,173,,,,,,,,,,,1,CGM,2020-01-13 19:19,230
2,"Mon, Jan 13",2020-01-13,CGM,1160,19:20,2020-01-13 19:20,179,,,,,,,,,,,1,CGM,2020-01-13 19:24,231
2,"Mon, Jan 13",2020-01-13,CGM,1165,19:25,2020-01-13 19:25,177,,,,,,,,,,,1,CGM,2020-01-13 19:29,232
2,"Mon, Jan 13",2020-01-13,CGM,1170,19:30,2020-01-13 19:30,176,,,,,,,,,,,1,CGM,2020-01-13 19:34,233
2,"Mon, Jan 13",2020-01-13,CGM,1175,19:35,2020-01-13 19:35,182,,,,,,,,,,,1,CGM,2020-01-13 19:39,234
2,"Mon, Jan 13",2020-01-13,CGM,1180,19:40,2020-01-13 19:40,183,,,,,,,,,,,1,CGM,2020-01-13 19:44,235
2,"Mon, Jan 13",2020-01-13,CGM,1185,19:45,2020-01-13 19:45,188,,,,,,,,,,,1,CGM,2020-01-13 19:49,236
2,"Mon, Jan 13",2020-01-13,CGM,1190,19:50,2020-01-13 19:50,171,,,,,,,,,,,1,CGM,2020-01-13 19:54,237
2,"Mon, Jan 13",2020-01-13,CGM,1195,19:55,2020-01-13 19:55,158,,,,,,,,,,,1,CGM,2020-01-13 19:59,238
2,"Mon, Jan 13",2020-01-13,CGM,1200,20:00,2020-01-13 20:00,169,,,,,,,,,,,1,CGM,2020-01-13 20:04,239
2,"Mon, Jan 13",2020-01-13,CGM,1205,20:05,2020-01-13 20:05,189,,,,,,,,,,,1,CGM,2020-01-13 20:09,240
2,"Mon, Jan 13",2020-01-13,CGM,1210,20:10,2020-01-13 20:10,186,,,,,,,,,,,1,CGM,2020-01-13 20:14,241
2,"Mon, Jan 13",2020-01-13,CGM,1215,20:15,2020-01-13 20:15,182,,,,,,,,,,,1,CGM,2020-01-13 20:19,242
2,"Mon, Jan 13",2020-01-13,CGM,1220,20:20,2020-01-13 20:20,190,,,,,,,,,,,1,CGM,2020-01-13 20:24,243
2,"Mon, Jan 13",2020-01-13,CGM,1225,20:25,2020-01-13 20:25,195,,,,,,,,,,,1,CGM,2020-01-13 20:29,244
2,"Mon, Jan 13",2020-01-13,CGM,1230,20:30,2020-01-13 20:30,196,,,,,,,,,,,1,CGM,2020-01-13 20:34,245
2,"Mon, Jan 13",2020-01-13,CGM,1235,20:35,2020-01-13 20:35,207,,,,,,,,,,,1,CGM,2020-01-13 20:39,246
2,"Mon, Jan 13",2020-01-13,CGM,1240,20:40,2020-01-13 20:40,215,,,,,,,,,,,1,CGM,2020-01-13 20:44,247
2,"Mon, Jan 13",2020-01-13,CGM,1245,20:45,2020-01-13 20:45,224,,,,,,,,,,,1,CGM,2020-01-13 20:49,248
2,"Mon, Jan 13",2020-01-13,CGM,1250,20:50,2020-01-13 20:50,237,,,,,,,,,,,1,CGM,2020-01-13 20:54,249
2,"Mon, Jan 13",2020-01-13,CGM,1255,20:55,2020-01-13 20:55,228,,,,,,,,,,,1,CGM,2020-01-13 20:59,250
2,"Mon, Jan 13",2020-01-13,CGM,1260,21:00,2020-01-13 21:00,224,,,,,,,,,,,1,CGM,2020-01-13 21:04,251
2,"Mon, Jan 13",2020-01-13,CGM,1265,21:05,2020-01-13 21:05,226,,,,,,,,,,,1,CGM,2020-01-13 21:09,252
2,"Mon, Jan 13",2020-01-13,CGM,1270,21:10,2020-01-13 21:10,227,,,,,,,,,,,1,CGM,2020-01-13 21:14,253
2,"Mon, Jan 13",2020-01-13,CGM,1275,21:15,2020-01-13 21:15,227,,,,,,,,,,,1,CGM,2020-01-13 21:19,254
2,"Mon, Jan 13",2020-01-13,CGM,1280,21:20,2020-01-13 21:20,219,,,,,,,,,,,1,CGM,2020-01-13 21:24,255
2,"Mon, Jan 13",2020-01-13,CGM,1285,21:25,2020-01-13 21:25,201,,,,,,,,,,,1,CGM,2020-01-13 21:29,256
2,"Mon, Jan 13",2020-01-13,CGM,1290,21:30,2020-01-13 21:30,205,,,,,,,,,,,1,CGM,2020-01-13 21:34,257
2,"Mon, Jan 13",2020-01-13,CGM,1295,21:35,2020-01-13 21:35,200,,,,,,,,,,,1,CGM,2020-01-13 21:39,258
2,"Mon, Jan 13",2020-01-13,CGM,1300,21:40,2020-01-13 21:40,202,,,,,,,,,,,1,CGM,2020-01-13 21:44,259
2,"Mon, Jan 13",2020-01-13,CGM,1305,21:45,2020-01-13 21:45,210,,,,,,,,,,,1,CGM,2020-01-13 21:49,260
2,"Mon, Jan 13",2020-01-13,CGM,1310,21:50,2020-01-13 21:50,209,,,,,,,,,,,1,CGM,2020-01-13 21:54,261
2,"Mon, Jan 13",2020-01-13,CGM,1315,21:55,2020-01-13 21:55,222,,,,,,,,,,,1,CGM,2020-01-13 21:59,262
2,"Mon, Jan 13",2020-01-13,CGM,1320,22:00,2020-01-13 22:00,214,,,,,,,,,,,1,CGM,2020-01-13 22:04,263
2,"Mon, Jan 13",2020-01-13,CGM,1325,22:05,2020-01-13 22:05,205,,,,,,,,,,,1,CGM,2020-01-13 22:09,264
2,"Mon, Jan 13",2020-01-13,CGM,1330,22:10,2020-01-13 22:10,194,,,,,,,,,,,1,CGM,2020-01-13 22:14,265
2,"Mon, Jan 13",2020-01-13,CGM,1335,22:15,2020-01-13 22:15,183,,,,,,,,,,,1,CGM,2020-01-13 22:19,266
2,"Mon, Jan 13",2020-01-13,CGM,1340,22:20,2020-01-13 22:20,172,,,,,,,,,,,1,CGM,2020-01-13 22:24,267
2,"Mon, Jan 13",2020-01-13,CGM,1345,22:25,2020-01-13 22:25,163,,,,,,,,,,,1,CGM,2020-01-13 22:29,268
2,"Mon, Jan 13",2020-01-13,CGM,1350,22:30,2020-01-13 22:30,157,,,,,,,,,,,1,CGM,2020-01-13 22:34,269
2,"Mon, Jan 13",2020-01-13,CGM,1355,22:35,2020-01-13 22:35,155,,,,,,,,,,,1,CGM,2020-01-13 22:39,270
2,"Mon, Jan 13",2020-01-13,CGM,1360,22:40,2020-01-13 22:40,151,,,,,,,,,,,1,CGM,2020-01-13 22:44,271
2,"Mon, Jan 13",2020-01-13,CGM,1365,22:45,2020-01-13 22:45,143,,,,,,,,,,,1,CGM,2020-01-13 22:49,272
2,"Mon, Jan 13",2020-01-13,CGM,1370,22:50,2020-01-13 22:50,141,,,,,,,,,,,1,CGM,2020-01-13 22:54,273
2,"Mon, Jan 13",2020-01-13,CGM,1375,22:55,2020-01-13 22:55,134,,,,,,,,,,,1,CGM,2020-01-13 22:59,274
2,"Mon, Jan 13",2020-01-13,CGM,1380,23:00,2020-01-13 23:00,128,,,,,,,,,,,1,CGM,2020-01-13 23:04,275
2,"Mon, Jan 13",2020-01-13,CGM,1385,23:05,2020-01-13 23:05,119,,,,,,,,,,,1,CGM,2020-01-13 23:09,276
2,"Mon, Jan 13",2020-01-13,CGM,1390,23:10,2020-01-13 23:10,112,,,,,,,,,,,1,CGM,2020-01-13 23:14,277
2,"Mon, Jan 13",2020-01-13,CGM,1395,23:15,2020-01-13 23:15,104,,,,,,,,,,,1,CGM,2020-01-13 23:19,278
2,"Mon, Jan 13",2020-01-13,CGM,1400,23:20,2020-01-13 23:20,107,,,,,,,,,,,1,CGM,2020-01-13 23:24,279
2,"Mon, Jan 13",2020-01-13,CGM,1405,23:25,2020-01-13 23:25,110,,,,,,,,,,,1,CGM,2020-01-13 23:29,280
2,"Mon, Jan 13",2020-01-13,CGM,1410,23:30,2020-01-13 23:30,115,,,,,,,,,,,1,CGM,2020-01-13 23:34,281
2,"Mon, Jan 13",2020-01-13,CGM,1415,23:35,2020-01-13 23:35,119,,,,,,,,,,,1,CGM,2020-01-13 23:39,282
2,"Mon, Jan 13",2020-01-13,CGM,1420,23:40,2020-01-13 23:40,116,,,,,,,,,,,1,CGM,2020-01-13 23:44,283
2,"Mon, Jan 13",2020-01-13,CGM,1425,23:45,2020-01-13 23:45,115,,,,,,,,,,,1,CGM,2020-01-13 23:49,284
2,"Mon, Jan 13",2020-01-13,CGM,1430,23:50,2020-01-13 23:50,116,,,,,,,,,,,1,CGM,2020-01-13 23:54,285
2,"Mon, Jan 13",2020-01-13,CGM,1435,23:55,2020-01-13 23:55,106,,,,,,,,,,,1,CGM,2020-01-13 23:59,286
2,"Mon, Jan 13",2020-01-13,Insulin,0,00:00,2020-01-13 00:00,0.422,,,,,,,,,,,2,Insulin,2020-01-13 00:04,0
2,"Mon, Jan 13",2020-01-13,Insulin,5,00:05,2020-01-13 00:05,0.201,,,,,,,,,,,2,Insulin,2020-01-13 00:09,1
2,"Mon, Jan 13",2020-01-13,Insulin,10,00:10,2020-01-13 00:10,0,,,,,,,,,,,2,Insulin,2020-01-13 00:14,2
2,"Mon, Jan 13",2020-01-13,Insulin,15,00:15,2020-01-13 00:15,0.046,,,,,,,,,,,2,Insulin,2020-01-13 00:19,3
2,"Mon, Jan 13",2020-01-13,Insulin,20,00:20,2020-01-13 00:20,0,,,,,,,,,,,2,Insulin,2020-01-13 00:24,4
2,"Mon, Jan 13",2020-01-13,Insulin,25,00:25,2020-01-13 00:25,0,,,,,,,,,,,2,Insulin,2020-01-13 00:29,5
2,"Mon, Jan 13",2020-01-13,Insulin,30,00:30,2020-01-13 00:30,0,,,,,,,,,,,2,Insulin,2020-01-13 00:34,6
2,"Mon, Jan 13",2020-01-13,Insulin,35,00:35,2020-01-13 00:35,0,,,,,,,,,,,2,Insulin,2020-01-13 00:39,7
2,"Mon, Jan 13",2020-01-13,Insulin,40,00:40,2020-01-13 00:40,0,,,,,,,,,,,2,Insulin,2020-01-13 00:44,8
2,"Mon, Jan 13",2020-01-13,Insulin,50,00:50,2020-01-13 00:50,0.05,,,,,,,,,,,2,Insulin,2020-01-13 00:50,9
2,"Mon, Jan 13",2020-01-13,Insulin,55,00:55,2020-01-13 00:55,1.505,,,,,,,,,,,2,Insulin,2020-01-13 00:55,10
2,"Mon, Jan 13",2020-01-13,Insulin,55,00:55,2020-01-13 00:55,1.592,,,,,,,,,,,2,Insulin,2020-01-13 00:59,11
2,"Mon, Jan 13",2020-01-13,Insulin,60,01:00,2020-01-13 01:00,0,,,,,,,,,,,2,Insulin,2020-01-13 01:04,12
2,"Mon, Jan 13",2020-01-13,Insulin,65,01:05,2020-01-13 01:05,0.043,,,,,,,,,,,2,Insulin,2020-01-13 01:09,13
2,"Mon, Jan 13",2020-01-13,Insulin,70,01:10,2020-01-13 01:10,0,,,,,,,,,,,2,Insulin,2020-01-13 01:14,14
2,"Mon, Jan 13",2020-01-13,Insulin,75,01:15,2020-01-13 01:15,0.107,,,,,,,,,,,2,Insulin,2020-01-13 01:19,15
2,"Mon, Jan 13",2020-01-13,Insulin,80,01:20,2020-01-13 01:20,0.366,,,,,,,,,,,2,Insulin,2020-01-13 01:24,16
2,"Mon, Jan 13",2020-01-13,Insulin,85,01:25,2020-01-13 01:25,0.578,,,,,,,,,,,2,Insulin,2020-01-13 01:29,17
2,"Mon, Jan 13",2020-01-13,Insulin,90,01:30,2020-01-13 01:30,1.192,,,,,,,,,,,2,Insulin,2020-01-13 01:34,18
2,"Mon, Jan 13",2020-01-13,Insulin,95,01:35,2020-01-13 01:35,0,,,,,,,,,,,2,Insulin,2020-01-13 01:39,19
2,"Mon, Jan 13",2020-01-13,Insulin,100,01:40,2020-01-13 01:40,0.122,,,,,,,,,,,2,Insulin,2020-01-13 01:44,20
2,"Mon, Jan 13",2020-01-13,Insulin,105,01:45,2020-01-13 01:45,0.061,,,,,,,,,,,2,Insulin,2020-01-13 01:49,21
2,"Mon, Jan 13",2020-01-13,Insulin,110,01:50,2020-01-13 01:50,0.061,,,,,,,,,,,2,Insulin,2020-01-13 01:54,22
2,"Mon, Jan 13",2020-01-13,Insulin,115,01:55,2020-01-13 01:55,0.056,,,,,,,,,,,2,Insulin,2020-01-13 01:59,23
2,"Mon, Jan 13",2020-01-13,Insulin,120,02:00,2020-01-13 02:00,0.064,,,,,,,,,,,2,Insulin,2020-01-13 02:04,24
2,"Mon, Jan 13",2020-01-13,Insulin,125,02:05,2020-01-13 02:05,0.058,,,,,,,,,,,2,Insulin,2020-01-13 02:09,25
2,"Mon, Jan 13",2020-01-13,Insulin,130,02:10,2020-01-13 02:10,0.056,,,,,,,,,,,2,Insulin,2020-01-13 02:14,26
2,"Mon, Jan 13",2020-01-13,Insulin,135,02:15,2020-01-13 02:15,0.064,,,,,,,,,,,2,Insulin,2020-01-13 02:19,27
2,"Mon, Jan 13",2020-01-13,Insulin,140,02:20,2020-01-13 02:20,0.058,,,,,,,,,,,2,Insulin,2020-01-13 02:24,28
2,"Mon, Jan 13",2020-01-13,Insulin,145,02:25,2020-01-13 02:25,0.051,,,,,,,,,,,2,Insulin,2020-01-13 02:29,29
2,"Mon, Jan 13",2020-01-13,Insulin,150,02:30,2020-01-13 02:30,0.061,,,,,,,,,,,2,Insulin,2020-01-13 02:34,30
2,"Mon, Jan 13",2020-01-13,Insulin,155,02:35,2020-01-13 02:35,0.058,,,,,,,,,,,2,Insulin,2020-01-13 02:39,31
2,"Mon, Jan 13",2020-01-13,Insulin,160,02:40,2020-01-13 02:40,0.061,,,,,,,,,,,2,Insulin,2020-01-13 02:44,32
2,"Mon, Jan 13",2020-01-13,Insulin,165,02:45,2020-01-13 02:45,0.066,,,,,,,,,,,2,Insulin,2020-01-13 02:49,33
2,"Mon, Jan 13",2020-01-13,Insulin,170,02:50,2020-01-13 02:50,0,,,,,,,,,,,2,Insulin,2020-01-13 02:54,34
2,"Mon, Jan 13",2020-01-13,Insulin,175,02:55,2020-01-13 02:55,0.066,,,,,,,,,,,2,Insulin,2020-01-13 02:59,35
2,"Mon, Jan 13",2020-01-13,Insulin,180,03:00,2020-01-13 03:00,0,,,,,,,,,,,2,Insulin,2020-01-13 03:04,36
2,"Mon, Jan 13",2020-01-13,Insulin,185,03:05,2020-01-13 03:05,0.047,,,,,,,,,,,2,Insulin,2020-01-13 03:09,37
2,"Mon, Jan 13",2020-01-13,Insulin,190,03:10,2020-01-13 03:10,0.062,,,,,,,,,,,2,Insulin,2020-01-13 03:14,38
2,"Mon, Jan 13",2020-01-13,Insulin,195,03:15,2020-01-13 03:15,0.116,,,,,,,,,,,2,Insulin,2020-01-13 03:19,39
2,"Mon, Jan 13",2020-01-13,Insulin,200,03:20,2020-01-13 03:20,0.231,,,,,,,,,,,2,Insulin,2020-01-13 03:24,40
2,"Mon, Jan 13",2020-01-13,Insulin,205,03:25,2020-01-13 03:25,0.33,,,,,,,,,,,2,Insulin,2020-01-13 03:29,41
2,"Mon, Jan 13",2020-01-13,Insulin,210,03:30,2020-01-13 03:30,0.368,,,,,,,,,,,2,Insulin,2020-01-13 03:34,42
2,"Mon, Jan 13",2020-01-13,Insulin,215,03:35,2020-01-13 03:35,0.452,,,,,,,,,,,2,Insulin,2020-01-13 03:39,43
2,"Mon, Jan 13",2020-01-13,Insulin,220,03:40,2020-01-13 03:40,1.004,,,,,,,,,,,2,Insulin,2020-01-13 03:44,44
2,"Mon, Jan 13",2020-01-13,Insulin,225,03:45,2020-01-13 03:45,0.368,,,,,,,,,,,2,Insulin,2020-01-13 03:49,45
2,"Mon, Jan 13",2020-01-13,Insulin,230,03:50,2020-01-13 03:50,0.074,,,,,,,,,,,2,Insulin,2020-01-13 03:54,46
2,"Mon, Jan 13",2020-01-13,Insulin,235,03:55,2020-01-13 03:55,0.066,,,,,,,,,,,2,Insulin,2020-01-13 03:59,47
2,"Mon, Jan 13",2020-01-13,Insulin,240,04:00,2020-01-13 04:00,0.056,,,,,,,,,,,2,Insulin,2020-01-13 04:04,48
2,"Mon, Jan 13",2020-01-13,Insulin,245,04:05,2020-01-13 04:05,0.066,,,,,,,,,,,2,Insulin,2020-01-13 04:09,49
2,"Mon, Jan 13",2020-01-13,Insulin,250,04:10,2020-01-13 04:10,0.061,,,,,,,,,,,2,Insulin,2020-01-13 04:14,50
2,"Mon, Jan 13",2020-01-13,Insulin,255,04:15,2020-01-13 04:15,0.043,,,,,,,,,,,2,Insulin,2020-01-13 04:19,51
2,"Mon, Jan 13",2020-01-13,Insulin,260,04:20,2020-01-13 04:20,0,,,,,,,,,,,2,Insulin,2020-01-13 04:24,52
2,"Mon, Jan 13",2020-01-13,Insulin,265,04:25,2020-01-13 04:25,0,,,,,,,,,,,2,Insulin,2020-01-13 04:29,53
2,"Mon, Jan 13",2020-01-13,Insulin,270,04:30,2020-01-13 04:30,0,,,,,,,,,,,2,Insulin,2020-01-13 04:34,54
2,"Mon, Jan 13",2020-01-13,Insulin,275,04:35,2020-01-13 04:35,0.412,,,,,,,,,,,2,Insulin,2020-01-13 04:39,55
2,"Mon, Jan 13",2020-01-13,Insulin,280,04:40,2020-01-13 04:40,0,,,,,,,,,,,2,Insulin,2020-01-13 04:44,56
2,"Mon, Jan 13",2020-01-13,Insulin,285,04:45,2020-01-13 04:45,0,,,,,,,,,,,2,Insulin,2020-01-13 04:49,57
2,"Mon, Jan 13",2020-01-13,Insulin,290,04:50,2020-01-13 04:50,0.137,,,,,,,,,,,2,Insulin,2020-01-13 04:54,58
2,"Mon, Jan 13",2020-01-13,Insulin,295,04:55,2020-01-13 04:55,0.163,,,,,,,,,,,2,Insulin,2020-01-13 04:59,59
2,"Mon, Jan 13",2020-01-13,Insulin,300,05:00,2020-01-13 05:00,0.046,,,,,,,,,,,2,Insulin,2020-01-13 05:04,60
2,"Mon, Jan 13",2020-01-13,Insulin,305,05:05,2020-01-13 05:05,0,,,,,,,,,,,2,Insulin,2020-01-13 05:09,61
2,"Mon, Jan 13",2020-01-13,Insulin,310,05:10,2020-01-13 05:10,0.048,,,,,,,,,,,2,Insulin,2020-01-13 05:14,62
2,"Mon, Jan 13",2020-01-13,Insulin,315,05:15,2020-01-13 05:15,0.117,,,,,,,,,,,2,Insulin,2020-01-13 05:19,63
2,"Mon, Jan 13",2020-01-13,Insulin,320,05:20,2020-01-13 05:20,0.079,,,,,,,,,,,2,Insulin,2020-01-13 05:24,64
2,"Mon, Jan 13",2020-01-13,Insulin,325,05:25,2020-01-13 05:25,0.091,,,,,,,,,,,2,Insulin,2020-01-13 05:29,65
2,"Mon, Jan 13",2020-01-13,Insulin,330,05:30,2020-01-13 05:30,0.127,,,,,,,,,,,2,Insulin,2020-01-13 05:34,66
2,"Mon, Jan 13",2020-01-13,Insulin,335,05:35,2020-01-13 05:35,0.127,,,,,,,,,,,2,Insulin,2020-01-13 05:39,67
2,"Mon, Jan 13",2020-01-13,Insulin,340,05:40,2020-01-13 05:40,0.053,,,,,,,,,,,2,Insulin,2020-01-13 05:44,68
2,"Mon, Jan 13",2020-01-13,Insulin,345,05:45,2020-01-13 05:45,0.361,,,,,,,,,,,2,Insulin,2020-01-13 05:49,69
2,"Mon, Jan 13",2020-01-13,Insulin,350,05:50,2020-01-13 05:50,0.135,,,,,,,,,,,2,Insulin,2020-01-13 05:54,70
2,"Mon, Jan 13",2020-01-13,Insulin,355,05:55,2020-01-13 05:55,0,,,,,,,,,,,2,Insulin,2020-01-13 05:59,71
2,"Mon, Jan 13",2020-01-13,Insulin,360,06:00,2020-01-13 06:00,0.109,,,,,,,,,,,2,Insulin,2020-01-13 06:04,72
2,"Mon, Jan 13",2020-01-13,Insulin,365,06:05,2020-01-13 06:05,0.122,,,,,,,,,,,2,Insulin,2020-01-13 06:09,73
2,"Mon, Jan 13",2020-01-13,Insulin,370,06:10,2020-01-13 06:10,0.216,,,,,,,,,,,2,Insulin,2020-01-13 06:14,74
2,"Mon, Jan 13",2020-01-13,Insulin,375,06:15,2020-01-13 06:15,0.13,,,,,,,,,,,2,Insulin,2020-01-13 06:19,75
2,"Mon, Jan 13",2020-01-13,Insulin,380,06:20,2020-01-13 06:20,0.061,,,,,,,,,,,2,Insulin,2020-01-13 06:24,76
2,"Mon, Jan 13",2020-01-13,Insulin,385,06:25,2020-01-13 06:25,0.112,,,,,,,,,,,2,Insulin,2020-01-13 06:29,77
2,"Mon, Jan 13",2020-01-13,Insulin,390,06:30,2020-01-13 06:30,0.122,,,,,,,,,,,2,Insulin,2020-01-13 06:34,78
2,"Mon, Jan 13",2020-01-13,Insulin,395,06:35,2020-01-13 06:35,0.105,,,,,,,,,,,2,Insulin,2020-01-13 06:39,79
2,"Mon, Jan 13",2020-01-13,Insulin,400,06:40,2020-01-13 06:40,0.083,,,,,,,,,,,2,Insulin,2020-01-13 06:44,80
2,"Mon, Jan 13",2020-01-13,Insulin,405,06:45,2020-01-13 06:45,0.066,,,,,,,,,,,2,Insulin,2020-01-13 06:49,81
2,"Mon, Jan 13",2020-01-13,Insulin,410,06:50,2020-01-13 06:50,0.288,,,,,,,,,,,2,Insulin,2020-01-13 06:54,82
2,"Mon, Jan 13",2020-01-13,Insulin,415,06:55,2020-01-13 06:55,0.124,,,,,,,,,,,2,Insulin,2020-01-13 06:59,83
2,"Mon, Jan 13",2020-01-13,Insulin,420,07:00,2020-01-13 07:00,0.312,,,,,,,,,,,2,Insulin,2020-01-13 07:04,84
2,"Mon, Jan 13",2020-01-13,Insulin,425,07:05,2020-01-13 07:05,0.343,,,,,,,,,,,2,Insulin,2020-01-13 07:09,85
2,"Mon, Jan 13",2020-01-13,Insulin,430,07:10,2020-01-13 07:10,0.053,,,,,,,,,,,2,Insulin,2020-01-13 07:14,86
2,"Mon, Jan 13",2020-01-13,Insulin,435,07:15,2020-01-13 07:15,0,,,,,,,,,,,2,Insulin,2020-01-13 07:19,87
2,"Mon, Jan 13",2020-01-13,Insulin,440,07:20,2020-01-13 07:20,0,,,,,,,,,,,2,Insulin,2020-01-13 07:24,88
2,"Mon, Jan 13",2020-01-13,Insulin,445,07:25,2020-01-13 07:25,0.107,,,,,,,,,,,2,Insulin,2020-01-13 07:29,89
2,"Mon, Jan 13",2020-01-13,Insulin,450,07:30,2020-01-13 07:30,0.074,,,,,,,,,,,2,Insulin,2020-01-13 07:34,90
2,"Mon, Jan 13",2020-01-13,Insulin,455,07:35,2020-01-13 07:35,0,,,,,,,,,,,2,Insulin,2020-01-13 07:39,91
2,"Mon, Jan 13",2020-01-13,Insulin,460,07:40,2020-01-13 07:40,0.102,,,,,,,,,,,2,Insulin,2020-01-13 07:44,92
2,"Mon, Jan 13",2020-01-13,Insulin,465,07:45,2020-01-13 07:45,0.472,,,,,,,,,,,2,Insulin,2020-01-13 07:49,93
2,"Mon, Jan 13",2020-01-13,Insulin,470,07:50,2020-01-13 07:50,0.122,,,,,,,,,,,2,Insulin,2020-01-13 07:54,94
2,"Mon, Jan 13",2020-01-13,Insulin,475,07:55,2020-01-13 07:55,0.117,,,,,,,,,,,2,Insulin,2020-01-13 07:59,95
2,"Mon, Jan 13",2020-01-13,Insulin,480,08:00,2020-01-13 08:00,0.043,,,,,,,,,,,2,Insulin,2020-01-13 08:04,96
2,"Mon, Jan 13",2020-01-13,Insulin,485,08:05,2020-01-13 08:05,0.102,,,,,,,,,,,2,Insulin,2020-01-13 08:09,97
2,"Mon, Jan 13",2020-01-13,Insulin,490,08:10,2020-01-13 08:10,0.117,,,,,,,,,,,2,Insulin,2020-01-13 08:14,98
2,"Mon, Jan 13",2020-01-13,Insulin,495,08:15,2020-01-13 08:15,0.117,,,,,,,,,,,2,Insulin,2020-01-13 08:19,99
2,"Mon, Jan 13",2020-01-13,Insulin,500,08:20,2020-01-13 08:20,0.562,,,,,,,,,,,2,Insulin,2020-01-13 08:24,100
2,"Mon, Jan 13",2020-01-13,Insulin,505,08:25,2020-01-13 08:25,0.882,,,,,,,,,,,2,Insulin,2020-01-13 08:29,101
2,"Mon, Jan 13",2020-01-13,Insulin,510,08:30,2020-01-13 08:30,0.142,,,,,,,,,,,2,Insulin,2020-01-13 08:34,102
2,"Mon, Jan 13",2020-01-13,Insulin,515,08:35,2020-01-13 08:35,0,,,,,,,,,,,2,Insulin,2020-01-13 08:39,103
2,"Mon, Jan 13",2020-01-13,Insulin,520,08:40,2020-01-13 08:40,0.252,,,,,,,,,,,2,Insulin,2020-01-13 08:44,104
2,"Mon, Jan 13",2020-01-13,Insulin,525,08:45,2020-01-13 08:45,0.142,,,,,,,,,,,2,Insulin,2020-01-13 08:49,105
2,"Mon, Jan 13",2020-01-13,Insulin,530,08:50,2020-01-13 08:50,0.084,,,,,,,,,,,2,Insulin,2020-01-13 08:54,106
2,"Mon, Jan 13",2020-01-13,Insulin,535,08:55,2020-01-13 08:55,0.051,,,,,,,,,,,2,Insulin,2020-01-13 08:59,107
2,"Mon, Jan 13",2020-01-13,Insulin,540,09:00,2020-01-13 09:00,0,,,,,,,,,,,2,Insulin,2020-01-13 09:04,108
2,"Mon, Jan 13",2020-01-13,Insulin,545,09:05,2020-01-13 09:05,0.122,,,,,,,,,,,2,Insulin,2020-01-13 09:09,109
2,"Mon, Jan 13",2020-01-13,Insulin,550,09:10,2020-01-13 09:10,0.107,,,,,,,,,,,2,Insulin,2020-01-13 09:14,110
2,"Mon, Jan 13",2020-01-13,Insulin,555,09:15,2020-01-13 09:15,0,,,,,,,,,,,2,Insulin,2020-01-13 09:19,111
2,"Mon, Jan 13",2020-01-13,Insulin,560,09:20,2020-01-13 09:20,0,,,,,,,,,,,2,Insulin,2020-01-13 09:24,112
2,"Mon, Jan 13",2020-01-13,Insulin,565,09:25,2020-01-13 09:25,0,,,,,,,,,,,2,Insulin,2020-01-13 09:29,113
2,"Mon, Jan 13",2020-01-13,Insulin,570,09:30,2020-01-13 09:30,0.097,,,,,,,,,,,2,Insulin,2020-01-13 09:34,114
2,"Mon, Jan 13",2020-01-13,Insulin,575,09:35,2020-01-13 09:35,0,,,,,,,,,,,2,Insulin,2020-01-13 09:39,115
2,"Mon, Jan 13",2020-01-13,Insulin,580,09:40,2020-01-13 09:40,0.048,,,,,,,,,,,2,Insulin,2020-01-13 09:44,116
2,"Mon, Jan 13",2020-01-13,Insulin,585,09:45,2020-01-13 09:45,0.081,,,,,,,,,,,2,Insulin,2020-01-13 09:49,117
2,"Mon, Jan 13",2020-01-13,Insulin,590,09:50,2020-01-13 09:50,0,,,,,,,,,,,2,Insulin,2020-01-13 09:54,118
2,"Mon, Jan 13",2020-01-13,Insulin,595,09:55,2020-01-13 09:55,0.056,,,,,,,,,,,2,Insulin,2020-01-13 09:59,119
2,"Mon, Jan 13",2020-01-13,Insulin,600,10:00,2020-01-13 10:00,0.079,,,,,,,,,,,2,Insulin,2020-01-13 10:04,120
2,"Mon, Jan 13",2020-01-13,Insulin,605,10:05,2020-01-13 10:05,0.084,,,,,,,,,,,2,Insulin,2020-01-13 10:09,121
2,"Mon, Jan 13",2020-01-13,Insulin,610,10:10,2020-01-13 10:10,0.047,,,,,,,,,,,2,Insulin,2020-01-13 10:14,122
2,"Mon, Jan 13",2020-01-13,Insulin,615,10:15,2020-01-13 10:15,0,,,,,,,,,,,2,Insulin,2020-01-13 10:19,123
2,"Mon, Jan 13",2020-01-13,Insulin,620,10:20,2020-01-13 10:20,0.077,,,,,,,,,,,2,Insulin,2020-01-13 10:24,124
2,"Mon, Jan 13",2020-01-13,Insulin,625,10:25,2020-01-13 10:25,0.046,,,,,,,,,,,2,Insulin,2020-01-13 10:29,125
2,"Mon, Jan 13",2020-01-13,Insulin,630,10:30,2020-01-13 10:30,0,,,,,,,,,,,2,Insulin,2020-01-13 10:34,126
2,"Mon, Jan 13",2020-01-13,Insulin,635,10:35,2020-01-13 10:35,0,,,,,,,,,,,2,Insulin,2020-01-13 10:39,127
2,"Mon, Jan 13",2020-01-13,Insulin,640,10:40,2020-01-13 10:40,0.066,,,,,,,,,,,2,Insulin,2020-01-13 10:44,128
2,"Mon, Jan 13",2020-01-13,Insulin,645,10:45,2020-01-13 10:45,0.064,,,,,,,,,,,2,Insulin,2020-01-13 10:49,129
2,"Mon, Jan 13",2020-01-13,Insulin,650,10:50,2020-01-13 10:50,0.066,,,,,,,,,,,2,Insulin,2020-01-13 10:54,130
2,"Mon, Jan 13",2020-01-13,Insulin,655,10:55,2020-01-13 10:55,0.069,,,,,,,,,,,2,Insulin,2020-01-13 10:59,131
2,"Mon, Jan 13",2020-01-13,Insulin,660,11:00,2020-01-13 11:00,0.407,,,,,,,,,,,2,Insulin,2020-01-13 11:04,132
2,"Mon, Jan 13",2020-01-13,Insulin,665,11:05,2020-01-13 11:05,0.636,,,,,,,,,,,2,Insulin,2020-01-13 11:09,133
2,"Mon, Jan 13",2020-01-13,Insulin,670,11:10,2020-01-13 11:10,0.237,,,,,,,,,,,2,Insulin,2020-01-13 11:14,134
2,"Mon, Jan 13",2020-01-13,Insulin,675,11:15,2020-01-13 11:15,0.094,,,,,,,,,,,2,Insulin,2020-01-13 11:19,135
2,"Mon, Jan 13",2020-01-13,Insulin,680,11:20,2020-01-13 11:20,0.132,,,,,,,,,,,2,Insulin,2020-01-13 11:24,136
2,"Mon, Jan 13",2020-01-13,Insulin,685,11:25,2020-01-13 11:25,0.216,,,,,,,,,,,2,Insulin,2020-01-13 11:29,137
2,"Mon, Jan 13",2020-01-13,Insulin,690,11:30,2020-01-13 11:30,0.653,,,,,,,,,,,2,Insulin,2020-01-13 11:34,138
2,"Mon, Jan 13",2020-01-13,Insulin,695,11:35,2020-01-13 11:35,1.491,,,,,,,,,,,2,Insulin,2020-01-13 11:39,139
2,"Mon, Jan 13",2020-01-13,Insulin,700,11:40,2020-01-13 11:40,0.792,,,,,,,,,,,2,Insulin,2020-01-13 11:44,140
2,"Mon, Jan 13",2020-01-13,Insulin,705,11:45,2020-01-13 11:45,0.069,,,,,,,,,,,2,Insulin,2020-01-13 11:49,141
2,"Mon, Jan 13",2020-01-13,Insulin,710,11:50,2020-01-13 11:50,0.241,,,,,,,,,,,2,Insulin,2020-01-13 11:54,142
2,"Mon, Jan 13",2020-01-13,Insulin,715,11:55,2020-01-13 11:55,0.048,,,,,,,,,,,2,Insulin,2020-01-13 11:59,143
2,"Mon, Jan 13",2020-01-13,Insulin,720,12:00,2020-01-13 12:00,0.046,,,,,,,,,,,2,Insulin,2020-01-13 12:04,144
2,"Mon, Jan 13",2020-01-13,Insulin,725,12:05,2020-01-13 12:05,0.308,,,,,,,,,,,2,Insulin,2020-01-13 12:09,145
2,"Mon, Jan 13",2020-01-13,Insulin,730,12:10,2020-01-13 12:10,0.062,,,,,,,,,,,2,Insulin,2020-01-13 12:14,146
2,"Mon, Jan 13",2020-01-13,Insulin,735,12:15,2020-01-13 12:15,0,,,,,,,,,,,2,Insulin,2020-01-13 12:19,147
2,"Mon, Jan 13",2020-01-13,Insulin,740,12:20,2020-01-13 12:20,0,,,,,,,,,,,2,Insulin,2020-01-13 12:24,148
2,"Mon, Jan 13",2020-01-13,Insulin,745,12:25,2020-01-13 12:25,0,,,,,,,,,,,2,Insulin,2020-01-13 12:29,149
2,"Mon, Jan 13",2020-01-13,Insulin,750,12:30,2020-01-13 12:30,0,,,,,,,,,,,2,Insulin,2020-01-13 12:34,150
2,"Mon, Jan 13",2020-01-13,Insulin,755,12:35,2020-01-13 12:35,0.088,,,,,,,,,,,2,Insulin,2020-01-13 12:39,151
2,"Mon, Jan 13",2020-01-13,Insulin,760,12:40,2020-01-13 12:40,0.046,,,,,,,,,,,2,Insulin,2020-01-13 12:44,152
2,"Mon, Jan 13",2020-01-13,Insulin,765,12:45,2020-01-13 12:45,0,,,,,,,,,,,2,Insulin,2020-01-13 12:49,153
2,"Mon, Jan 13",2020-01-13,Insulin,770,12:50,2020-01-13 12:50,0,,,,,,,,,,,2,Insulin,2020-01-13 12:54,154
2,"Mon, Jan 13",2020-01-13,Insulin,775,12:55,2020-01-13 12:55,0,,,,,,,,,,,2,Insulin,2020-01-13 12:59,155
2,"Mon, Jan 13",2020-01-13,Insulin,780,13:00,2020-01-13 13:00,0,,,,,,,,,,,2,Insulin,2020-01-13 13:04,156
2,"Mon, Jan 13",2020-01-13,Insulin,785,13:05,2020-01-13 13:05,0,,,,,,,,,,,2,Insulin,2020-01-13 13:09,157
2,"Mon, Jan 13",2020-01-13,Insulin,790,13:10,2020-01-13 13:10,0,,,,,,,,,,,2,Insulin,2020-01-13 13:14,158
2,"Mon, Jan 13",2020-01-13,Insulin,795,13:15,2020-01-13 13:15,0.104,,,,,,,,,,,2,Insulin,2020-01-13 13:19,159
2,"Mon, Jan 13",2020-01-13,Insulin,800,13:20,2020-01-13 13:20,0.094,,,,,,,,,,,2,Insulin,2020-01-13 13:24,160
2,"Mon, Jan 13",2020-01-13,Insulin,805,13:25,2020-01-13 13:25,0,,,,,,,,,,,2,Insulin,2020-01-13 13:29,161
2,"Mon, Jan 13",2020-01-13,Insulin,810,13:30,2020-01-13 13:30,0,,,,,,,,,,,2,Insulin,2020-01-13 13:34,162
2,"Mon, Jan 13",2020-01-13,Insulin,815,13:35,2020-01-13 13:35,0.086,,,,,,,,,,,2,Insulin,2020-01-13 13:39,163
2,"Mon, Jan 13",2020-01-13,Insulin,820,13:40,2020-01-13 13:40,0.086,,,,,,,,,,,2,Insulin,2020-01-13 13:44,164
2,"Mon, Jan 13",2020-01-13,Insulin,825,13:45,2020-01-13 13:45,0.719,,,,,,,,,,,2,Insulin,2020-01-13 13:49,165
2,"Mon, Jan 13",2020-01-13,Insulin,830,13:50,2020-01-13 13:50,0.462,,,,,,,,,,,2,Insulin,2020-01-13 13:54,166
2,"Mon, Jan 13",2020-01-13,Insulin,835,13:55,2020-01-13 13:55,0.053,,,,,,,,,,,2,Insulin,2020-01-13 13:59,167
2,"Mon, Jan 13",2020-01-13,Insulin,840,14:00,2020-01-13 14:00,0,,,,,,,,,,,2,Insulin,2020-01-13 14:04,168
2,"Mon, Jan 13",2020-01-13,Insulin,845,14:05,2020-01-13 14:05,0,,,,,,,,,,,2,Insulin,2020-01-13 14:09,169
2,"Mon, Jan 13",2020-01-13,Insulin,850,14:10,2020-01-13 14:10,0,,,,,,,,,,,2,Insulin,2020-01-13 14:14,170
2,"Mon, Jan 13",2020-01-13,Insulin,855,14:15,2020-01-13 14:15,0.043,,,,,,,,,,,2,Insulin,2020-01-13 14:19,171
2,"Mon, Jan 13",2020-01-13,Insulin,860,14:20,2020-01-13 14:20,0,,,,,,,,,,,2,Insulin,2020-01-13 14:24,172
2,"Mon, Jan 13",2020-01-13,Insulin,865,14:25,2020-01-13 14:25,0.048,,,,,,,,,,,2,Insulin,2020-01-13 14:29,173
2,"Mon, Jan 13",2020-01-13,Insulin,870,14:30,2020-01-13 14:30,0.043,,,,,,,,,,,2,Insulin,2020-01-13 14:34,174
2,"Mon, Jan 13",2020-01-13,Insulin,875,14:35,2020-01-13 14:35,0,,,,,,,,,,,2,Insulin,2020-01-13 14:39,175
2,"Mon, Jan 13",2020-01-13,Insulin,880,14:40,2020-01-13 14:40,0.084,,,,,,,,,,,2,Insulin,2020-01-13 14:44,176
2,"Mon, Jan 13",2020-01-13,Insulin,885,14:45,2020-01-13 14:45,0.081,,,,,,,,,,,2,Insulin,2020-01-13 14:49,177
2,"Mon, Jan 13",2020-01-13,Insulin,890,14:50,2020-01-13 14:50,0.587,,,,,,,,,,,2,Insulin,2020-01-13 14:54,178
2,"Mon, Jan 13",2020-01-13,Insulin,895,14:55,2020-01-13 14:55,0.731,,,,,,,,,,,2,Insulin,2020-01-13 14:59,179
2,"Mon, Jan 13",2020-01-13,Insulin,900,15:00,2020-01-13 15:00,0.099,,,,,,,,,,,2,Insulin,2020-01-13 15:04,180
2,"Mon, Jan 13",2020-01-13,Insulin,905,15:05,2020-01-13 15:05,0.079,,,,,,,,,,,2,Insulin,2020-01-13 15:09,181
2,"Mon, Jan 13",2020-01-13,Insulin,910,15:10,2020-01-13 15:10,0.447,,,,,,,,,,,2,Insulin,2020-01-13 15:14,182
2,"Mon, Jan 13",2020-01-13,Insulin,915,15:15,2020-01-13 15:15,0.282,,,,,,,,,,,2,Insulin,2020-01-13 15:19,183
2,"Mon, Jan 13",2020-01-13,Insulin,920,15:20,2020-01-13 15:20,0,,,,,,,,,,,2,Insulin,2020-01-13 15:24,184
2,"Mon, Jan 13",2020-01-13,Insulin,925,15:25,2020-01-13 15:25,0,,,,,,,,,,,2,Insulin,2020-01-13 15:29,185
2,"Mon, Jan 13",2020-01-13,Insulin,930,15:30,2020-01-13 15:30,0,,,,,,,,,,,2,Insulin,2020-01-13 15:34,186
2,"Mon, Jan 13",2020-01-13,Insulin,935,15:35,2020-01-13 15:35,0,,,,,,,,,,,2,Insulin,2020-01-13 15:39,187
2,"Mon, Jan 13",2020-01-13,Insulin,940,15:40,2020-01-13 15:40,0,,,,,,,,,,,2,Insulin,2020-01-13 15:44,188
2,"Mon, Jan 13",2020-01-13,Insulin,945,15:45,2020-01-13 15:45,0.043,,,,,,,,,,,2,Insulin,2020-01-13 15:49,189
2,"Mon, Jan 13",2020-01-13,Insulin,950,15:50,2020-01-13 15:50,0.071,,,,,,,,,,,2,Insulin,2020-01-13 15:54,190
2,"Mon, Jan 13",2020-01-13,Insulin,955,15:55,2020-01-13 15:55,0.069,,,,,,,,,,,2,Insulin,2020-01-13 15:59,191
2,"Mon, Jan 13",2020-01-13,Insulin,960,16:00,2020-01-13 16:00,0.081,,,,,,,,,,,2,Insulin,2020-01-13 16:04,192
2,"Mon, Jan 13",2020-01-13,Insulin,965,16:05,2020-01-13 16:05,0.14,,,,,,,,,,,2,Insulin,2020-01-13 16:09,193
2,"Mon, Jan 13",2020-01-13,Insulin,970,16:10,2020-01-13 16:10,0.165,,,,,,,,,,,2,Insulin,2020-01-13 16:14,194
2,"Mon, Jan 13",2020-01-13,Insulin,975,16:15,2020-01-13 16:15,0.206,,,,,,,,,,,2,Insulin,2020-01-13 16:19,195
2,"Mon, Jan 13",2020-01-13,Insulin,980,16:20,2020-01-13 16:20,0.881,,,,,,,,,,,2,Insulin,2020-01-13 16:24,196
2,"Mon, Jan 13",2020-01-13,Insulin,985,16:25,2020-01-13 16:25,0.681,,,,,,,,,,,2,Insulin,2020-01-13 16:29,197
2,"Mon, Jan 13",2020-01-13,Insulin,990,16:30,2020-01-13 16:30,0.373,,,,,,,,,,,2,Insulin,2020-01-13 16:34,198
2,"Mon, Jan 13",2020-01-13,Insulin,995,16:35,2020-01-13 16:35,0.363,,,,,,,,,,,2,Insulin,2020-01-13 16:39,199
2,"Mon, Jan 13",2020-01-13,Insulin,1000,16:40,2020-01-13 16:40,0,,,,,,,,,,,2,Insulin,2020-01-13 16:44,200
2,"Mon, Jan 13",2020-01-13,Insulin,1005,16:45,2020-01-13 16:45,0.2,,,,,,,,,,,2,Insulin,2020-01-13 16:49,201
2,"Mon, Jan 13",2020-01-13,Insulin,1010,16:50,2020-01-13 16:50,0.807,,,,,,,,,,,2,Insulin,2020-01-13 16:54,202
2,"Mon, Jan 13",2020-01-13,Insulin,1015,16:55,2020-01-13 16:55,0.135,,,,,,,,,,,2,Insulin,2020-01-13 16:59,203
2,"Mon, Jan 13",2020-01-13,Insulin,1020,17:00,2020-01-13 17:00,0,,,,,,,,,,,2,Insulin,2020-01-13 17:04,204
2,"Mon, Jan 13",2020-01-13,Insulin,1025,17:05,2020-01-13 17:05,0,,,,,,,,,,,2,Insulin,2020-01-13 17:09,205
2,"Mon, Jan 13",2020-01-13,Insulin,1030,17:10,2020-01-13 17:10,0,,,,,,,,,,,2,Insulin,2020-01-13 17:14,206
2,"Mon, Jan 13",2020-01-13,Insulin,1035,17:15,2020-01-13 17:15,0,,,,,,,,,,,2,Insulin,2020-01-13 17:19,207
2,"Mon, Jan 13",2020-01-13,Insulin,1040,17:20,2020-01-13 17:20,0,,,,,,,,,,,2,Insulin,2020-01-13 17:24,208
2,"Mon, Jan 13",2020-01-13,Insulin,1045,17:25,2020-01-13 17:25,0,,,,,,,,,,,2,Insulin,2020-01-13 17:29,209
2,"Mon, Jan 13",2020-01-13,Insulin,1050,17:30,2020-01-13 17:30,0,,,,,,,,,,,2,Insulin,2020-01-13 17:34,210
2,"Mon, Jan 13",2020-01-13,Insulin,1055,17:35,2020-01-13 17:35,0,,,,,,,,,,,2,Insulin,2020-01-13 17:39,211
2,"Mon, Jan 13",2020-01-13,Insulin,1060,17:40,2020-01-13 17:40,0,,,,,,,,,,,2,Insulin,2020-01-13 17:44,212
2,"Mon, Jan 13",2020-01-13,Insulin,1065,17:45,2020-01-13 17:45,0,,,,,,,,,,,2,Insulin,2020-01-13 17:49,213
2,"Mon, Jan 13",2020-01-13,Insulin,1070,17:50,2020-01-13 17:50,0,,,,,,,,,,,2,Insulin,2020-01-13 17:54,214
2,"Mon, Jan 13",2020-01-13,Insulin,1075,17:55,2020-01-13 17:55,0,,,,,,,,,,,2,Insulin,2020-01-13 17:59,215
2,"Mon, Jan 13",2020-01-13,Insulin,1080,18:00,2020-01-13 18:00,0,,,,,,,,,,,2,Insulin,2020-01-13 18:04,216
2,"Mon, Jan 13",2020-01-13,Insulin,1085,18:05,2020-01-13 18:05,0,,,,,,,,,,,2,Insulin,2020-01-13 18:09,217
2,"Mon, Jan 13",2020-01-13,Insulin,1090,18:10,2020-01-13 18:10,0,,,,,,,,,,,2,Insulin,2020-01-13 18:14,218
2,"Mon, Jan 13",2020-01-13,Insulin,1095,18:15,2020-01-13 18:15,0,,,,,,,,,,,2,Insulin,2020-01-13 18:19,219
2,"Mon, Jan 13",2020-01-13,Insulin,1100,18:20,2020-01-13 18:20,0,,,,,,,,,,,2,Insulin,2020-01-13 18:24,220
2,"Mon, Jan 13",2020-01-13,Insulin,1105,18:25,2020-01-13 18:25,0,,,,,,,,,,,2,Insulin,2020-01-13 18:29,221
2,"Mon, Jan 13",2020-01-13,Insulin,1110,18:30,2020-01-13 18:30,0,,,,,,,,,,,2,Insulin,2020-01-13 18:34,222
2,"Mon, Jan 13",2020-01-13,Insulin,1115,18:35,2020-01-13 18:35,0,,,,,,,,,,,2,Insulin,2020-01-13 18:39,223
2,"Mon, Jan 13",2020-01-13,Insulin,1120,18:40,2020-01-13 18:40,0,,,,,,,,,,,2,Insulin,2020-01-13 18:44,224
2,"Mon, Jan 13",2020-01-13,Insulin,1125,18:45,2020-01-13 18:45,0,,,,,,,,,,,2,Insulin,2020-01-13 18:49,225
2,"Mon, Jan 13",2020-01-13,Insulin,1130,18:50,2020-01-13 18:50,0,,,,,,,,,,,2,Insulin,2020-01-13 18:54,226
2,"Mon, Jan 13",2020-01-13,Insulin,1135,18:55,2020-01-13 18:55,0,,,,,,,,,,,2,Insulin,2020-01-13 18:59,227
2,"Mon, Jan 13",2020-01-13,Insulin,1140,19:00,2020-01-13 19:00,0,,,,,,,,,,,2,Insulin,2020-01-13 19:04,228
2,"Mon, Jan 13",2020-01-13,Insulin,1145,19:05,2020-01-13 19:05,0,,,,,,,,,,,2,Insulin,2020-01-13 19:09,229
2,"Mon, Jan 13",2020-01-13,Insulin,1150,19:10,2020-01-13 19:10,0.056,,,,,,,,,,,2,Insulin,2020-01-13 19:14,230
2,"Mon, Jan 13",2020-01-13,Insulin,1155,19:15,2020-01-13 19:15,0.066,,,,,,,,,,,2,Insulin,2020-01-13 19:19,231
2,"Mon, Jan 13",2020-01-13,Insulin,1160,19:20,2020-01-13 19:20,0.071,,,,,,,,,,,2,Insulin,2020-01-13 19:24,232
2,"Mon, Jan 13",2020-01-13,Insulin,1165,19:25,2020-01-13 19:25,0.071,,,,,,,,,,,2,Insulin,2020-01-13 19:29,233
2,"Mon, Jan 13",2020-01-13,Insulin,1170,19:30,2020-01-13 19:30,0.061,,,,,,,,,,,2,Insulin,2020-01-13 19:34,234
2,"Mon, Jan 13",2020-01-13,Insulin,1175,19:35,2020-01-13 19:35,0.066,,,,,,,,,,,2,Insulin,2020-01-13 19:39,235
2,"Mon, Jan 13",2020-01-13,Insulin,1180,19:40,2020-01-13 19:40,0.076,,,,,,,,,,,2,Insulin,2020-01-13 19:44,236
2,"Mon, Jan 13",2020-01-13,Insulin,1185,19:45,2020-01-13 19:45,0.079,,,,,,,,,,,2,Insulin,2020-01-13 19:49,237
2,"Mon, Jan 13",2020-01-13,Insulin,1190,19:50,2020-01-13 19:50,0.084,,,,,,,,,,,2,Insulin,2020-01-13 19:54,238
2,"Mon, Jan 13",2020-01-13,Insulin,1195,19:55,2020-01-13 19:55,0,,,,,,,,,,,2,Insulin,2020-01-13 19:59,239
2,"Mon, Jan 13",2020-01-13,Insulin,1200,20:00,2020-01-13 20:00,0,,,,,,,,,,,2,Insulin,2020-01-13 20:04,240
2,"Mon, Jan 13",2020-01-13,Insulin,1205,20:05,2020-01-13 20:05,0.079,,,,,,,,,,,2,Insulin,2020-01-13 20:09,241
2,"Mon, Jan 13",2020-01-13,Insulin,1210,20:10,2020-01-13 20:10,0.503,,,,,,,,,,,2,Insulin,2020-01-13 20:14,242
2,"Mon, Jan 13",2020-01-13,Insulin,1215,20:15,2020-01-13 20:15,0.124,,,,,,,,,,,2,Insulin,2020-01-13 20:19,243
2,"Mon, Jan 13",2020-01-13,Insulin,1220,20:20,2020-01-13 20:20,0.08,,,,,,,,,,,2,Insulin,2020-01-13 20:24,244
2,"Mon, Jan 13",2020-01-13,Insulin,1225,20:25,2020-01-13 20:25,0.503,,,,,,,,,,,2,Insulin,2020-01-13 20:29,245
2,"Mon, Jan 13",2020-01-13,Insulin,1230,20:30,2020-01-13 20:30,0.571,,,,,,,,,,,2,Insulin,2020-01-13 20:34,246
2,"Mon, Jan 13",2020-01-13,Insulin,1235,20:35,2020-01-13 20:35,0.348,,,,,,,,,,,2,Insulin,2020-01-13 20:39,247
2,"Mon, Jan 13",2020-01-13,Insulin,1240,20:40,2020-01-13 20:40,0.5,,,,,,,,,,,2,Insulin,2020-01-13 20:44,248
2,"Mon, Jan 13",2020-01-13,Insulin,1245,20:45,2020-01-13 20:45,0.366,,,,,,,,,,,2,Insulin,2020-01-13 20:49,249
2,"Mon, Jan 13",2020-01-13,Insulin,1250,20:50,2020-01-13 20:50,0.355,,,,,,,,,,,2,Insulin,2020-01-13 20:54,250
2,"Mon, Jan 13",2020-01-13,Insulin,1255,20:55,2020-01-13 20:55,0.5,,,,,,,,,,,2,Insulin,2020-01-13 20:59,251
2,"Mon, Jan 13",2020-01-13,Insulin,1260,21:00,2020-01-13 21:00,0,,,,,,,,,,,2,Insulin,2020-01-13 21:04,252
2,"Mon, Jan 13",2020-01-13,Insulin,1265,21:05,2020-01-13 21:05,0.066,,,,,,,,,,,2,Insulin,2020-01-13 21:09,253
2,"Mon, Jan 13",2020-01-13,Insulin,1270,21:10,2020-01-13 21:10,0.043,,,,,,,,,,,2,Insulin,2020-01-13 21:14,254
2,"Mon, Jan 13",2020-01-13,Insulin,1275,21:15,2020-01-13 21:15,0.091,,,,,,,,,,,2,Insulin,2020-01-13 21:19,255
2,"Mon, Jan 13",2020-01-13,Insulin,1280,21:20,2020-01-13 21:20,0.114,,,,,,,,,,,2,Insulin,2020-01-13 21:24,256
2,"Mon, Jan 13",2020-01-13,Insulin,1285,21:25,2020-01-13 21:25,0,,,,,,,,,,,2,Insulin,2020-01-13 21:29,257
2,"Mon, Jan 13",2020-01-13,Insulin,1290,21:30,2020-01-13 21:30,0,,,,,,,,,,,2,Insulin,2020-01-13 21:34,258
2,"Mon, Jan 13",2020-01-13,Insulin,1295,21:35,2020-01-13 21:35,0,,,,,,,,,,,2,Insulin,2020-01-13 21:39,259
2,"Mon, Jan 13",2020-01-13,Insulin,1300,21:40,2020-01-13 21:40,0,,,,,,,,,,,2,Insulin,2020-01-13 21:44,260
2,"Mon, Jan 13",2020-01-13,Insulin,1305,21:45,2020-01-13 21:45,0.107,,,,,,,,,,,2,Insulin,2020-01-13 21:49,261
2,"Mon, Jan 13",2020-01-13,Insulin,1310,21:50,2020-01-13 21:50,0.421,,,,,,,,,,,2,Insulin,2020-01-13 21:54,262
2,"Mon, Jan 13",2020-01-13,Insulin,1315,21:55,2020-01-13 21:55,0.109,,,,,,,,,,,2,Insulin,2020-01-13 21:59,263
2,"Mon, Jan 13",2020-01-13,Insulin,1320,22:00,2020-01-13 22:00,0.622,,,,,,,,,,,2,Insulin,2020-01-13 22:04,264
2,"Mon, Jan 13",2020-01-13,Insulin,1325,22:05,2020-01-13 22:05,0.046,,,,,,,,,,,2,Insulin,2020-01-13 22:09,265
2,"Mon, Jan 13",2020-01-13,Insulin,1330,22:10,2020-01-13 22:10,0,,,,,,,,,,,2,Insulin,2020-01-13 22:14,266
2,"Mon, Jan 13",2020-01-13,Insulin,1335,22:15,2020-01-13 22:15,0,,,,,,,,,,,2,Insulin,2020-01-13 22:19,267
2,"Mon, Jan 13",2020-01-13,Insulin,1340,22:20,2020-01-13 22:20,0,,,,,,,,,,,2,Insulin,2020-01-13 22:24,268
2,"Mon, Jan 13",2020-01-13,Insulin,1345,22:25,2020-01-13 22:25,0,,,,,,,,,,,2,Insulin,2020-01-13 22:29,269
2,"Mon, Jan 13",2020-01-13,Insulin,1350,22:30,2020-01-13 22:30,0,,,,,,,,,,,2,Insulin,2020-01-13 22:34,270
2,"Mon, Jan 13",2020-01-13,Insulin,1355,22:35,2020-01-13 22:35,0.058,,,,,,,,,,,2,Insulin,2020-01-13 22:39,271
2,"Mon, Jan 13",2020-01-13,Insulin,1360,22:40,2020-01-13 22:40,0.086,,,,,,,,,,,2,Insulin,2020-01-13 22:44,272
2,"Mon, Jan 13",2020-01-13,Insulin,1365,22:45,2020-01-13 22:45,0.056,,,,,,,,,,,2,Insulin,2020-01-13 22:49,273
2,"Mon, Jan 13",2020-01-13,Insulin,1370,22:50,2020-01-13 22:50,0,,,,,,,,,,,2,Insulin,2020-01-13 22:54,274
2,"Mon, Jan 13",2020-01-13,Insulin,1375,22:55,2020-01-13 22:55,0.104,,,,,,,,,,,2,Insulin,2020-01-13 22:59,275
2,"Mon, Jan 13",2020-01-13,Insulin,1380,23:00,2020-01-13 23:00,0.046,,,,,,,,,,,2,Insulin,2020-01-13 23:04,276
2,"Mon, Jan 13",2020-01-13,Insulin,1385,23:05,2020-01-13 23:05,0,,,,,,,,,,,2,Insulin,2020-01-13 23:09,277
2,"Mon, Jan 13",2020-01-13,Insulin,1390,23:10,2020-01-13 23:10,0,,,,,,,,,,,2,Insulin,2020-01-13 23:14,278
2,"Mon, Jan 13",2020-01-13,Insulin,1395,23:15,2020-01-13 23:15,0,,,,,,,,,,,2,Insulin,2020-01-13 23:19,279
2,"Mon, Jan 13",2020-01-13,Insulin,1400,23:20,2020-01-13 23:20,0,,,,,,,,,,,2,Insulin,2020-01-13 23:24,280
2,"Mon, Jan 13",2020-01-13,Insulin,1405,23:25,2020-01-13 23:25,0.074,,,,,,,,,,,2,Insulin,2020-01-13 23:29,281
2,"Mon, Jan 13",2020-01-13,Insulin,1410,23:30,2020-01-13 23:30,0.076,,,,,,,,,,,2,Insulin,2020-01-13 23:34,282
2,"Mon, Jan 13",2020-01-13,Insulin,1415,23:35,2020-01-13 23:35,0.076,,,,,,,,,,,2,Insulin,2020-01-13 23:39,283
2,"Mon, Jan 13",2020-01-13,Insulin,1420,23:40,2020-01-13 23:40,0.079,,,,,,,,,,,2,Insulin,2020-01-13 23:44,284
2,"Mon, Jan 13",2020-01-13,Insulin,1425,23:45,2020-01-13 23:45,0.058,,,,,,,,,,,2,Insulin,2020-01-13 23:49,285
2,"Mon, Jan 13",2020-01-13,Insulin,1430,23:50,2020-01-13 23:50,0.066,,,,,,,,,,,2,Insulin,2020-01-13 23:54,286
2,"Mon, Jan 13",2020-01-13,Insulin,1435,23:55,2020-01-13 23:55,0.076,,,,,,,,,,,2,Insulin,2020-01-13 23:59,287
3,"Sun, Jan 12",2020-01-12,CGM,0,00:00,2020-01-12 00:00,114,,,,,,,,,,,1,CGM,2020-01-12 00:00,0
3,"Sun, Jan 12",2020-01-12,CGM,0,00:00,2020-01-12 00:00,118,,,,,,,,,,,1,CGM,2020-01-12 00:04,1
3,"Sun, Jan 12",2020-01-12,CGM,10,00:10,2020-01-12 00:10,121,,,,,,,,,,,1,CGM,2020-01-12 00:10,2
3,"Sun, Jan 12",2020-01-12,CGM,10,00:10,2020-01-12 00:10,119,,,,,,,,,,,1,CGM,2020-01-12 00:14,3
3,"Sun, Jan 12",2020-01-12,CGM,15,00:15,2020-01-12 00:15,120,,,,,,,,,,,1,CGM,2020-01-12 00:19,4
3,"Sun, Jan 12",2020-01-12,CGM,20,00:20,2020-01-12 00:20,119,,,,,,,,,,,1,CGM,2020-01-12 00:24,5
3,"Sun, Jan 12",2020-01-12,CGM,25,00:25,2020-01-12 00:25,115,,,,,,,,,,,1,CGM,2020-01-12 00:29,6
3,"Sun, Jan 12",2020-01-12,CGM,30,00:30,2020-01-12 00:30,111,,,,,,,,,,,1,CGM,2020-01-12 00:34,7
3,"Sun, Jan 12",2020-01-12,CGM,35,00:35,2020-01-12 00:35,110,,,,,,,,,,,1,CGM,2020-01-12 00:39,8
3,"Sun, Jan 12",2020-01-12,CGM,40,00:40,2020-01-12 00:40,110,,,,,,,,,,,1,CGM,2020-01-12 00:44,9
3,"Sun, Jan 12",2020-01-12,CGM,45,00:45,2020-01-12 00:45,109,,,,,,,,,,,1,CGM,2020-01-12 00:49,10
3,"Sun, Jan 12",2020-01-12,CGM,50,00:50,2020-01-12 00:50,109,,,,,,,,,,,1,CGM,2020-01-12 00:54,11
3,"Sun, Jan 12",2020-01-12,CGM,55,00:55,2020-01-12 00:55,108,,,,,,,,,,,1,CGM,2020-01-12 00:59,12
3,"Sun, Jan 12",2020-01-12,CGM,60,01:00,2020-01-12 01:00,110,,,,,,,,,,,1,CGM,2020-01-12 01:04,13
3,"Sun, Jan 12",2020-01-12,CGM,65,01:05,2020-01-12 01:05,114,,,,,,,,,,,1,CGM,2020-01-12 01:09,14
3,"Sun, Jan 12",2020-01-12,CGM,70,01:10,2020-01-12 01:10,120,,,,,,,,,,,1,CGM,2020-01-12 01:14,15
3,"Sun, Jan 12",2020-01-12,CGM,75,01:15,2020-01-12 01:15,122,,,,,,,,,,,1,CGM,2020-01-12 01:19,16
3,"Sun, Jan 12",2020-01-12,CGM,85,01:25,2020-01-12 01:25,119,,,,,,,,,,,1,CGM,2020-01-12 01:25,17
3,"Sun, Jan 12",2020-01-12,CGM,85,01:25,2020-01-12 01:25,122,,,,,,,,,,,1,CGM,2020-01-12 01:29,18
3,"Sun, Jan 12",2020-01-12,CGM,90,01:30,2020-01-12 01:30,121,,,,,,,,,,,1,CGM,2020-01-12 01:34,19
3,"Sun, Jan 12",2020-01-12,CGM,95,01:35,2020-01-12 01:35,120,,,,,,,,,,,1,CGM,2020-01-12 01:39,20
3,"Sun, Jan 12",2020-01-12,CGM,105,01:45,2020-01-12 01:45,121,,,,,,,,,,,1,CGM,2020-01-12 01:45,21
3,"Sun, Jan 12",2020-01-12,CGM,105,01:45,2020-01-12 01:45,121,,,,,,,,,,,1,CGM,2020-01-12 01:49,22
3,"Sun, Jan 12",2020-01-12,CGM,110,01:50,2020-01-12 01:50,123,,,,,,,,,,,1,CGM,2020-01-12 01:54,23
3,"Sun, Jan 12",2020-01-12,CGM,180,03:00,2020-01-12 03:00,132,,,,,,,,,,,1,CGM,2020-01-12 03:00,24
3,"Sun, Jan 12",2020-01-12,CGM,180,03:00,2020-01-12 03:00,137,,,,,,,,,,,1,CGM,2020-01-12 03:04,25
3,"Sun, Jan 12",2020-01-12,CGM,350,05:50,2020-01-12 05:50,143,,,,,,,,,,,1,CGM,2020-01-12 05:54,26
3,"Sun, Jan 12",2020-01-12,CGM,355,05:55,2020-01-12 05:55,136,,,,,,,,,,,1,CGM,2020-01-12 05:59,27
3,"Sun, Jan 12",2020-01-12,CGM,360,06:00,2020-01-12 06:00,134,,,,,,,,,,,1,CGM,2020-01-12 06:04,28
3,"Sun, Jan 12",2020-01-12,CGM,370,06:10,2020-01-12 06:10,159,,,,,,,,,,,1,CGM,2020-01-12 06:10,29
3,"Sun, Jan 12",2020-01-12,CGM,375,06:15,2020-01-12 06:15,197,,,,,,,,,,,1,CGM,2020-01-12 06:15,30
3,"Sun, Jan 12",2020-01-12,CGM,375,06:15,2020-01-12 06:15,201,,,,,,,,,,,1,CGM,2020-01-12 06:19,31
3,"Sun, Jan 12",2020-01-12,CGM,380,06:20,2020-01-12 06:20,171,,,,,,,,,,,1,CGM,2020-01-12 06:24,32
3,"Sun, Jan 12",2020-01-12,CGM,385,06:25,2020-01-12 06:25,177,,,,,,,,,,,1,CGM,2020-01-12 06:29,33
3,"Sun, Jan 12",2020-01-12,CGM,390,06:30,2020-01-12 06:30,166,,,,,,,,,,,1,CGM,2020-01-12 06:34,34
3,"Sun, Jan 12",2020-01-12,CGM,395,06:35,2020-01-12 06:35,152,,,,,,,,,,,1,CGM,2020-01-12 06:39,35
3,"Sun, Jan 12",2020-01-12,CGM,400,06:40,2020-01-12 06:40,153,,,,,,,,,,,1,CGM,2020-01-12 06:44,36
3,"Sun, Jan 12",2020-01-12,CGM,405,06:45,2020-01-12 06:45,164,,,,,,,,,,,1,CGM,2020-01-12 06:49,37
3,"Sun, Jan 12",2020-01-12,CGM,410,06:50,2020-01-12 06:50,141,,,,,,,,,,,1,CGM,2020-01-12 06:54,38
3,"Sun, Jan 12",2020-01-12,CGM,415,06:55,2020-01-12 06:55,120,,,,,,,,,,,1,CGM,2020-01-12 06:59,39
3,"Sun, Jan 12",2020-01-12,CGM,420,07:00,2020-01-12 07:00,126,,,,,,,,,,,1,CGM,2020-01-12 07:04,40
3,"Sun, Jan 12",2020-01-12,CGM,425,07:05,2020-01-12 07:05,120,,,,,,,,,,,1,CGM,2020-01-12 07:09,41
3,"Sun, Jan 12",2020-01-12,CGM,430,07:10,2020-01-12 07:10,120,,,,,,,,,,,1,CGM,2020-01-12 07:14,42
3,"Sun, Jan 12",2020-01-12,CGM,435,07:15,2020-01-12 07:15,109,,,,,,,,,,,1,CGM,2020-01-12 07:19,43
3,"Sun, Jan 12",2020-01-12,CGM,440,07:20,2020-01-12 07:20,106,,,,,,,,,,,1,CGM,2020-01-12 07:24,44
3,"Sun, Jan 12",2020-01-12,CGM,445,07:25,2020-01-12 07:25,148,,,,,,,,,,,1,CGM,2020-01-12 07:29,45
3,"Sun, Jan 12",2020-01-12,CGM,450,07:30,2020-01-12 07:30,172,,,,,,,,,,,1,CGM,2020-01-12 07:34,46
3,"Sun, Jan 12",2020-01-12,CGM,455,07:35,2020-01-12 07:35,161,,,,,,,,,,,1,CGM,2020-01-12 07:39,47
3,"Sun, Jan 12",2020-01-12,CGM,460,07:40,2020-01-12 07:40,151,,,,,,,,,,,1,CGM,2020-01-12 07:44,48
3,"Sun, Jan 12",2020-01-12,CGM,465,07:45,2020-01-12 07:45,148,,,,,,,,,,,1,CGM,2020-01-12 07:49,49
3,"Sun, Jan 12",2020-01-12,CGM,470,07:50,2020-01-12 07:50,155,,,,,,,,,,,1,CGM,2020-01-12 07:54,50
3,"Sun, Jan 12",2020-01-12,CGM,475,07:55,2020-01-12 07:55,151,,,,,,,,,,,1,CGM,2020-01-12 07:59,51
3,"Sun, Jan 12",2020-01-12,CGM,480,08:00,2020-01-12 08:00,137,,,,,,,,,,,1,CGM,2020-01-12 08:04,52
3,"Sun, Jan 12",2020-01-12,CGM,485,08:05,2020-01-12 08:05,153,,,,,,,,,,,1,CGM,2020-01-12 08:09,53
3,"Sun, Jan 12",2020-01-12,CGM,490,08:10,2020-01-12 08:10,162,,,,,,,,,,,1,CGM,2020-01-12 08:14,54
3,"Sun, Jan 12",2020-01-12,CGM,495,08:15,2020-01-12 08:15,160,,,,,,,,,,,1,CGM,2020-01-12 08:19,55
3,"Sun, Jan 12",2020-01-12,CGM,500,08:20,2020-01-12 08:20,161,,,,,,,,,,,1,CGM,2020-01-12 08:24,56
3,"Sun, Jan 12",2020-01-12,CGM,505,08:25,2020-01-12 08:25,172,,,,,,,,,,,1,CGM,2020-01-12 08:29,57
3,"Sun, Jan 12",2020-01-12,CGM,510,08:30,2020-01-12 08:30,181,,,,,,,,,,,1,CGM,2020-01-12 08:34,58
3,"Sun, Jan 12",2020-01-12,CGM,515,08:35,2020-01-12 08:35,176,,,,,,,,,,,1,CGM,2020-01-12 08:39,59
3,"Sun, Jan 12",2020-01-12,CGM,520,08:40,2020-01-12 08:40,185,,,,,,,,,,,1,CGM,2020-01-12 08:44,60
3,"Sun, Jan 12",2020-01-12,CGM,525,08:45,2020-01-12 08:45,205,,,,,,,,,,,1,CGM,2020-01-12 08:49,61
3,"Sun, Jan 12",2020-01-12,CGM,530,08:50,2020-01-12 08:50,216,,,,,,,,,,,1,CGM,2020-01-12 08:54,62
3,"Sun, Jan 12",2020-01-12,CGM,540,09:00,2020-01-12 09:00,241,,,,,,,,,,,1,CGM,2020-01-12 09:00,63
3,"Sun, Jan 12",2020-01-12,CGM,540,09:00,2020-01-12 09:00,254,,,,,,,,,,,1,CGM,2020-01-12 09:04,64
3,"Sun, Jan 12",2020-01-12,CGM,545,09:05,2020-01-12 09:05,237,,,,,,,,,,,1,CGM,2020-01-12 09:09,65
3,"Sun, Jan 12",2020-01-12,CGM,550,09:10,2020-01-12 09:10,235,,,,,,,,,,,1,CGM,2020-01-12 09:14,66
3,"Sun, Jan 12",2020-01-12,CGM,555,09:15,2020-01-12 09:15,232,,,,,,,,,,,1,CGM,2020-01-12 09:19,67
3,"Sun, Jan 12",2020-01-12,CGM,560,09:20,2020-01-12 09:20,213,,,,,,,,,,,1,CGM,2020-01-12 09:24,68
3,"Sun, Jan 12",2020-01-12,CGM,565,09:25,2020-01-12 09:25,201,,,,,,,,,,,1,CGM,2020-01-12 09:29,69
3,"Sun, Jan 12",2020-01-12,CGM,570,09:30,2020-01-12 09:30,188,,,,,,,,,,,1,CGM,2020-01-12 09:34,70
3,"Sun, Jan 12",2020-01-12,CGM,575,09:35,2020-01-12 09:35,164,,,,,,,,,,,1,CGM,2020-01-12 09:39,71
3,"Sun, Jan 12",2020-01-12,CGM,580,09:40,2020-01-12 09:40,162,,,,,,,,,,,1,CGM,2020-01-12 09:44,72
3,"Sun, Jan 12",2020-01-12,CGM,585,09:45,2020-01-12 09:45,176,,,,,,,,,,,1,CGM,2020-01-12 09:49,73
3,"Sun, Jan 12",2020-01-12,CGM,590,09:50,2020-01-12 09:50,180,,,,,,,,,,,1,CGM,2020-01-12 09:54,74
3,"Sun, Jan 12",2020-01-12,CGM,595,09:55,2020-01-12 09:55,191,,,,,,,,,,,1,CGM,2020-01-12 09:59,75
3,"Sun, Jan 12",2020-01-12,CGM,600,10:00,2020-01-12 10:00,197,,,,,,,,,,,1,CGM,2020-01-12 10:04,76
3,"Sun, Jan 12",2020-01-12,CGM,605,10:05,2020-01-12 10:05,196,,,,,,,,,,,1,CGM,2020-01-12 10:09,77
3,"Sun, Jan 12",2020-01-12,CGM,610,10:10,2020-01-12 10:10,179,,,,,,,,,,,1,CGM,2020-01-12 10:14,78
3,"Sun, Jan 12",2020-01-12,CGM,615,10:15,2020-01-12 10:15,154,,,,,,,,,,,1,CGM,2020-01-12 10:19,79
3,"Sun, Jan 12",2020-01-12,CGM,620,10:20,2020-01-12 10:20,145,,,,,,,,,,,1,CGM,2020-01-12 10:24,80
3,"Sun, Jan 12",2020-01-12,CGM,625,10:25,2020-01-12 10:25,143,,,,,,,,,,,1,CGM,2020-01-12 10:29,81
3,"Sun, Jan 12",2020-01-12,CGM,630,10:30,2020-01-12 10:30,154,,,,,,,,,,,1,CGM,2020-01-12 10:34,82
3,"Sun, Jan 12",2020-01-12,CGM,635,10:35,2020-01-12 10:35,169,,,,,,,,,,,1,CGM,2020-01-12 10:39,83
3,"Sun, Jan 12",2020-01-12,CGM,645,10:45,2020-01-12 10:45,197,,,,,,,,,,,1,CGM,2020-01-12 10:45,84
3,"Sun, Jan 12",2020-01-12,CGM,650,10:50,2020-01-12 10:50,211,,,,,,,,,,,1,CGM,2020-01-12 10:50,85
3,"Sun, Jan 12",2020-01-12,CGM,650,10:50,2020-01-12 10:50,204,,,,,,,,,,,1,CGM,2020-01-12 10:54,86
3,"Sun, Jan 12",2020-01-12,CGM,655,10:55,2020-01-12 10:55,186,,,,,,,,,,,1,CGM,2020-01-12 10:59,87
3,"Sun, Jan 12",2020-01-12,CGM,660,11:00,2020-01-12 11:00,170,,,,,,,,,,,1,CGM,2020-01-12 11:04,88
3,"Sun, Jan 12",2020-01-12,CGM,665,11:05,2020-01-12 11:05,152,,,,,,,,,,,1,CGM,2020-01-12 11:09,89
3,"Sun, Jan 12",2020-01-12,CGM,670,11:10,2020-01-12 11:10,154,,,,,,,,,,,1,CGM,2020-01-12 11:14,90
3,"Sun, Jan 12",2020-01-12,CGM,675,11:15,2020-01-12 11:15,150,,,,,,,,,,,1,CGM,2020-01-12 11:19,91
3,"Sun, Jan 12",2020-01-12,CGM,680,11:20,2020-01-12 11:20,141,,,,,,,,,,,1,CGM,2020-01-12 11:24,92
3,"Sun, Jan 12",2020-01-12,CGM,685,11:25,2020-01-12 11:25,141,,,,,,,,,,,1,CGM,2020-01-12 11:29,93
3,"Sun, Jan 12",2020-01-12,CGM,690,11:30,2020-01-12 11:30,140,,,,,,,,,,,1,CGM,2020-01-12 11:34,94
3,"Sun, Jan 12",2020-01-12,CGM,695,11:35,2020-01-12 11:35,145,,,,,,,,,,,1,CGM,2020-01-12 11:39,95
3,"Sun, Jan 12",2020-01-12,CGM,705,11:45,2020-01-12 11:45,172,,,,,,,,,,,1,CGM,2020-01-12 11:45,96
3,"Sun, Jan 12",2020-01-12,CGM,705,11:45,2020-01-12 11:45,166,,,,,,,,,,,1,CGM,2020-01-12 11:49,97
3,"Sun, Jan 12",2020-01-12,CGM,710,11:50,2020-01-12 11:50,163,,,,,,,,,,,1,CGM,2020-01-12 11:54,98
3,"Sun, Jan 12",2020-01-12,CGM,715,11:55,2020-01-12 11:55,164,,,,,,,,,,,1,CGM,2020-01-12 11:59,99
3,"Sun, Jan 12",2020-01-12,CGM,720,12:00,2020-01-12 12:00,173,,,,,,,,,,,1,CGM,2020-01-12 12:04,100
3,"Sun, Jan 12",2020-01-12,CGM,725,12:05,2020-01-12 12:05,170,,,,,,,,,,,1,CGM,2020-01-12 12:09,101
3,"Sun, Jan 12",2020-01-12,CGM,730,12:10,2020-01-12 12:10,181,,,,,,,,,,,1,CGM,2020-01-12 12:14,102
3,"Sun, Jan 12",2020-01-12,CGM,740,12:20,2020-01-12 12:20,192,,,,,,,,,,,1,CGM,2020-01-12 12:20,103
3,"Sun, Jan 12",2020-01-12,CGM,740,12:20,2020-01-12 12:20,199,,,,,,,,,,,1,CGM,2020-01-12 12:24,104
3,"Sun, Jan 12",2020-01-12,CGM,750,12:30,2020-01-12 12:30,206,,,,,,,,,,,1,CGM,2020-01-12 12:30,105
3,"Sun, Jan 12",2020-01-12,CGM,750,12:30,2020-01-12 12:30,195,,,,,,,,,,,1,CGM,2020-01-12 12:34,106
3,"Sun, Jan 12",2020-01-12,CGM,755,12:35,2020-01-12 12:35,166,,,,,,,,,,,1,CGM,2020-01-12 12:39,107
3,"Sun, Jan 12",2020-01-12,CGM,760,12:40,2020-01-12 12:40,169,,,,,,,,,,,1,CGM,2020-01-12 12:44,108
3,"Sun, Jan 12",2020-01-12,CGM,765,12:45,2020-01-12 12:45,180,,,,,,,,,,,1,CGM,2020-01-12 12:49,109
3,"Sun, Jan 12",2020-01-12,CGM,770,12:50,2020-01-12 12:50,182,,,,,,,,,,,1,CGM,2020-01-12 12:54,110
3,"Sun, Jan 12",2020-01-12,CGM,775,12:55,2020-01-12 12:55,176,,,,,,,,,,,1,CGM,2020-01-12 12:59,111
3,"Sun, Jan 12",2020-01-12,CGM,780,13:00,2020-01-12 13:00,174,,,,,,,,,,,1,CGM,2020-01-12 13:04,112
3,"Sun, Jan 12",2020-01-12,CGM,785,13:05,2020-01-12 13:05,172,,,,,,,,,,,1,CGM,2020-01-12 13:09,113
3,"Sun, Jan 12",2020-01-12,CGM,790,13:10,2020-01-12 13:10,168,,,,,,,,,,,1,CGM,2020-01-12 13:14,114
3,"Sun, Jan 12",2020-01-12,CGM,795,13:15,2020-01-12 13:15,165,,,,,,,,,,,1,CGM,2020-01-12 13:19,115
3,"Sun, Jan 12",2020-01-12,CGM,800,13:20,2020-01-12 13:20,157,,,,,,,,,,,1,CGM,2020-01-12 13:24,116
3,"Sun, Jan 12",2020-01-12,CGM,805,13:25,2020-01-12 13:25,150,,,,,,,,,,,1,CGM,2020-01-12 13:29,117
3,"Sun, Jan 12",2020-01-12,CGM,810,13:30,2020-01-12 13:30,151,,,,,,,,,,,1,CGM,2020-01-12 13:34,118
3,"Sun, Jan 12",2020-01-12,CGM,815,13:35,2020-01-12 13:35,139,,,,,,,,,,,1,CGM,2020-01-12 13:39,119
3,"Sun, Jan 12",2020-01-12,CGM,820,13:40,2020-01-12 13:40,135,,,,,,,,,,,1,CGM,2020-01-12 13:44,120
3,"Sun, Jan 12",2020-01-12,CGM,825,13:45,2020-01-12 13:45,141,,,,,,,,,,,1,CGM,2020-01-12 13:49,121
3,"Sun, Jan 12",2020-01-12,CGM,830,13:50,2020-01-12 13:50,143,,,,,,,,,,,1,CGM,2020-01-12 13:54,122
3,"Sun, Jan 12",2020-01-12,CGM,835,13:55,2020-01-12 13:55,142,,,,,,,,,,,1,CGM,2020-01-12 13:59,123
3,"Sun, Jan 12",2020-01-12,CGM,840,14:00,2020-01-12 14:00,140,,,,,,,,,,,1,CGM,2020-01-12 14:04,124
3,"Sun, Jan 12",2020-01-12,CGM,845,14:05,2020-01-12 14:05,158,,,,,,,,,,,1,CGM,2020-01-12 14:09,125
3,"Sun, Jan 12",2020-01-12,CGM,850,14:10,2020-01-12 14:10,157,,,,,,,,,,,1,CGM,2020-01-12 14:14,126
3,"Sun, Jan 12",2020-01-12,CGM,855,14:15,2020-01-12 14:15,148,,,,,,,,,,,1,CGM,2020-01-12 14:19,127
3,"Sun, Jan 12",2020-01-12,CGM,860,14:20,2020-01-12 14:20,142,,,,,,,,,,,1,CGM,2020-01-12 14:24,128
3,"Sun, Jan 12",2020-01-12,CGM,865,14:25,2020-01-12 14:25,148,,,,,,,,,,,1,CGM,2020-01-12 14:29,129
3,"Sun, Jan 12",2020-01-12,CGM,870,14:30,2020-01-12 14:30,143,,,,,,,,,,,1,CGM,2020-01-12 14:34,130
3,"Sun, Jan 12",2020-01-12,CGM,875,14:35,2020-01-12 14:35,133,,,,,,,,,,,1,CGM,2020-01-12 14:39,131
3,"Sun, Jan 12",2020-01-12,CGM,880,14:40,2020-01-12 14:40,130,,,,,,,,,,,1,CGM,2020-01-12 14:44,132
3,"Sun, Jan 12",2020-01-12,CGM,885,14:45,2020-01-12 14:45,130,,,,,,,,,,,1,CGM,2020-01-12 14:49,133
3,"Sun, Jan 12",2020-01-12,CGM,890,14:50,2020-01-12 14:50,137,,,,,,,,,,,1,CGM,2020-01-12 14:54,134
3,"Sun, Jan 12",2020-01-12,CGM,895,14:55,2020-01-12 14:55,156,,,,,,,,,,,1,CGM,2020-01-12 14:59,135
3,"Sun, Jan 12",2020-01-12,CGM,900,15:00,2020-01-12 15:00,164,,,,,,,,,,,1,CGM,2020-01-12 15:04,136
3,"Sun, Jan 12",2020-01-12,CGM,905,15:05,2020-01-12 15:05,182,,,,,,,,,,,1,CGM,2020-01-12 15:09,137
3,"Sun, Jan 12",2020-01-12,CGM,910,15:10,2020-01-12 15:10,185,,,,,,,,,,,1,CGM,2020-01-12 15:14,138
3,"Sun, Jan 12",2020-01-12,CGM,915,15:15,2020-01-12 15:15,207,,,,,,,,,,,1,CGM,2020-01-12 15:19,139
3,"Sun, Jan 12",2020-01-12,CGM,920,15:20,2020-01-12 15:20,223,,,,,,,,,,,1,CGM,2020-01-12 15:24,140
3,"Sun, Jan 12",2020-01-12,CGM,925,15:25,2020-01-12 15:25,237,,,,,,,,,,,1,CGM,2020-01-12 15:29,141
3,"Sun, Jan 12",2020-01-12,CGM,930,15:30,2020-01-12 15:30,240,,,,,,,,,,,1,CGM,2020-01-12 15:34,142
3,"Sun, Jan 12",2020-01-12,CGM,935,15:35,2020-01-12 15:35,231,,,,,,,,,,,1,CGM,2020-01-12 15:39,143
3,"Sun, Jan 12",2020-01-12,CGM,940,15:40,2020-01-12 15:40,222,,,,,,,,,,,1,CGM,2020-01-12 15:44,144
3,"Sun, Jan 12",2020-01-12,CGM,945,15:45,2020-01-12 15:45,203,,,,,,,,,,,1,CGM,2020-01-12 15:49,145
3,"Sun, Jan 12",2020-01-12,CGM,950,15:50,2020-01-12 15:50,186,,,,,,,,,,,1,CGM,2020-01-12 15:54,146
3,"Sun, Jan 12",2020-01-12,CGM,955,15:55,2020-01-12 15:55,160,,,,,,,,,,,1,CGM,2020-01-12 15:59,147
3,"Sun, Jan 12",2020-01-12,CGM,960,16:00,2020-01-12 16:00,142,,,,,,,,,,,1,CGM,2020-01-12 16:04,148
3,"Sun, Jan 12",2020-01-12,CGM,965,16:05,2020-01-12 16:05,120,,,,,,,,,,,1,CGM,2020-01-12 16:09,149
3,"Sun, Jan 12",2020-01-12,CGM,970,16:10,2020-01-12 16:10,108,,,,,,,,,,,1,CGM,2020-01-12 16:14,150
3,"Sun, Jan 12",2020-01-12,CGM,975,16:15,2020-01-12 16:15,99,,,,,,,,,,,1,CGM,2020-01-12 16:19,151
3,"Sun, Jan 12",2020-01-12,CGM,980,16:20,2020-01-12 16:20,86,,,,,,,,,,,1,CGM,2020-01-12 16:24,152
3,"Sun, Jan 12",2020-01-12,CGM,985,16:25,2020-01-12 16:25,81,,,,,,,,,,,1,CGM,2020-01-12 16:29,153
3,"Sun, Jan 12",2020-01-12,CGM,990,16:30,2020-01-12 16:30,97,,,,,,,,,,,1,CGM,2020-01-12 16:34,154
3,"Sun, Jan 12",2020-01-12,CGM,995,16:35,2020-01-12 16:35,111,,,,,,,,,,,1,CGM,2020-01-12 16:39,155
3,"Sun, Jan 12",2020-01-12,CGM,1000,16:40,2020-01-12 16:40,98,,,,,,,,,,,1,CGM,2020-01-12 16:44,156
3,"Sun, Jan 12",2020-01-12,CGM,1005,16:45,2020-01-12 16:45,108,,,,,,,,,,,1,CGM,2020-01-12 16:49,157
3,"Sun, Jan 12",2020-01-12,CGM,1010,16:50,2020-01-12 16:50,107,,,,,,,,,,,1,CGM,2020-01-12 16:54,158
3,"Sun, Jan 12",2020-01-12,CGM,1015,16:55,2020-01-12 16:55,93,,,,,,,,,,,1,CGM,2020-01-12 16:59,159
3,"Sun, Jan 12",2020-01-12,CGM,1020,17:00,2020-01-12 17:00,81,,,,,,,,,,,1,CGM,2020-01-12 17:04,160
3,"Sun, Jan 12",2020-01-12,CGM,1025,17:05,2020-01-12 17:05,73,,,,,,,,,,,1,CGM,2020-01-12 17:09,161
3,"Sun, Jan 12",2020-01-12,CGM,1030,17:10,2020-01-12 17:10,67,,,,,,,,,,,1,CGM,2020-01-12 17:14,162
3,"Sun, Jan 12",2020-01-12,CGM,1035,17:15,2020-01-12 17:15,60,,,,,,,,,,,1,CGM,2020-01-12 17:19,163
3,"Sun, Jan 12",2020-01-12,CGM,1040,17:20,2020-01-12 17:20,60,,,,,,,,,,,1,CGM,2020-01-12 17:24,164
3,"Sun, Jan 12",2020-01-12,CGM,1045,17:25,2020-01-12 17:25,67,,,,,,,,,,,1,CGM,2020-01-12 17:29,165
3,"Sun, Jan 12",2020-01-12,CGM,1050,17:30,2020-01-12 17:30,83,,,,,,,,,,,1,CGM,2020-01-12 17:34,166
3,"Sun, Jan 12",2020-01-12,CGM,1055,17:35,2020-01-12 17:35,104,,,,,,,,,,,1,CGM,2020-01-12 17:39,167
3,"Sun, Jan 12",2020-01-12,CGM,1060,17:40,2020-01-12 17:40,130,,,,,,,,,,,1,CGM,2020-01-12 17:44,168
3,"Sun, Jan 12",2020-01-12,CGM,1065,17:45,2020-01-12 17:45,144,,,,,,,,,,,1,CGM,2020-01-12 17:49,169
3,"Sun, Jan 12",2020-01-12,CGM,1070,17:50,2020-01-12 17:50,163,,,,,,,,,,,1,CGM,2020-01-12 17:54,170
3,"Sun, Jan 12",2020-01-12,CGM,1075,17:55,2020-01-12 17:55,191,,,,,,,,,,,1,CGM,2020-01-12 17:59,171
3,"Sun, Jan 12",2020-01-12,CGM,1080,18:00,2020-01-12 18:00,193,,,,,,,,,,,1,CGM,2020-01-12 18:04,172
3,"Sun, Jan 12",2020-01-12,CGM,1085,18:05,2020-01-12 18:05,186,,,,,,,,,,,1,CGM,2020-01-12 18:09,173
3,"Sun, Jan 12",2020-01-12,CGM,1090,18:10,2020-01-12 18:10,181,,,,,,,,,,,1,CGM,2020-01-12 18:14,174
3,"Sun, Jan 12",2020-01-12,CGM,1095,18:15,2020-01-12 18:15,182,,,,,,,,,,,1,CGM,2020-01-12 18:19,175
3,"Sun, Jan 12",2020-01-12,CGM,1100,18:20,2020-01-12 18:20,160,,,,,,,,,,,1,CGM,2020-01-12 18:24,176
3,"Sun, Jan 12",2020-01-12,CGM,1105,18:25,2020-01-12 18:25,166,,,,,,,,,,,1,CGM,2020-01-12 18:29,177
3,"Sun, Jan 12",2020-01-12,CGM,1110,18:30,2020-01-12 18:30,172,,,,,,,,,,,1,CGM,2020-01-12 18:34,178
3,"Sun, Jan 12",2020-01-12,CGM,1115,18:35,2020-01-12 18:35,183,,,,,,,,,,,1,CGM,2020-01-12 18:39,179
3,"Sun, Jan 12",2020-01-12,CGM,1120,18:40,2020-01-12 18:40,195,,,,,,,,,,,1,CGM,2020-01-12 18:44,180
3,"Sun, Jan 12",2020-01-12,CGM,1125,18:45,2020-01-12 18:45,201,,,,,,,,,,,1,CGM,2020-01-12 18:49,181
3,"Sun, Jan 12",2020-01-12,CGM,1130,18:50,2020-01-12 18:50,207,,,,,,,,,,,1,CGM,2020-01-12 18:54,182
3,"Sun, Jan 12",2020-01-12,CGM,1135,18:55,2020-01-12 18:55,234,,,,,,,,,,,1,CGM,2020-01-12 18:59,183
3,"Sun, Jan 12",2020-01-12,CGM,1140,19:00,2020-01-12 19:00,225,,,,,,,,,,,1,CGM,2020-01-12 19:04,184
3,"Sun, Jan 12",2020-01-12,CGM,1145,19:05,2020-01-12 19:05,219,,,,,,,,,,,1,CGM,2020-01-12 19:09,185
3,"Sun, Jan 12",2020-01-12,CGM,1150,19:10,2020-01-12 19:10,227,,,,,,,,,,,1,CGM,2020-01-12 19:14,186
3,"Sun, Jan 12",2020-01-12,CGM,1155,19:15,2020-01-12 19:15,226,,,,,,,,,,,1,CGM,2020-01-12 19:19,187
3,"Sun, Jan 12",2020-01-12,CGM,1160,19:20,2020-01-12 19:20,230,,,,,,,,,,,1,CGM,2020-01-12 19:24,188
3,"Sun, Jan 12",2020-01-12,CGM,1165,19:25,2020-01-12 19:25,235,,,,,,,,,,,1,CGM,2020-01-12 19:29,189
3,"Sun, Jan 12",2020-01-12,CGM,1170,19:30,2020-01-12 19:30,228,,,,,,,,,,,1,CGM,2020-01-12 19:34,190
3,"Sun, Jan 12",2020-01-12,CGM,1175,19:35,2020-01-12 19:35,215,,,,,,,,,,,1,CGM,2020-01-12 19:39,191
3,"Sun, Jan 12",2020-01-12,CGM,1180,19:40,2020-01-12 19:40,211,,,,,,,,,,,1,CGM,2020-01-12 19:44,192
3,"Sun, Jan 12",2020-01-12,CGM,1185,19:45,2020-01-12 19:45,211,,,,,,,,,,,1,CGM,2020-01-12 19:49,193
3,"Sun, Jan 12",2020-01-12,CGM,1190,19:50,2020-01-12 19:50,214,,,,,,,,,,,1,CGM,2020-01-12 19:54,194
3,"Sun, Jan 12",2020-01-12,CGM,1195,19:55,2020-01-12 19:55,213,,,,,,,,,,,1,CGM,2020-01-12 19:59,195
3,"Sun, Jan 12",2020-01-12,CGM,1200,20:00,2020-01-12 20:00,207,,,,,,,,,,,1,CGM,2020-01-12 20:04,196
3,"Sun, Jan 12",2020-01-12,CGM,1205,20:05,2020-01-12 20:05,202,,,,,,,,,,,1,CGM,2020-01-12 20:09,197
3,"Sun, Jan 12",2020-01-12,CGM,1210,20:10,2020-01-12 20:10,218,,,,,,,,,,,1,CGM,2020-01-12 20:14,198
3,"Sun, Jan 12",2020-01-12,CGM,1215,20:15,2020-01-12 20:15,216,,,,,,,,,,,1,CGM,2020-01-12 20:19,199
3,"Sun, Jan 12",2020-01-12,CGM,1220,20:20,2020-01-12 20:20,203,,,,,,,,,,,1,CGM,2020-01-12 20:24,200
3,"Sun, Jan 12",2020-01-12,CGM,1225,20:25,2020-01-12 20:25,208,,,,,,,,,,,1,CGM,2020-01-12 20:29,201
3,"Sun, Jan 12",2020-01-12,CGM,1230,20:30,2020-01-12 20:30,214,,,,,,,,,,,1,CGM,2020-01-12 20:34,202
3,"Sun, Jan 12",2020-01-12,CGM,1235,20:35,2020-01-12 20:35,222,,,,,,,,,,,1,CGM,2020-01-12 20:39,203
3,"Sun, Jan 12",2020-01-12,CGM,1240,20:40,2020-01-12 20:40,231,,,,,,,,,,,1,CGM,2020-01-12 20:44,204
3,"Sun, Jan 12",2020-01-12,CGM,1245,20:45,2020-01-12 20:45,227,,,,,,,,,,,1,CGM,2020-01-12 20:49,205
3,"Sun, Jan 12",2020-01-12,CGM,1250,20:50,2020-01-12 20:50,234,,,,,,,,,,,1,CGM,2020-01-12 20:54,206
3,"Sun, Jan 12",2020-01-12,CGM,1255,20:55,2020-01-12 20:55,245,,,,,,,,,,,1,CGM,2020-01-12 20:59,207
3,"Sun, Jan 12",2020-01-12,CGM,1260,21:00,2020-01-12 21:00,275,,,,,,,,,,,1,CGM,2020-01-12 21:04,208
3,"Sun, Jan 12",2020-01-12,CGM,1265,21:05,2020-01-12 21:05,304,,,,,,,,,,,1,CGM,2020-01-12 21:09,209
3,"Sun, Jan 12",2020-01-12,CGM,1270,21:10,2020-01-12 21:10,318,,,,,,,,,,,1,CGM,2020-01-12 21:14,210
3,"Sun, Jan 12",2020-01-12,CGM,1275,21:15,2020-01-12 21:15,316,,,,,,,,,,,1,CGM,2020-01-12 21:19,211
3,"Sun, Jan 12",2020-01-12,CGM,1280,21:20,2020-01-12 21:20,300,,,,,,,,,,,1,CGM,2020-01-12 21:24,212
3,"Sun, Jan 12",2020-01-12,CGM,1285,21:25,2020-01-12 21:25,309,,,,,,,,,,,1,CGM,2020-01-12 21:29,213
3,"Sun, Jan 12",2020-01-12,CGM,1290,21:30,2020-01-12 21:30,306,,,,,,,,,,,1,CGM,2020-01-12 21:34,214
3,"Sun, Jan 12",2020-01-12,CGM,1295,21:35,2020-01-12 21:35,292,,,,,,,,,,,1,CGM,2020-01-12 21:39,215
3,"Sun, Jan 12",2020-01-12,CGM,1300,21:40,2020-01-12 21:40,277,,,,,,,,,,,1,CGM,2020-01-12 21:44,216
3,"Sun, Jan 12",2020-01-12,CGM,1305,21:45,2020-01-12 21:45,270,,,,,,,,,,,1,CGM,2020-01-12 21:49,217
3,"Sun, Jan 12",2020-01-12,CGM,1310,21:50,2020-01-12 21:50,264,,,,,,,,,,,1,CGM,2020-01-12 21:54,218
3,"Sun, Jan 12",2020-01-12,CGM,1315,21:55,2020-01-12 21:55,252,,,,,,,,,,,1,CGM,2020-01-12 21:59,219
3,"Sun, Jan 12",2020-01-12,CGM,1320,22:00,2020-01-12 22:00,238,,,,,,,,,,,1,CGM,2020-01-12 22:04,220
3,"Sun, Jan 12",2020-01-12,CGM,1325,22:05,2020-01-12 22:05,234,,,,,,,,,,,1,CGM,2020-01-12 22:07,221
3,"Sun, Jan 12",2020-01-12,CGM,1330,22:10,2020-01-12 22:10,226,,,,,,,,,,,1,CGM,2020-01-12 22:14,222
3,"Sun, Jan 12",2020-01-12,CGM,1335,22:15,2020-01-12 22:15,237,,,,,,,,,,,1,CGM,2020-01-12 22:19,223
3,"Sun, Jan 12",2020-01-12,CGM,1340,22:20,2020-01-12 22:20,246,,,,,,,,,,,1,CGM,2020-01-12 22:24,224
3,"Sun, Jan 12",2020-01-12,CGM,1345,22:25,2020-01-12 22:25,244,,,,,,,,,,,1,CGM,2020-01-12 22:29,225
3,"Sun, Jan 12",2020-01-12,CGM,1350,22:30,2020-01-12 22:30,241,,,,,,,,,,,1,CGM,2020-01-12 22:34,226
3,"Sun, Jan 12",2020-01-12,CGM,1355,22:35,2020-01-12 22:35,252,,,,,,,,,,,1,CGM,2020-01-12 22:39,227
3,"Sun, Jan 12",2020-01-12,CGM,1360,22:40,2020-01-12 22:40,265,,,,,,,,,,,1,CGM,2020-01-12 22:44,228
3,"Sun, Jan 12",2020-01-12,CGM,1365,22:45,2020-01-12 22:45,276,,,,,,,,,,,1,CGM,2020-01-12 22:49,229
3,"Sun, Jan 12",2020-01-12,CGM,1370,22:50,2020-01-12 22:50,279,,,,,,,,,,,1,CGM,2020-01-12 22:54,230
3,"Sun, Jan 12",2020-01-12,CGM,1375,22:55,2020-01-12 22:55,264,,,,,,,,,,,1,CGM,2020-01-12 22:59,231
3,"Sun, Jan 12",2020-01-12,CGM,1380,23:00,2020-01-12 23:00,258,,,,,,,,,,,1,CGM,2020-01-12 23:04,232
3,"Sun, Jan 12",2020-01-12,CGM,1385,23:05,2020-01-12 23:05,265,,,,,,,,,,,1,CGM,2020-01-12 23:09,233
3,"Sun, Jan 12",2020-01-12,CGM,1390,23:10,2020-01-12 23:10,268,,,,,,,,,,,1,CGM,2020-01-12 23:14,234
3,"Sun, Jan 12",2020-01-12,CGM,1395,23:15,2020-01-12 23:15,276,,,,,,,,,,,1,CGM,2020-01-12 23:19,235
3,"Sun, Jan 12",2020-01-12,CGM,1400,23:20,2020-01-12 23:20,277,,,,,,,,,,,1,CGM,2020-01-12 23:24,236
3,"Sun, Jan 12",2020-01-12,CGM,1405,23:25,2020-01-12 23:25,277,,,,,,,,,,,1,CGM,2020-01-12 23:29,237
3,"Sun, Jan 12",2020-01-12,CGM,1410,23:30,2020-01-12 23:30,280,,,,,,,,,,,1,CGM,2020-01-12 23:34,238
3,"Sun, Jan 12",2020-01-12,CGM,1415,23:35,2020-01-12 23:35,275,,,,,,,,,,,1,CGM,2020-01-12 23:39,239
3,"Sun, Jan 12",2020-01-12,CGM,1420,23:40,2020-01-12 23:40,275,,,,,,,,,,,1,CGM,2020-01-12 23:44,240
3,"Sun, Jan 12",2020-01-12,CGM,1425,23:45,2020-01-12 23:45,247,,,,,,,,,,,1,CGM,2020-01-12 23:49,241
3,"Sun, Jan 12",2020-01-12,CGM,1430,23:50,2020-01-12 23:50,249,,,,,,,,,,,1,CGM,2020-01-12 23:54,242
3,"Sun, Jan 12",2020-01-12,CGM,1435,23:55,2020-01-12 23:55,280,,,,,,,,,,,1,CGM,2020-01-12 23:59,243
3,"Sun, Jan 12",2020-01-12,Insulin,0,00:00,2020-01-12 00:00,0.046,,,,,,,,,,,2,Insulin,2020-01-12 00:00,0
3,"Sun, Jan 12",2020-01-12,Insulin,0,00:00,2020-01-12 00:00,0.046,,,,,,,,,,,2,Insulin,2020-01-12 00:04,1
3,"Sun, Jan 12",2020-01-12,Insulin,10,00:10,2020-01-12 00:10,0,,,,,,,,,,,2,Insulin,2020-01-12 00:10,2
3,"Sun, Jan 12",2020-01-12,Insulin,10,00:10,2020-01-12 00:10,0.051,,,,,,,,,,,2,Insulin,2020-01-12 00:14,3
3,"Sun, Jan 12",2020-01-12,Insulin,15,00:15,2020-01-12 00:15,0.043,,,,,,,,,,,2,Insulin,2020-01-12 00:19,4
3,"Sun, Jan 12",2020-01-12,Insulin,20,00:20,2020-01-12 00:20,0,,,,,,,,,,,2,Insulin,2020-01-12 00:24,5
3,"Sun, Jan 12",2020-01-12,Insulin,25,00:25,2020-01-12 00:25,0.053,,,,,,,,,,,2,Insulin,2020-01-12 00:29,6
3,"Sun, Jan 12",2020-01-12,Insulin,30,00:30,2020-01-12 00:30,0,,,,,,,,,,,2,Insulin,2020-01-12 00:34,7
3,"Sun, Jan 12",2020-01-12,Insulin,35,00:35,2020-01-12 00:35,0.046,,,,,,,,,,,2,Insulin,2020-01-12 00:39,8
3,"Sun, Jan 12",2020-01-12,Insulin,40,00:40,2020-01-12 00:40,0,,,,,,,,,,,2,Insulin,2020-01-12 00:44,9
3,"Sun, Jan 12",2020-01-12,Insulin,45,00:45,2020-01-12 00:45,0.046,,,,,,,,,,,2,Insulin,2020-01-12 00:49,10
3,"Sun, Jan 12",2020-01-12,Insulin,50,00:50,2020-01-12 00:50,0,,,,,,,,,,,2,Insulin,2020-01-12 00:54,11
3,"Sun, Jan 12",2020-01-12,Insulin,55,00:55,2020-01-12 00:55,0.046,,,,,,,,,,,2,Insulin,2020-01-12 00:59,12
3,"Sun, Jan 12",2020-01-12,Insulin,60,01:00,2020-01-12 01:00,0.046,,,,,,,,,,,2,Insulin,2020-01-12 01:04,13
3,"Sun, Jan 12",2020-01-12,Insulin,65,01:05,2020-01-12 01:05,0,,,,,,,,,,,2,Insulin,2020-01-12 01:09,14
3,"Sun, Jan 12",2020-01-12,Insulin,70,01:10,2020-01-12 01:10,0.046,,,,,,,,,,,2,Insulin,2020-01-12 01:14,15
3,"Sun, Jan 12",2020-01-12,Insulin,75,01:15,2020-01-12 01:15,0.046,,,,,,,,,,,2,Insulin,2020-01-12 01:19,16
3,"Sun, Jan 12",2020-01-12,Insulin,85,01:25,2020-01-12 01:25,0,,,,,,,,,,,2,Insulin,2020-01-12 01:25,17
3,"Sun, Jan 12",2020-01-12,Insulin,85,01:25,2020-01-12 01:25,0.043,,,,,,,,,,,2,Insulin,2020-01-12 01:29,18
3,"Sun, Jan 12",2020-01-12,Insulin,90,01:30,2020-01-12 01:30,0.053,,,,,,,,,,,2,Insulin,2020-01-12 01:34,19
3,"Sun, Jan 12",2020-01-12,Insulin,95,01:35,2020-01-12 01:35,0,,,,,,,,,,,2,Insulin,2020-01-12 01:39,20
3,"Sun, Jan 12",2020-01-12,Insulin,105,01:45,2020-01-12 01:45,0.046,,,,,,,,,,,2,Insulin,2020-01-12 01:45,21
3,"Sun, Jan 12",2020-01-12,Insulin,105,01:45,2020-01-12 01:45,0.046,,,,,,,,,,,2,Insulin,2020-01-12 01:49,22
3,"Sun, Jan 12",2020-01-12,Insulin,110,01:50,2020-01-12 01:50,0,,,,,,,,,,,2,Insulin,2020-01-12 01:54,23
3,"Sun, Jan 12",2020-01-12,Insulin,180,03:00,2020-01-12 03:00,0.061,,,,,,,,,,,2,Insulin,2020-01-12 03:00,24
3,"Sun, Jan 12",2020-01-12,Insulin,180,03:00,2020-01-12 03:00,0.178,,,,,,,,,,,2,Insulin,2020-01-12 03:04,25
3,"Sun, Jan 12",2020-01-12,Insulin,185,03:05,2020-01-12 03:05,0.219,,,,,,,,,,,2,Insulin,2020-01-12 03:09,26
3,"Sun, Jan 12",2020-01-12,Insulin,190,03:10,2020-01-12 03:10,0.066,,,,,,,,,,,2,Insulin,2020-01-12 03:14,27
3,"Sun, Jan 12",2020-01-12,Insulin,195,03:15,2020-01-12 03:15,0.066,,,,,,,,,,,2,Insulin,2020-01-12 03:19,28
3,"Sun, Jan 12",2020-01-12,Insulin,205,03:25,2020-01-12 03:25,0.069,,,,,,,,,,,2,Insulin,2020-01-12 03:25,29
3,"Sun, Jan 12",2020-01-12,Insulin,205,03:25,2020-01-12 03:25,0.061,,,,,,,,,,,2,Insulin,2020-01-12 03:29,30
3,"Sun, Jan 12",2020-01-12,Insulin,210,03:30,2020-01-12 03:30,0.069,,,,,,,,,,,2,Insulin,2020-01-12 03:34,31
3,"Sun, Jan 12",2020-01-12,Insulin,215,03:35,2020-01-12 03:35,0.061,,,,,,,,,,,2,Insulin,2020-01-12 03:39,32
3,"Sun, Jan 12",2020-01-12,Insulin,220,03:40,2020-01-12 03:40,0.066,,,,,,,,,,,2,Insulin,2020-01-12 03:44,33
3,"Sun, Jan 12",2020-01-12,Insulin,225,03:45,2020-01-12 03:45,0.066,,,,,,,,,,,2,Insulin,2020-01-12 03:49,34
3,"Sun, Jan 12",2020-01-12,Insulin,230,03:50,2020-01-12 03:50,0.064,,,,,,,,,,,2,Insulin,2020-01-12 03:54,35
3,"Sun, Jan 12",2020-01-12,Insulin,235,03:55,2020-01-12 03:55,0.076,,,,,,,,,,,2,Insulin,2020-01-12 03:59,36
3,"Sun, Jan 12",2020-01-12,Insulin,240,04:00,2020-01-12 04:00,0.071,,,,,,,,,,,2,Insulin,2020-01-12 04:04,37
3,"Sun, Jan 12",2020-01-12,Insulin,245,04:05,2020-01-12 04:05,0.066,,,,,,,,,,,2,Insulin,2020-01-12 04:09,38
3,"Sun, Jan 12",2020-01-12,Insulin,250,04:10,2020-01-12 04:10,0.066,,,,,,,,,,,2,Insulin,2020-01-12 04:14,39
3,"Sun, Jan 12",2020-01-12,Insulin,255,04:15,2020-01-12 04:15,0.069,,,,,,,,,,,2,Insulin,2020-01-12 04:19,40
3,"Sun, Jan 12",2020-01-12,Insulin,260,04:20,2020-01-12 04:20,0.071,,,,,,,,,,,2,Insulin,2020-01-12 04:24,41
3,"Sun, Jan 12",2020-01-12,Insulin,265,04:25,2020-01-12 04:25,0.074,,,,,,,,,,,2,Insulin,2020-01-12 04:29,42
3,"Sun, Jan 12",2020-01-12,Insulin,270,04:30,2020-01-12 04:30,0.061,,,,,,,,,,,2,Insulin,2020-01-12 04:34,43
3,"Sun, Jan 12",2020-01-12,Insulin,275,04:35,2020-01-12 04:35,0.075,,,,,,,,,,,2,Insulin,2020-01-12 04:39,44
3,"Sun, Jan 12",2020-01-12,Insulin,280,04:40,2020-01-12 04:40,0.072,,,,,,,,,,,2,Insulin,2020-01-12 04:44,45
3,"Sun, Jan 12",2020-01-12,Insulin,285,04:45,2020-01-12 04:45,0.076,,,,,,,,,,,2,Insulin,2020-01-12 04:49,46
3,"Sun, Jan 12",2020-01-12,Insulin,290,04:50,2020-01-12 04:50,0.069,,,,,,,,,,,2,Insulin,2020-01-12 04:54,47
3,"Sun, Jan 12",2020-01-12,Insulin,295,04:55,2020-01-12 04:55,0.071,,,,,,,,,,,2,Insulin,2020-01-12 04:59,48
3,"Sun, Jan 12",2020-01-12,Insulin,300,05:00,2020-01-12 05:00,0.071,,,,,,,,,,,2,Insulin,2020-01-12 05:04,49
3,"Sun, Jan 12",2020-01-12,Insulin,305,05:05,2020-01-12 05:05,0.076,,,,,,,,,,,2,Insulin,2020-01-12 05:09,50
3,"Sun, Jan 12",2020-01-12,Insulin,310,05:10,2020-01-12 05:10,0,,,,,,,,,,,2,Insulin,2020-01-12 05:14,51
3,"Sun, Jan 12",2020-01-12,Insulin,315,05:15,2020-01-12 05:15,0,,,,,,,,,,,2,Insulin,2020-01-12 05:19,52
3,"Sun, Jan 12",2020-01-12,Insulin,320,05:20,2020-01-12 05:20,0,,,,,,,,,,,2,Insulin,2020-01-12 05:24,53
3,"Sun, Jan 12",2020-01-12,Insulin,325,05:25,2020-01-12 05:25,0,,,,,,,,,,,2,Insulin,2020-01-12 05:29,54
3,"Sun, Jan 12",2020-01-12,Insulin,330,05:30,2020-01-12 05:30,0,,,,,,,,,,,2,Insulin,2020-01-12 05:34,55
3,"Sun, Jan 12",2020-01-12,Insulin,335,05:35,2020-01-12 05:35,0,,,,,,,,,,,2,Insulin,2020-01-12 05:39,56
3,"Sun, Jan 12",2020-01-12,Insulin,340,05:40,2020-01-12 05:40,0,,,,,,,,,,,2,Insulin,2020-01-12 05:44,57
3,"Sun, Jan 12",2020-01-12,Insulin,345,05:45,2020-01-12 05:45,0,,,,,,,,,,,2,Insulin,2020-01-12 05:49,58
3,"Sun, Jan 12",2020-01-12,Insulin,350,05:50,2020-01-12 05:50,0,,,,,,,,,,,2,Insulin,2020-01-12 05:54,59
3,"Sun, Jan 12",2020-01-12,Insulin,355,05:55,2020-01-12 05:55,0,,,,,,,,,,,2,Insulin,2020-01-12 05:59,60
3,"Sun, Jan 12",2020-01-12,Insulin,360,06:00,2020-01-12 06:00,0.046,,,,,,,,,,,2,Insulin,2020-01-12 06:04,61
3,"Sun, Jan 12",2020-01-12,Insulin,370,06:10,2020-01-12 06:10,0.043,,,,,,,,,,,2,Insulin,2020-01-12 06:10,62
3,"Sun, Jan 12",2020-01-12,Insulin,375,06:15,2020-01-12 06:15,0.8,,,,,,,,,,,2,Insulin,2020-01-12 06:15,63
3,"Sun, Jan 12",2020-01-12,Insulin,375,06:15,2020-01-12 06:15,1.88,,,,,,,,,,,2,Insulin,2020-01-12 06:19,64
3,"Sun, Jan 12",2020-01-12,Insulin,380,06:20,2020-01-12 06:20,0.244,,,,,,,,,,,2,Insulin,2020-01-12 06:24,65
3,"Sun, Jan 12",2020-01-12,Insulin,385,06:25,2020-01-12 06:25,0,,,,,,,,,,,2,Insulin,2020-01-12 06:29,66
3,"Sun, Jan 12",2020-01-12,Insulin,390,06:30,2020-01-12 06:30,0.058,,,,,,,,,,,2,Insulin,2020-01-12 06:34,67
3,"Sun, Jan 12",2020-01-12,Insulin,395,06:35,2020-01-12 06:35,0,,,,,,,,,,,2,Insulin,2020-01-12 06:39,68
3,"Sun, Jan 12",2020-01-12,Insulin,400,06:40,2020-01-12 06:40,0,,,,,,,,,,,2,Insulin,2020-01-12 06:44,69
3,"Sun, Jan 12",2020-01-12,Insulin,405,06:45,2020-01-12 06:45,0.051,,,,,,,,,,,2,Insulin,2020-01-12 06:49,70
3,"Sun, Jan 12",2020-01-12,Insulin,410,06:50,2020-01-12 06:50,0.056,,,,,,,,,,,2,Insulin,2020-01-12 06:54,71
3,"Sun, Jan 12",2020-01-12,Insulin,415,06:55,2020-01-12 06:55,0,,,,,,,,,,,2,Insulin,2020-01-12 06:59,72
3,"Sun, Jan 12",2020-01-12,Insulin,420,07:00,2020-01-12 07:00,0,,,,,,,,,,,2,Insulin,2020-01-12 07:04,73
3,"Sun, Jan 12",2020-01-12,Insulin,425,07:05,2020-01-12 07:05,0.046,,,,,,,,,,,2,Insulin,2020-01-12 07:09,74
3,"Sun, Jan 12",2020-01-12,Insulin,430,07:10,2020-01-12 07:10,0,,,,,,,,,,,2,Insulin,2020-01-12 07:14,75
3,"Sun, Jan 12",2020-01-12,Insulin,435,07:15,2020-01-12 07:15,0.046,,,,,,,,,,,2,Insulin,2020-01-12 07:19,76
3,"Sun, Jan 12",2020-01-12,Insulin,440,07:20,2020-01-12 07:20,0,,,,,,,,,,,2,Insulin,2020-01-12 07:24,77
3,"Sun, Jan 12",2020-01-12,Insulin,445,07:25,2020-01-12 07:25,0.046,,,,,,,,,,,2,Insulin,2020-01-12 07:29,78
3,"Sun, Jan 12",2020-01-12,Insulin,450,07:30,2020-01-12 07:30,0.287,,,,,,,,,,,2,Insulin,2020-01-12 07:34,79
3,"Sun, Jan 12",2020-01-12,Insulin,455,07:35,2020-01-12 07:35,0.056,,,,,,,,,,,2,Insulin,2020-01-12 07:39,80
3,"Sun, Jan 12",2020-01-12,Insulin,460,07:40,2020-01-12 07:40,0,,,,,,,,,,,2,Insulin,2020-01-12 07:44,81
3,"Sun, Jan 12",2020-01-12,Insulin,465,07:45,2020-01-12 07:45,0,,,,,,,,,,,2,Insulin,2020-01-12 07:49,82
3,"Sun, Jan 12",2020-01-12,Insulin,470,07:50,2020-01-12 07:50,0.046,,,,,,,,,,,2,Insulin,2020-01-12 07:54,83
3,"Sun, Jan 12",2020-01-12,Insulin,475,07:55,2020-01-12 07:55,0.043,,,,,,,,,,,2,Insulin,2020-01-12 07:59,84
3,"Sun, Jan 12",2020-01-12,Insulin,480,08:00,2020-01-12 08:00,0.048,,,,,,,,,,,2,Insulin,2020-01-12 08:04,85
3,"Sun, Jan 12",2020-01-12,Insulin,485,08:05,2020-01-12 08:05,0,,,,,,,,,,,2,Insulin,2020-01-12 08:09,86
3,"Sun, Jan 12",2020-01-12,Insulin,490,08:10,2020-01-12 08:10,0.051,,,,,,,,,,,2,Insulin,2020-01-12 08:14,87
3,"Sun, Jan 12",2020-01-12,Insulin,495,08:15,2020-01-12 08:15,0.056,,,,,,,,,,,2,Insulin,2020-01-12 08:19,88
3,"Sun, Jan 12",2020-01-12,Insulin,500,08:20,2020-01-12 08:20,0.046,,,,,,,,,,,2,Insulin,2020-01-12 08:24,89
3,"Sun, Jan 12",2020-01-12,Insulin,505,08:25,2020-01-12 08:25,0.058,,,,,,,,,,,2,Insulin,2020-01-12 08:29,90
3,"Sun, Jan 12",2020-01-12,Insulin,510,08:30,2020-01-12 08:30,0.262,,,,,,,,,,,2,Insulin,2020-01-12 08:34,91
3,"Sun, Jan 12",2020-01-12,Insulin,515,08:35,2020-01-12 08:35,0.211,,,,,,,,,,,2,Insulin,2020-01-12 08:39,92
3,"Sun, Jan 12",2020-01-12,Insulin,520,08:40,2020-01-12 08:40,0.043,,,,,,,,,,,2,Insulin,2020-01-12 08:44,93
3,"Sun, Jan 12",2020-01-12,Insulin,525,08:45,2020-01-12 08:45,0.34,,,,,,,,,,,2,Insulin,2020-01-12 08:49,94
3,"Sun, Jan 12",2020-01-12,Insulin,530,08:50,2020-01-12 08:50,0.701,,,,,,,,,,,2,Insulin,2020-01-12 08:54,95
3,"Sun, Jan 12",2020-01-12,Insulin,540,09:00,2020-01-12 09:00,0.48,,,,,,,,,,,2,Insulin,2020-01-12 09:00,96
3,"Sun, Jan 12",2020-01-12,Insulin,540,09:00,2020-01-12 09:00,0.932,,,,,,,,,,,2,Insulin,2020-01-12 09:04,97
3,"Sun, Jan 12",2020-01-12,Insulin,545,09:05,2020-01-12 09:05,0.587,,,,,,,,,,,2,Insulin,2020-01-12 09:09,98
3,"Sun, Jan 12",2020-01-12,Insulin,550,09:10,2020-01-12 09:10,0,,,,,,,,,,,2,Insulin,2020-01-12 09:14,99
3,"Sun, Jan 12",2020-01-12,Insulin,555,09:15,2020-01-12 09:15,0.051,,,,,,,,,,,2,Insulin,2020-01-12 09:19,100
3,"Sun, Jan 12",2020-01-12,Insulin,560,09:20,2020-01-12 09:20,0,,,,,,,,,,,2,Insulin,2020-01-12 09:24,101
3,"Sun, Jan 12",2020-01-12,Insulin,565,09:25,2020-01-12 09:25,0,,,,,,,,,,,2,Insulin,2020-01-12 09:29,102
3,"Sun, Jan 12",2020-01-12,Insulin,570,09:30,2020-01-12 09:30,0,,,,,,,,,,,2,Insulin,2020-01-12 09:34,103
3,"Sun, Jan 12",2020-01-12,Insulin,575,09:35,2020-01-12 09:35,0,,,,,,,,,,,2,Insulin,2020-01-12 09:39,104
3,"Sun, Jan 12",2020-01-12,Insulin,580,09:40,2020-01-12 09:40,0,,,,,,,,,,,2,Insulin,2020-01-12 09:44,105
3,"Sun, Jan 12",2020-01-12,Insulin,585,09:45,2020-01-12 09:45,0.072,,,,,,,,,,,2,Insulin,2020-01-12 09:49,106
3,"Sun, Jan 12",2020-01-12,Insulin,590,09:50,2020-01-12 09:50,0.103,,,,,,,,,,,2,Insulin,2020-01-12 09:54,107
3,"Sun, Jan 12",2020-01-12,Insulin,595,09:55,2020-01-12 09:55,0.103,,,,,,,,,,,2,Insulin,2020-01-12 09:59,108
3,"Sun, Jan 12",2020-01-12,Insulin,600,10:00,2020-01-12 10:00,0.1,,,,,,,,,,,2,Insulin,2020-01-12 10:04,109
3,"Sun, Jan 12",2020-01-12,Insulin,605,10:05,2020-01-12 10:05,0.112,,,,,,,,,,,2,Insulin,2020-01-12 10:09,110
3,"Sun, Jan 12",2020-01-12,Insulin,610,10:10,2020-01-12 10:10,0.095,,,,,,,,,,,2,Insulin,2020-01-12 10:14,111
3,"Sun, Jan 12",2020-01-12,Insulin,615,10:15,2020-01-12 10:15,0,,,,,,,,,,,2,Insulin,2020-01-12 10:19,112
3,"Sun, Jan 12",2020-01-12,Insulin,620,10:20,2020-01-12 10:20,0,,,,,,,,,,,2,Insulin,2020-01-12 10:24,113
3,"Sun, Jan 12",2020-01-12,Insulin,625,10:25,2020-01-12 10:25,0,,,,,,,,,,,2,Insulin,2020-01-12 10:29,114
3,"Sun, Jan 12",2020-01-12,Insulin,630,10:30,2020-01-12 10:30,0.088,,,,,,,,,,,2,Insulin,2020-01-12 10:34,115
3,"Sun, Jan 12",2020-01-12,Insulin,635,10:35,2020-01-12 10:35,0.099,,,,,,,,,,,2,Insulin,2020-01-12 10:39,116
3,"Sun, Jan 12",2020-01-12,Insulin,645,10:45,2020-01-12 10:45,0.261,,,,,,,,,,,2,Insulin,2020-01-12 10:45,117
3,"Sun, Jan 12",2020-01-12,Insulin,650,10:50,2020-01-12 10:50,0.96,,,,,,,,,,,2,Insulin,2020-01-12 10:50,118
3,"Sun, Jan 12",2020-01-12,Insulin,650,10:50,2020-01-12 10:50,0.869,,,,,,,,,,,2,Insulin,2020-01-12 10:54,119
3,"Sun, Jan 12",2020-01-12,Insulin,655,10:55,2020-01-12 10:55,0.044,,,,,,,,,,,2,Insulin,2020-01-12 10:59,120
3,"Sun, Jan 12",2020-01-12,Insulin,660,11:00,2020-01-12 11:00,0,,,,,,,,,,,2,Insulin,2020-01-12 11:04,121
3,"Sun, Jan 12",2020-01-12,Insulin,665,11:05,2020-01-12 11:05,0,,,,,,,,,,,2,Insulin,2020-01-12 11:09,122
3,"Sun, Jan 12",2020-01-12,Insulin,670,11:10,2020-01-12 11:10,0,,,,,,,,,,,2,Insulin,2020-01-12 11:14,123
3,"Sun, Jan 12",2020-01-12,Insulin,675,11:15,2020-01-12 11:15,0.123,,,,,,,,,,,2,Insulin,2020-01-12 11:19,124
3,"Sun, Jan 12",2020-01-12,Insulin,680,11:20,2020-01-12 11:20,0.076,,,,,,,,,,,2,Insulin,2020-01-12 11:24,125
3,"Sun, Jan 12",2020-01-12,Insulin,685,11:25,2020-01-12 11:25,0,,,,,,,,,,,2,Insulin,2020-01-12 11:29,126
3,"Sun, Jan 12",2020-01-12,Insulin,690,11:30,2020-01-12 11:30,0.127,,,,,,,,,,,2,Insulin,2020-01-12 11:34,127
3,"Sun, Jan 12",2020-01-12,Insulin,695,11:35,2020-01-12 11:35,0.107,,,,,,,,,,,2,Insulin,2020-01-12 11:39,128
3,"Sun, Jan 12",2020-01-12,Insulin,705,11:45,2020-01-12 11:45,0.126,,,,,,,,,,,2,Insulin,2020-01-12 11:45,129
3,"Sun, Jan 12",2020-01-12,Insulin,705,11:45,2020-01-12 11:45,0.89,,,,,,,,,,,2,Insulin,2020-01-12 11:49,130
3,"Sun, Jan 12",2020-01-12,Insulin,710,11:50,2020-01-12 11:50,0.061,,,,,,,,,,,2,Insulin,2020-01-12 11:54,131
3,"Sun, Jan 12",2020-01-12,Insulin,715,11:55,2020-01-12 11:55,0.104,,,,,,,,,,,2,Insulin,2020-01-12 11:59,132
3,"Sun, Jan 12",2020-01-12,Insulin,720,12:00,2020-01-12 12:00,0.15,,,,,,,,,,,2,Insulin,2020-01-12 12:04,133
3,"Sun, Jan 12",2020-01-12,Insulin,725,12:05,2020-01-12 12:05,0.452,,,,,,,,,,,2,Insulin,2020-01-12 12:09,134
3,"Sun, Jan 12",2020-01-12,Insulin,730,12:10,2020-01-12 12:10,0.112,,,,,,,,,,,2,Insulin,2020-01-12 12:14,135
3,"Sun, Jan 12",2020-01-12,Insulin,740,12:20,2020-01-12 12:20,0.66,,,,,,,,,,,2,Insulin,2020-01-12 12:20,136
3,"Sun, Jan 12",2020-01-12,Insulin,740,12:20,2020-01-12 12:20,0.87,,,,,,,,,,,2,Insulin,2020-01-12 12:24,137
3,"Sun, Jan 12",2020-01-12,Insulin,750,12:30,2020-01-12 12:30,0.872,,,,,,,,,,,2,Insulin,2020-01-12 12:30,138
3,"Sun, Jan 12",2020-01-12,Insulin,750,12:30,2020-01-12 12:30,0.879,,,,,,,,,,,2,Insulin,2020-01-12 12:34,139
3,"Sun, Jan 12",2020-01-12,Insulin,755,12:35,2020-01-12 12:35,0,,,,,,,,,,,2,Insulin,2020-01-12 12:39,140
3,"Sun, Jan 12",2020-01-12,Insulin,760,12:40,2020-01-12 12:40,0,,,,,,,,,,,2,Insulin,2020-01-12 12:44,141
3,"Sun, Jan 12",2020-01-12,Insulin,765,12:45,2020-01-12 12:45,0.173,,,,,,,,,,,2,Insulin,2020-01-12 12:49,142
3,"Sun, Jan 12",2020-01-12,Insulin,770,12:50,2020-01-12 12:50,0,,,,,,,,,,,2,Insulin,2020-01-12 12:54,143
3,"Sun, Jan 12",2020-01-12,Insulin,775,12:55,2020-01-12 12:55,0.183,,,,,,,,,,,2,Insulin,2020-01-12 12:59,144
3,"Sun, Jan 12",2020-01-12,Insulin,780,13:00,2020-01-12 13:00,0.071,,,,,,,,,,,2,Insulin,2020-01-12 13:04,145
3,"Sun, Jan 12",2020-01-12,Insulin,785,13:05,2020-01-12 13:05,0.142,,,,,,,,,,,2,Insulin,2020-01-12 13:09,146
3,"Sun, Jan 12",2020-01-12,Insulin,790,13:10,2020-01-12 13:10,0.132,,,,,,,,,,,2,Insulin,2020-01-12 13:14,147
3,"Sun, Jan 12",2020-01-12,Insulin,795,13:15,2020-01-12 13:15,0.102,,,,,,,,,,,2,Insulin,2020-01-12 13:19,148
3,"Sun, Jan 12",2020-01-12,Insulin,800,13:20,2020-01-12 13:20,0.114,,,,,,,,,,,2,Insulin,2020-01-12 13:24,149
3,"Sun, Jan 12",2020-01-12,Insulin,805,13:25,2020-01-12 13:25,0.046,,,,,,,,,,,2,Insulin,2020-01-12 13:29,150
3,"Sun, Jan 12",2020-01-12,Insulin,810,13:30,2020-01-12 13:30,0.046,,,,,,,,,,,2,Insulin,2020-01-12 13:34,151
3,"Sun, Jan 12",2020-01-12,Insulin,815,13:35,2020-01-12 13:35,0.14,,,,,,,,,,,2,Insulin,2020-01-12 13:39,152
3,"Sun, Jan 12",2020-01-12,Insulin,820,13:40,2020-01-12 13:40,0,,,,,,,,,,,2,Insulin,2020-01-12 13:44,153
3,"Sun, Jan 12",2020-01-12,Insulin,825,13:45,2020-01-12 13:45,0.084,,,,,,,,,,,2,Insulin,2020-01-12 13:49,154
3,"Sun, Jan 12",2020-01-12,Insulin,830,13:50,2020-01-12 13:50,0.137,,,,,,,,,,,2,Insulin,2020-01-12 13:54,155
3,"Sun, Jan 12",2020-01-12,Insulin,835,13:55,2020-01-12 13:55,0.138,,,,,,,,,,,2,Insulin,2020-01-12 13:59,156
3,"Sun, Jan 12",2020-01-12,Insulin,840,14:00,2020-01-12 14:00,0.11,,,,,,,,,,,2,Insulin,2020-01-12 14:04,157
3,"Sun, Jan 12",2020-01-12,Insulin,845,14:05,2020-01-12 14:05,0.107,,,,,,,,,,,2,Insulin,2020-01-12 14:09,158
3,"Sun, Jan 12",2020-01-12,Insulin,850,14:10,2020-01-12 14:10,0.501,,,,,,,,,,,2,Insulin,2020-01-12 14:14,159
3,"Sun, Jan 12",2020-01-12,Insulin,855,14:15,2020-01-12 14:15,0.132,,,,,,,,,,,2,Insulin,2020-01-12 14:19,160
3,"Sun, Jan 12",2020-01-12,Insulin,860,14:20,2020-01-12 14:20,0,,,,,,,,,,,2,Insulin,2020-01-12 14:24,161
3,"Sun, Jan 12",2020-01-12,Insulin,865,14:25,2020-01-12 14:25,0.061,,,,,,,,,,,2,Insulin,2020-01-12 14:29,162
3,"Sun, Jan 12",2020-01-12,Insulin,870,14:30,2020-01-12 14:30,0.132,,,,,,,,,,,2,Insulin,2020-01-12 14:34,163
3,"Sun, Jan 12",2020-01-12,Insulin,875,14:35,2020-01-12 14:35,0.069,,,,,,,,,,,2,Insulin,2020-01-12 14:39,164
3,"Sun, Jan 12",2020-01-12,Insulin,880,14:40,2020-01-12 14:40,0,,,,,,,,,,,2,Insulin,2020-01-12 14:44,165
3,"Sun, Jan 12",2020-01-12,Insulin,885,14:45,2020-01-12 14:45,0.081,,,,,,,,,,,2,Insulin,2020-01-12 14:49,166
3,"Sun, Jan 12",2020-01-12,Insulin,890,14:50,2020-01-12 14:50,0.104,,,,,,,,,,,2,Insulin,2020-01-12 14:54,167
3,"Sun, Jan 12",2020-01-12,Insulin,895,14:55,2020-01-12 14:55,0.112,,,,,,,,,,,2,Insulin,2020-01-12 14:59,168
3,"Sun, Jan 12",2020-01-12,Insulin,900,15:00,2020-01-12 15:00,0.458,,,,,,,,,,,2,Insulin,2020-01-12 15:04,169
3,"Sun, Jan 12",2020-01-12,Insulin,905,15:05,2020-01-12 15:05,0.173,,,,,,,,,,,2,Insulin,2020-01-12 15:09,170
3,"Sun, Jan 12",2020-01-12,Insulin,910,15:10,2020-01-12 15:10,0.658,,,,,,,,,,,2,Insulin,2020-01-12 15:14,171
3,"Sun, Jan 12",2020-01-12,Insulin,915,15:15,2020-01-12 15:15,0.297,,,,,,,,,,,2,Insulin,2020-01-12 15:19,172
3,"Sun, Jan 12",2020-01-12,Insulin,920,15:20,2020-01-12 15:20,0.98,,,,,,,,,,,2,Insulin,2020-01-12 15:24,173
3,"Sun, Jan 12",2020-01-12,Insulin,925,15:25,2020-01-12 15:25,0.95,,,,,,,,,,,2,Insulin,2020-01-12 15:29,174
3,"Sun, Jan 12",2020-01-12,Insulin,930,15:30,2020-01-12 15:30,0.849,,,,,,,,,,,2,Insulin,2020-01-12 15:34,175
3,"Sun, Jan 12",2020-01-12,Insulin,935,15:35,2020-01-12 15:35,0.282,,,,,,,,,,,2,Insulin,2020-01-12 15:39,176
3,"Sun, Jan 12",2020-01-12,Insulin,940,15:40,2020-01-12 15:40,0,,,,,,,,,,,2,Insulin,2020-01-12 15:44,177
3,"Sun, Jan 12",2020-01-12,Insulin,945,15:45,2020-01-12 15:45,0.047,,,,,,,,,,,2,Insulin,2020-01-12 15:49,178
3,"Sun, Jan 12",2020-01-12,Insulin,950,15:50,2020-01-12 15:50,0,,,,,,,,,,,2,Insulin,2020-01-12 15:54,179
3,"Sun, Jan 12",2020-01-12,Insulin,955,15:55,2020-01-12 15:55,0,,,,,,,,,,,2,Insulin,2020-01-12 15:59,180
3,"Sun, Jan 12",2020-01-12,Insulin,960,16:00,2020-01-12 16:00,0,,,,,,,,,,,2,Insulin,2020-01-12 16:04,181
3,"Sun, Jan 12",2020-01-12,Insulin,965,16:05,2020-01-12 16:05,0,,,,,,,,,,,2,Insulin,2020-01-12 16:09,182
3,"Sun, Jan 12",2020-01-12,Insulin,970,16:10,2020-01-12 16:10,0,,,,,,,,,,,2,Insulin,2020-01-12 16:14,183
3,"Sun, Jan 12",2020-01-12,Insulin,975,16:15,2020-01-12 16:15,0,,,,,,,,,,,2,Insulin,2020-01-12 16:19,184
3,"Sun, Jan 12",2020-01-12,Insulin,980,16:20,2020-01-12 16:20,0,,,,,,,,,,,2,Insulin,2020-01-12 16:24,185
3,"Sun, Jan 12",2020-01-12,Insulin,985,16:25,2020-01-12 16:25,0,,,,,,,,,,,2,Insulin,2020-01-12 16:29,186
3,"Sun, Jan 12",2020-01-12,Insulin,990,16:30,2020-01-12 16:30,0,,,,,,,,,,,2,Insulin,2020-01-12 16:34,187
3,"Sun, Jan 12",2020-01-12,Insulin,995,16:35,2020-01-12 16:35,0.047,,,,,,,,,,,2,Insulin,2020-01-12 16:39,188
3,"Sun, Jan 12",2020-01-12,Insulin,1000,16:40,2020-01-12 16:40,0.053,,,,,,,,,,,2,Insulin,2020-01-12 16:44,189
3,"Sun, Jan 12",2020-01-12,Insulin,1005,16:45,2020-01-12 16:45,0,,,,,,,,,,,2,Insulin,2020-01-12 16:49,190
3,"Sun, Jan 12",2020-01-12,Insulin,1010,16:50,2020-01-12 16:50,0.056,,,,,,,,,,,2,Insulin,2020-01-12 16:54,191
3,"Sun, Jan 12",2020-01-12,Insulin,1015,16:55,2020-01-12 16:55,0.051,,,,,,,,,,,2,Insulin,2020-01-12 16:59,192
3,"Sun, Jan 12",2020-01-12,Insulin,1020,17:00,2020-01-12 17:00,0,,,,,,,,,,,2,Insulin,2020-01-12 17:04,193
3,"Sun, Jan 12",2020-01-12,Insulin,1025,17:05,2020-01-12 17:05,0,,,,,,,,,,,2,Insulin,2020-01-12 17:09,194
3,"Sun, Jan 12",2020-01-12,Insulin,1030,17:10,2020-01-12 17:10,0,,,,,,,,,,,2,Insulin,2020-01-12 17:14,195
3,"Sun, Jan 12",2020-01-12,Insulin,1035,17:15,2020-01-12 17:15,0,,,,,,,,,,,2,Insulin,2020-01-12 17:19,196
3,"Sun, Jan 12",2020-01-12,Insulin,1040,17:20,2020-01-12 17:20,0,,,,,,,,,,,2,Insulin,2020-01-12 17:24,197
3,"Sun, Jan 12",2020-01-12,Insulin,1045,17:25,2020-01-12 17:25,0,,,,,,,,,,,2,Insulin,2020-01-12 17:29,198
3,"Sun, Jan 12",2020-01-12,Insulin,1050,17:30,2020-01-12 17:30,0,,,,,,,,,,,2,Insulin,2020-01-12 17:34,199
3,"Sun, Jan 12",2020-01-12,Insulin,1055,17:35,2020-01-12 17:35,0,,,,,,,,,,,2,Insulin,2020-01-12 17:39,200
3,"Sun, Jan 12",2020-01-12,Insulin,1060,17:40,2020-01-12 17:40,0.053,,,,,,,,,,,2,Insulin,2020-01-12 17:44,201
3,"Sun, Jan 12",2020-01-12,Insulin,1065,17:45,2020-01-12 17:45,0,,,,,,,,,,,2,Insulin,2020-01-12 17:49,202
3,"Sun, Jan 12",2020-01-12,Insulin,1070,17:50,2020-01-12 17:50,0.051,,,,,,,,,,,2,Insulin,2020-01-12 17:54,203
3,"Sun, Jan 12",2020-01-12,Insulin,1075,17:55,2020-01-12 17:55,0.046,,,,,,,,,,,2,Insulin,2020-01-12 17:59,204
3,"Sun, Jan 12",2020-01-12,Insulin,1080,18:00,2020-01-12 18:00,0.251,,,,,,,,,,,2,Insulin,2020-01-12 18:04,205
3,"Sun, Jan 12",2020-01-12,Insulin,1085,18:05,2020-01-12 18:05,0.046,,,,,,,,,,,2,Insulin,2020-01-12 18:09,206
3,"Sun, Jan 12",2020-01-12,Insulin,1090,18:10,2020-01-12 18:10,0,,,,,,,,,,,2,Insulin,2020-01-12 18:14,207
3,"Sun, Jan 12",2020-01-12,Insulin,1095,18:15,2020-01-12 18:15,0,,,,,,,,,,,2,Insulin,2020-01-12 18:19,208
3,"Sun, Jan 12",2020-01-12,Insulin,1100,18:20,2020-01-12 18:20,0.046,,,,,,,,,,,2,Insulin,2020-01-12 18:24,209
3,"Sun, Jan 12",2020-01-12,Insulin,1105,18:25,2020-01-12 18:25,0,,,,,,,,,,,2,Insulin,2020-01-12 18:29,210
3,"Sun, Jan 12",2020-01-12,Insulin,1110,18:30,2020-01-12 18:30,0.046,,,,,,,,,,,2,Insulin,2020-01-12 18:34,211
3,"Sun, Jan 12",2020-01-12,Insulin,1115,18:35,2020-01-12 18:35,0,,,,,,,,,,,2,Insulin,2020-01-12 18:39,212
3,"Sun, Jan 12",2020-01-12,Insulin,1120,18:40,2020-01-12 18:40,0.082,,,,,,,,,,,2,Insulin,2020-01-12 18:44,213
3,"Sun, Jan 12",2020-01-12,Insulin,1125,18:45,2020-01-12 18:45,0.25,,,,,,,,,,,2,Insulin,2020-01-12 18:49,214
3,"Sun, Jan 12",2020-01-12,Insulin,1130,18:50,2020-01-12 18:50,0.188,,,,,,,,,,,2,Insulin,2020-01-12 18:54,215
3,"Sun, Jan 12",2020-01-12,Insulin,1135,18:55,2020-01-12 18:55,0.2,,,,,,,,,,,2,Insulin,2020-01-12 18:59,216
3,"Sun, Jan 12",2020-01-12,Insulin,1140,19:00,2020-01-12 19:00,0.889,,,,,,,,,,,2,Insulin,2020-01-12 19:04,217
3,"Sun, Jan 12",2020-01-12,Insulin,1145,19:05,2020-01-12 19:05,0,,,,,,,,,,,2,Insulin,2020-01-12 19:09,218
3,"Sun, Jan 12",2020-01-12,Insulin,1150,19:10,2020-01-12 19:10,0,,,,,,,,,,,2,Insulin,2020-01-12 19:14,219
3,"Sun, Jan 12",2020-01-12,Insulin,1155,19:15,2020-01-12 19:15,0.058,,,,,,,,,,,2,Insulin,2020-01-12 19:19,220
3,"Sun, Jan 12",2020-01-12,Insulin,1160,19:20,2020-01-12 19:20,0.046,,,,,,,,,,,2,Insulin,2020-01-12 19:24,221
3,"Sun, Jan 12",2020-01-12,Insulin,1165,19:25,2020-01-12 19:25,0.091,,,,,,,,,,,2,Insulin,2020-01-12 19:29,222
3,"Sun, Jan 12",2020-01-12,Insulin,1170,19:30,2020-01-12 19:30,0.121,,,,,,,,,,,2,Insulin,2020-01-12 19:34,223
3,"Sun, Jan 12",2020-01-12,Insulin,1175,19:35,2020-01-12 19:35,0,,,,,,,,,,,2,Insulin,2020-01-12 19:39,224
3,"Sun, Jan 12",2020-01-12,Insulin,1180,19:40,2020-01-12 19:40,0,,,,,,,,,,,2,Insulin,2020-01-12 19:44,225
3,"Sun, Jan 12",2020-01-12,Insulin,1185,19:45,2020-01-12 19:45,0,,,,,,,,,,,2,Insulin,2020-01-12 19:49,226
3,"Sun, Jan 12",2020-01-12,Insulin,1190,19:50,2020-01-12 19:50,0,,,,,,,,,,,2,Insulin,2020-01-12 19:54,227
3,"Sun, Jan 12",2020-01-12,Insulin,1195,19:55,2020-01-12 19:55,0.043,,,,,,,,,,,2,Insulin,2020-01-12 19:59,228
3,"Sun, Jan 12",2020-01-12,Insulin,1200,20:00,2020-01-12 20:00,0.048,,,,,,,,,,,2,Insulin,2020-01-12 20:04,229
3,"Sun, Jan 12",2020-01-12,Insulin,1205,20:05,2020-01-12 20:05,0,,,,,,,,,,,2,Insulin,2020-01-12 20:09,230
3,"Sun, Jan 12",2020-01-12,Insulin,1210,20:10,2020-01-12 20:10,0,,,,,,,,,,,2,Insulin,2020-01-12 20:14,231
3,"Sun, Jan 12",2020-01-12,Insulin,1215,20:15,2020-01-12 20:15,0.473,,,,,,,,,,,2,Insulin,2020-01-12 20:19,232
3,"Sun, Jan 12",2020-01-12,Insulin,1220,20:20,2020-01-12 20:20,0.046,,,,,,,,,,,2,Insulin,2020-01-12 20:24,233
3,"Sun, Jan 12",2020-01-12,Insulin,1225,20:25,2020-01-12 20:25,0,,,,,,,,,,,2,Insulin,2020-01-12 20:29,234
3,"Sun, Jan 12",2020-01-12,Insulin,1230,20:30,2020-01-12 20:30,0.045,,,,,,,,,,,2,Insulin,2020-01-12 20:34,235
3,"Sun, Jan 12",2020-01-12,Insulin,1235,20:35,2020-01-12 20:35,0.086,,,,,,,,,,,2,Insulin,2020-01-12 20:39,236
3,"Sun, Jan 12",2020-01-12,Insulin,1240,20:40,2020-01-12 20:40,0.262,,,,,,,,,,,2,Insulin,2020-01-12 20:44,237
3,"Sun, Jan 12",2020-01-12,Insulin,1245,20:45,2020-01-12 20:45,0.355,,,,,,,,,,,2,Insulin,2020-01-12 20:49,238
3,"Sun, Jan 12",2020-01-12,Insulin,1250,20:50,2020-01-12 20:50,0.052,,,,,,,,,,,2,Insulin,2020-01-12 20:54,239
3,"Sun, Jan 12",2020-01-12,Insulin,1255,20:55,2020-01-12 20:55,0.276,,,,,,,,,,,2,Insulin,2020-01-12 20:59,240
3,"Sun, Jan 12",2020-01-12,Insulin,1260,21:00,2020-01-12 21:00,0.345,,,,,,,,,,,2,Insulin,2020-01-12 21:04,241
3,"Sun, Jan 12",2020-01-12,Insulin,1265,21:05,2020-01-12 21:05,0.994,,,,,,,,,,,2,Insulin,2020-01-12 21:09,242
3,"Sun, Jan 12",2020-01-12,Insulin,1270,21:10,2020-01-12 21:10,1,,,,,,,,,,,2,Insulin,2020-01-12 21:14,243
3,"Sun, Jan 12",2020-01-12,Insulin,1275,21:15,2020-01-12 21:15,0.503,,,,,,,,,,,2,Insulin,2020-01-12 21:19,244
3,"Sun, Jan 12",2020-01-12,Insulin,1280,21:20,2020-01-12 21:20,0.051,,,,,,,,,,,2,Insulin,2020-01-12 21:24,245
3,"Sun, Jan 12",2020-01-12,Insulin,1285,21:25,2020-01-12 21:25,0,,,,,,,,,,,2,Insulin,2020-01-12 21:29,246
3,"Sun, Jan 12",2020-01-12,Insulin,1290,21:30,2020-01-12 21:30,0.045,,,,,,,,,,,2,Insulin,2020-01-12 21:34,247
3,"Sun, Jan 12",2020-01-12,Insulin,1295,21:35,2020-01-12 21:35,0.046,,,,,,,,,,,2,Insulin,2020-01-12 21:39,248
3,"Sun, Jan 12",2020-01-12,Insulin,1300,21:40,2020-01-12 21:40,0,,,,,,,,,,,2,Insulin,2020-01-12 21:44,249
3,"Sun, Jan 12",2020-01-12,Insulin,1305,21:45,2020-01-12 21:45,0,,,,,,,,,,,2,Insulin,2020-01-12 21:49,250
3,"Sun, Jan 12",2020-01-12,Insulin,1310,21:50,2020-01-12 21:50,0,,,,,,,,,,,2,Insulin,2020-01-12 21:54,251
3,"Sun, Jan 12",2020-01-12,Insulin,1315,21:55,2020-01-12 21:55,0,,,,,,,,,,,2,Insulin,2020-01-12 21:59,252
3,"Sun, Jan 12",2020-01-12,Insulin,1320,22:00,2020-01-12 22:00,0,,,,,,,,,,,2,Insulin,2020-01-12 22:04,253
3,"Sun, Jan 12",2020-01-12,Insulin,1325,22:05,2020-01-12 22:05,0,,,,,,,,,,,2,Insulin,2020-01-12 22:07,254
3,"Sun, Jan 12",2020-01-12,Insulin,1330,22:10,2020-01-12 22:10,4.054,,,,,,,,,,,2,Insulin,2020-01-12 22:14,255
3,"Sun, Jan 12",2020-01-12,Insulin,1335,22:15,2020-01-12 22:15,0,,,,,,,,,,,2,Insulin,2020-01-12 22:19,256
3,"Sun, Jan 12",2020-01-12,Insulin,1340,22:20,2020-01-12 22:20,0.216,,,,,,,,,,,2,Insulin,2020-01-12 22:24,257
3,"Sun, Jan 12",2020-01-12,Insulin,1345,22:25,2020-01-12 22:25,0.112,,,,,,,,,,,2,Insulin,2020-01-12 22:29,258
3,"Sun, Jan 12",2020-01-12,Insulin,1350,22:30,2020-01-12 22:30,0.091,,,,,,,,,,,2,Insulin,2020-01-12 22:34,259
3,"Sun, Jan 12",2020-01-12,Insulin,1355,22:35,2020-01-12 22:35,0.081,,,,,,,,,,,2,Insulin,2020-01-12 22:39,260
3,"Sun, Jan 12",2020-01-12,Insulin,1360,22:40,2020-01-12 22:40,0.117,,,,,,,,,,,2,Insulin,2020-01-12 22:44,261
3,"Sun, Jan 12",2020-01-12,Insulin,1365,22:45,2020-01-12 22:45,0.117,,,,,,,,,,,2,Insulin,2020-01-12 22:49,262
3,"Sun, Jan 12",2020-01-12,Insulin,1370,22:50,2020-01-12 22:50,0.117,,,,,,,,,,,2,Insulin,2020-01-12 22:54,263
3,"Sun, Jan 12",2020-01-12,Insulin,1375,22:55,2020-01-12 22:55,0.121,,,,,,,,,,,2,Insulin,2020-01-12 22:59,264
3,"Sun, Jan 12",2020-01-12,Insulin,1380,23:00,2020-01-12 23:00,0,,,,,,,,,,,2,Insulin,2020-01-12 23:04,265
3,"Sun, Jan 12",2020-01-12,Insulin,1385,23:05,2020-01-12 23:05,0,,,,,,,,,,,2,Insulin,2020-01-12 23:09,266
3,"Sun, Jan 12",2020-01-12,Insulin,1390,23:10,2020-01-12 23:10,0,,,,,,,,,,,2,Insulin,2020-01-12 23:14,267
3,"Sun, Jan 12",2020-01-12,Insulin,1395,23:15,2020-01-12 23:15,0.263,,,,,,,,,,,2,Insulin,2020-01-12 23:19,268
3,"Sun, Jan 12",2020-01-12,Insulin,1400,23:20,2020-01-12 23:20,0.747,,,,,,,,,,,2,Insulin,2020-01-12 23:24,269
3,"Sun, Jan 12",2020-01-12,Insulin,1405,23:25,2020-01-12 23:25,0.717,,,,,,,,,,,2,Insulin,2020-01-12 23:29,270
3,"Sun, Jan 12",2020-01-12,Insulin,1410,23:30,2020-01-12 23:30,0.645,,,,,,,,,,,2,Insulin,2020-01-12 23:34,271
3,"Sun, Jan 12",2020-01-12,Insulin,1415,23:35,2020-01-12 23:35,0.66,,,,,,,,,,,2,Insulin,2020-01-12 23:39,272
3,"Sun, Jan 12",2020-01-12,Insulin,1420,23:40,2020-01-12 23:40,0.081,,,,,,,,,,,2,Insulin,2020-01-12 23:44,273
3,"Sun, Jan 12",2020-01-12,Insulin,1425,23:45,2020-01-12 23:45,0.208,,,,,,,,,,,2,Insulin,2020-01-12 23:49,274
3,"Sun, Jan 12",2020-01-12,Insulin,1430,23:50,2020-01-12 23:50,0,,,,,,,,,,,2,Insulin,2020-01-12 23:54,275
3,"Sun, Jan 12",2020-01-12,Insulin,1435,23:55,2020-01-12 23:55,0,,,,,,,,,,,2,Insulin,2020-01-12 23:59,276
3,"Sun, Jan 12",2020-01-12,Meal Announcement,1325,22:05,2020-01-12 22:05,0,Meal,,"Dinner, More Than Usual, 10:07 PM","Dinner, More Than Usual, 10:07 PM",Dinner,D,More Than Usual,10:07 PM,,,3,Meal Announcement,2020-01-12 22:07,0
3,"Sun, Jan 12",2020-01-12,Event,310,05:10,2020-01-12 05:10,0,Event,,"Event: Other Event, 5:14 AM","Event: Other Event, 5:14 AM",,,,,Other Event,5:14 AM,4,Event,2020-01-12 05:14,0
4,"Sat, Jan 11",2020-01-11,CGM,0,00:00,2020-01-11 00:00,119,,,,,,,,,,,1,CGM,2020-01-11 00:00,0
4,"Sat, Jan 11",2020-01-11,CGM,5,00:05,2020-01-11 00:05,117,,,,,,,,,,,1,CGM,2020-01-11 00:05,1
4,"Sat, Jan 11",2020-01-11,CGM,10,00:10,2020-01-11 00:10,119,,,,,,,,,,,1,CGM,2020-01-11 00:10,2
4,"Sat, Jan 11",2020-01-11,CGM,15,00:15,2020-01-11 00:15,119,,,,,,,,,,,1,CGM,2020-01-11 00:15,3
4,"Sat, Jan 11",2020-01-11,CGM,20,00:20,2020-01-11 00:20,116,,,,,,,,,,,1,CGM,2020-01-11 00:20,4
4,"Sat, Jan 11",2020-01-11,CGM,25,00:25,2020-01-11 00:25,116,,,,,,,,,,,1,CGM,2020-01-11 00:25,5
4,"Sat, Jan 11",2020-01-11,CGM,30,00:30,2020-01-11 00:30,120,,,,,,,,,,,1,CGM,2020-01-11 00:30,6
4,"Sat, Jan 11",2020-01-11,CGM,35,00:35,2020-01-11 00:35,118,,,,,,,,,,,1,CGM,2020-01-11 00:35,7
4,"Sat, Jan 11",2020-01-11,CGM,40,00:40,2020-01-11 00:40,114,,,,,,,,,,,1,CGM,2020-01-11 00:40,8
4,"Sat, Jan 11",2020-01-11,CGM,45,00:45,2020-01-11 00:45,115,,,,,,,,,,,1,CGM,2020-01-11 00:45,9
4,"Sat, Jan 11",2020-01-11,CGM,50,00:50,2020-01-11 00:50,112,,,,,,,,,,,1,CGM,2020-01-11 00:50,10
4,"Sat, Jan 11",2020-01-11,CGM,55,00:55,2020-01-11 00:55,108,,,,,,,,,,,1,CGM,2020-01-11 00:55,11
4,"Sat, Jan 11",2020-01-11,CGM,60,01:00,2020-01-11 01:00,103,,,,,,,,,,,1,CGM,2020-01-11 01:00,12
4,"Sat, Jan 11",2020-01-11,CGM,65,01:05,2020-01-11 01:05,99,,,,,,,,,,,1,CGM,2020-01-11 01:05,13
4,"Sat, Jan 11",2020-01-11,CGM,70,01:10,2020-01-11 01:10,96,,,,,,,,,,,1,CGM,2020-01-11 01:10,14
4,"Sat, Jan 11",2020-01-11,CGM,75,01:15,2020-01-11 01:15,98,,,,,,,,,,,1,CGM,2020-01-11 01:15,15
4,"Sat, Jan 11",2020-01-11,CGM,80,01:20,2020-01-11 01:20,93,,,,,,,,,,,1,CGM,2020-01-11 01:20,16
4,"Sat, Jan 11",2020-01-11,CGM,85,01:25,2020-01-11 01:25,93,,,,,,,,,,,1,CGM,2020-01-11 01:25,17
4,"Sat, Jan 11",2020-01-11,CGM,90,01:30,2020-01-11 01:30,87,,,,,,,,,,,1,CGM,2020-01-11 01:30,18
4,"Sat, Jan 11",2020-01-11,CGM,95,01:35,2020-01-11 01:35,87,,,,,,,,,,,1,CGM,2020-01-11 01:35,19
4,"Sat, Jan 11",2020-01-11,CGM,100,01:40,2020-01-11 01:40,83,,,,,,,,,,,1,CGM,2020-01-11 01:40,20
4,"Sat, Jan 11",2020-01-11,CGM,105,01:45,2020-01-11 01:45,83,,,,,,,,,,,1,CGM,2020-01-11 01:45,21
4,"Sat, Jan 11",2020-01-11,CGM,110,01:50,2020-01-11 01:50,84,,,,,,,,,,,1,CGM,2020-01-11 01:50,22
4,"Sat, Jan 11",2020-01-11,CGM,115,01:55,2020-01-11 01:55,80,,,,,,,,,,,1,CGM,2020-01-11 01:55,23
4,"Sat, Jan 11",2020-01-11,CGM,120,02:00,2020-01-11 02:00,82,,,,,,,,,,,1,CGM,2020-01-11 02:00,24
4,"Sat, Jan 11",2020-01-11,CGM,125,02:05,2020-01-11 02:05,88,,,,,,,,,,,1,CGM,2020-01-11 02:05,25
4,"Sat, Jan 11",2020-01-11,CGM,130,02:10,2020-01-11 02:10,101,,,,,,,,,,,1,CGM,2020-01-11 02:10,26
4,"Sat, Jan 11",2020-01-11,CGM,135,02:15,2020-01-11 02:15,111,,,,,,,,,,,1,CGM,2020-01-11 02:15,27
4,"Sat, Jan 11",2020-01-11,CGM,140,02:20,2020-01-11 02:20,128,,,,,,,,,,,1,CGM,2020-01-11 02:20,28
4,"Sat, Jan 11",2020-01-11,CGM,145,02:25,2020-01-11 02:25,160,,,,,,,,,,,1,CGM,2020-01-11 02:25,29
4,"Sat, Jan 11",2020-01-11,CGM,150,02:30,2020-01-11 02:30,170,,,,,,,,,,,1,CGM,2020-01-11 02:30,30
4,"Sat, Jan 11",2020-01-11,CGM,155,02:35,2020-01-11 02:35,175,,,,,,,,,,,1,CGM,2020-01-11 02:35,31
4,"Sat, Jan 11",2020-01-11,CGM,160,02:40,2020-01-11 02:40,174,,,,,,,,,,,1,CGM,2020-01-11 02:40,32
4,"Sat, Jan 11",2020-01-11,CGM,165,02:45,2020-01-11 02:45,194,,,,,,,,,,,1,CGM,2020-01-11 02:45,33
4,"Sat, Jan 11",2020-01-11,CGM,170,02:50,2020-01-11 02:50,204,,,,,,,,,,,1,CGM,2020-01-11 02:50,34
4,"Sat, Jan 11",2020-01-11,CGM,175,02:55,2020-01-11 02:55,211,,,,,,,,,,,1,CGM,2020-01-11 02:55,35
4,"Sat, Jan 11",2020-01-11,CGM,180,03:00,2020-01-11 03:00,224,,,,,,,,,,,1,CGM,2020-01-11 03:00,36
4,"Sat, Jan 11",2020-01-11,CGM,185,03:05,2020-01-11 03:05,234,,,,,,,,,,,1,CGM,2020-01-11 03:05,37
4,"Sat, Jan 11",2020-01-11,CGM,190,03:10,2020-01-11 03:10,238,,,,,,,,,,,1,CGM,2020-01-11 03:10,38
4,"Sat, Jan 11",2020-01-11,CGM,195,03:15,2020-01-11 03:15,222,,,,,,,,,,,1,CGM,2020-01-11 03:15,39
4,"Sat, Jan 11",2020-01-11,CGM,200,03:20,2020-01-11 03:20,214,,,,,,,,,,,1,CGM,2020-01-11 03:20,40
4,"Sat, Jan 11",2020-01-11,CGM,205,03:25,2020-01-11 03:25,204,,,,,,,,,,,1,CGM,2020-01-11 03:25,41
4,"Sat, Jan 11",2020-01-11,CGM,210,03:30,2020-01-11 03:30,185,,,,,,,,,,,1,CGM,2020-01-11 03:30,42
4,"Sat, Jan 11",2020-01-11,CGM,215,03:35,2020-01-11 03:35,179,,,,,,,,,,,1,CGM,2020-01-11 03:35,43
4,"Sat, Jan 11",2020-01-11,CGM,220,03:40,2020-01-11 03:40,170,,,,,,,,,,,1,CGM,2020-01-11 03:40,44
4,"Sat, Jan 11",2020-01-11,CGM,225,03:45,2020-01-11 03:45,167,,,,,,,,,,,1,CGM,2020-01-11 03:45,45
4,"Sat, Jan 11",2020-01-11,CGM,230,03:50,2020-01-11 03:50,173,,,,,,,,,,,1,CGM,2020-01-11 03:50,46
4,"Sat, Jan 11",2020-01-11,CGM,235,03:55,2020-01-11 03:55,179,,,,,,,,,,,1,CGM,2020-01-11 03:55,47
4,"Sat, Jan 11",2020-01-11,CGM,240,04:00,2020-01-11 04:00,195,,,,,,,,,,,1,CGM,2020-01-11 04:00,48
4,"Sat, Jan 11",2020-01-11,CGM,245,04:05,2020-01-11 04:05,202,,,,,,,,,,,1,CGM,2020-01-11 04:05,49
4,"Sat, Jan 11",2020-01-11,CGM,250,04:10,2020-01-11 04:10,195,,,,,,,,,,,1,CGM,2020-01-11 04:10,50
4,"Sat, Jan 11",2020-01-11,CGM,255,04:15,2020-01-11 04:15,191,,,,,,,,,,,1,CGM,2020-01-11 04:15,51
4,"Sat, Jan 11",2020-01-11,CGM,260,04:20,2020-01-11 04:20,182,,,,,,,,,,,1,CGM,2020-01-11 04:20,52
4,"Sat, Jan 11",2020-01-11,CGM,265,04:25,2020-01-11 04:25,172,,,,,,,,,,,1,CGM,2020-01-11 04:25,53
4,"Sat, Jan 11",2020-01-11,CGM,270,04:30,2020-01-11 04:30,166,,,,,,,,,,,1,CGM,2020-01-11 04:30,54
4,"Sat, Jan 11",2020-01-11,CGM,275,04:35,2020-01-11 04:35,166,,,,,,,,,,,1,CGM,2020-01-11 04:35,55
4,"Sat, Jan 11",2020-01-11,CGM,280,04:40,2020-01-11 04:40,167,,,,,,,,,,,1,CGM,2020-01-11 04:40,56
4,"Sat, Jan 11",2020-01-11,CGM,285,04:45,2020-01-11 04:45,166,,,,,,,,,,,1,CGM,2020-01-11 04:45,57
4,"Sat, Jan 11",2020-01-11,CGM,290,04:50,2020-01-11 04:50,162,,,,,,,,,,,1,CGM,2020-01-11 04:50,58
4,"Sat, Jan 11",2020-01-11,CGM,295,04:55,2020-01-11 04:55,165,,,,,,,,,,,1,CGM,2020-01-11 04:55,59
4,"Sat, Jan 11",2020-01-11,CGM,300,05:00,2020-01-11 05:00,166,,,,,,,,,,,1,CGM,2020-01-11 05:00,60
4,"Sat, Jan 11",2020-01-11,CGM,305,05:05,2020-01-11 05:05,161,,,,,,,,,,,1,CGM,2020-01-11 05:05,61
4,"Sat, Jan 11",2020-01-11,CGM,310,05:10,2020-01-11 05:10,147,,,,,,,,,,,1,CGM,2020-01-11 05:10,62
4,"Sat, Jan 11",2020-01-11,CGM,315,05:15,2020-01-11 05:15,153,,,,,,,,,,,1,CGM,2020-01-11 05:15,63
4,"Sat, Jan 11",2020-01-11,CGM,320,05:20,2020-01-11 05:20,161,,,,,,,,,,,1,CGM,2020-01-11 05:20,64
4,"Sat, Jan 11",2020-01-11,CGM,325,05:25,2020-01-11 05:25,161,,,,,,,,,,,1,CGM,2020-01-11 05:25,65
4,"Sat, Jan 11",2020-01-11,CGM,330,05:30,2020-01-11 05:30,159,,,,,,,,,,,1,CGM,2020-01-11 05:30,66
4,"Sat, Jan 11",2020-01-11,CGM,335,05:35,2020-01-11 05:35,166,,,,,,,,,,,1,CGM,2020-01-11 05:35,67
4,"Sat, Jan 11",2020-01-11,CGM,340,05:40,2020-01-11 05:40,165,,,,,,,,,,,1,CGM,2020-01-11 05:40,68
4,"Sat, Jan 11",2020-01-11,CGM,345,05:45,2020-01-11 05:45,158,,,,,,,,,,,1,CGM,2020-01-11 05:45,69
4,"Sat, Jan 11",2020-01-11,CGM,350,05:50,2020-01-11 05:50,162,,,,,,,,,,,1,CGM,2020-01-11 05:50,70
4,"Sat, Jan 11",2020-01-11,CGM,355,05:55,2020-01-11 05:55,166,,,,,,,,,,,1,CGM,2020-01-11 05:55,71
4,"Sat, Jan 11",2020-01-11,CGM,360,06:00,2020-01-11 06:00,165,,,,,,,,,,,1,CGM,2020-01-11 06:00,72
4,"Sat, Jan 11",2020-01-11,CGM,365,06:05,2020-01-11 06:05,166,,,,,,,,,,,1,CGM,2020-01-11 06:05,73
4,"Sat, Jan 11",2020-01-11,CGM,370,06:10,2020-01-11 06:10,165,,,,,,,,,,,1,CGM,2020-01-11 06:10,74
4,"Sat, Jan 11",2020-01-11,CGM,375,06:15,2020-01-11 06:15,164,,,,,,,,,,,1,CGM,2020-01-11 06:15,75
4,"Sat, Jan 11",2020-01-11,CGM,380,06:20,2020-01-11 06:20,163,,,,,,,,,,,1,CGM,2020-01-11 06:20,76
4,"Sat, Jan 11",2020-01-11,CGM,385,06:25,2020-01-11 06:25,160,,,,,,,,,,,1,CGM,2020-01-11 06:25,77
4,"Sat, Jan 11",2020-01-11,CGM,390,06:30,2020-01-11 06:30,162,,,,,,,,,,,1,CGM,2020-01-11 06:30,78
4,"Sat, Jan 11",2020-01-11,CGM,395,06:35,2020-01-11 06:35,163,,,,,,,,,,,1,CGM,2020-01-11 06:35,79
4,"Sat, Jan 11",2020-01-11,CGM,400,06:40,2020-01-11 06:40,158,,,,,,,,,,,1,CGM,2020-01-11 06:40,80
4,"Sat, Jan 11",2020-01-11,CGM,405,06:45,2020-01-11 06:45,156,,,,,,,,,,,1,CGM,2020-01-11 06:45,81
4,"Sat, Jan 11",2020-01-11,CGM,410,06:50,2020-01-11 06:50,160,,,,,,,,,,,1,CGM,2020-01-11 06:50,82
4,"Sat, Jan 11",2020-01-11,CGM,415,06:55,2020-01-11 06:55,152,,,,,,,,,,,1,CGM,2020-01-11 06:55,83
4,"Sat, Jan 11",2020-01-11,CGM,420,07:00,2020-01-11 07:00,152,,,,,,,,,,,1,CGM,2020-01-11 07:00,84
4,"Sat, Jan 11",2020-01-11,CGM,425,07:05,2020-01-11 07:05,149,,,,,,,,,,,1,CGM,2020-01-11 07:05,85
4,"Sat, Jan 11",2020-01-11,CGM,430,07:10,2020-01-11 07:10,146,,,,,,,,,,,1,CGM,2020-01-11 07:10,86
4,"Sat, Jan 11",2020-01-11,CGM,435,07:15,2020-01-11 07:15,146,,,,,,,,,,,1,CGM,2020-01-11 07:15,87
4,"Sat, Jan 11",2020-01-11,CGM,440,07:20,2020-01-11 07:20,149,,,,,,,,,,,1,CGM,2020-01-11 07:20,88
4,"Sat, Jan 11",2020-01-11,CGM,445,07:25,2020-01-11 07:25,145,,,,,,,,,,,1,CGM,2020-01-11 07:25,89
4,"Sat, Jan 11",2020-01-11,CGM,450,07:30,2020-01-11 07:30,145,,,,,,,,,,,1,CGM,2020-01-11 07:30,90
4,"Sat, Jan 11",2020-01-11,CGM,455,07:35,2020-01-11 07:35,142,,,,,,,,,,,1,CGM,2020-01-11 07:35,91
4,"Sat, Jan 11",2020-01-11,CGM,460,07:40,2020-01-11 07:40,139,,,,,,,,,,,1,CGM,2020-01-11 07:40,92
4,"Sat, Jan 11",2020-01-11,CGM,465,07:45,2020-01-11 07:45,136,,,,,,,,,,,1,CGM,2020-01-11 07:45,93
4,"Sat, Jan 11",2020-01-11,CGM,470,07:50,2020-01-11 07:50,137,,,,,,,,,,,1,CGM,2020-01-11 07:50,94
4,"Sat, Jan 11",2020-01-11,CGM,475,07:55,2020-01-11 07:55,138,,,,,,,,,,,1,CGM,2020-01-11 07:55,95
4,"Sat, Jan 11",2020-01-11,CGM,480,08:00,2020-01-11 08:00,138,,,,,,,,,,,1,CGM,2020-01-11 08:00,96
4,"Sat, Jan 11",2020-01-11,CGM,485,08:05,2020-01-11 08:05,135,,,,,,,,,,,1,CGM,2020-01-11 08:05,97
4,"Sat, Jan 11",2020-01-11,CGM,490,08:10,2020-01-11 08:10,128,,,,,,,,,,,1,CGM,2020-01-11 08:10,98
4,"Sat, Jan 11",2020-01-11,CGM,495,08:15,2020-01-11 08:15,126,,,,,,,,,,,1,CGM,2020-01-11 08:15,99
4,"Sat, Jan 11",2020-01-11,CGM,500,08:20,2020-01-11 08:20,122,,,,,,,,,,,1,CGM,2020-01-11 08:20,100
4,"Sat, Jan 11",2020-01-11,CGM,505,08:25,2020-01-11 08:25,122,,,,,,,,,,,1,CGM,2020-01-11 08:25,101
4,"Sat, Jan 11",2020-01-11,CGM,510,08:30,2020-01-11 08:30,121,,,,,,,,,,,1,CGM,2020-01-11 08:30,102
4,"Sat, Jan 11",2020-01-11,CGM,515,08:35,2020-01-11 08:35,121,,,,,,,,,,,1,CGM,2020-01-11 08:35,103
4,"Sat, Jan 11",2020-01-11,CGM,520,08:40,2020-01-11 08:40,126,,,,,,,,,,,1,CGM,2020-01-11 08:40,104
4,"Sat, Jan 11",2020-01-11,CGM,525,08:45,2020-01-11 08:45,129,,,,,,,,,,,1,CGM,2020-01-11 08:45,105
4,"Sat, Jan 11",2020-01-11,CGM,530,08:50,2020-01-11 08:50,121,,,,,,,,,,,1,CGM,2020-01-11 08:50,106
4,"Sat, Jan 11",2020-01-11,CGM,535,08:55,2020-01-11 08:55,108,,,,,,,,,,,1,CGM,2020-01-11 08:55,107
4,"Sat, Jan 11",2020-01-11,CGM,540,09:00,2020-01-11 09:00,109,,,,,,,,,,,1,CGM,2020-01-11 09:00,108
4,"Sat, Jan 11",2020-01-11,CGM,545,09:05,2020-01-11 09:05,110,,,,,,,,,,,1,CGM,2020-01-11 09:05,109
4,"Sat, Jan 11",2020-01-11,CGM,550,09:10,2020-01-11 09:10,107,,,,,,,,,,,1,CGM,2020-01-11 09:10,110
4,"Sat, Jan 11",2020-01-11,CGM,555,09:15,2020-01-11 09:15,103,,,,,,,,,,,1,CGM,2020-01-11 09:15,111
4,"Sat, Jan 11",2020-01-11,CGM,560,09:20,2020-01-11 09:20,98,,,,,,,,,,,1,CGM,2020-01-11 09:20,112
4,"Sat, Jan 11",2020-01-11,CGM,565,09:25,2020-01-11 09:25,97,,,,,,,,,,,1,CGM,2020-01-11 09:25,113
4,"Sat, Jan 11",2020-01-11,CGM,570,09:30,2020-01-11 09:30,91,,,,,,,,,,,1,CGM,2020-01-11 09:30,114
4,"Sat, Jan 11",2020-01-11,CGM,575,09:35,2020-01-11 09:35,90,,,,,,,,,,,1,CGM,2020-01-11 09:35,115
4,"Sat, Jan 11",2020-01-11,CGM,580,09:40,2020-01-11 09:40,83,,,,,,,,,,,1,CGM,2020-01-11 09:40,116
4,"Sat, Jan 11",2020-01-11,CGM,585,09:45,2020-01-11 09:45,79,,,,,,,,,,,1,CGM,2020-01-11 09:45,117
4,"Sat, Jan 11",2020-01-11,CGM,590,09:50,2020-01-11 09:50,76,,,,,,,,,,,1,CGM,2020-01-11 09:50,118
4,"Sat, Jan 11",2020-01-11,CGM,595,09:55,2020-01-11 09:55,79,,,,,,,,,,,1,CGM,2020-01-11 09:55,119
4,"Sat, Jan 11",2020-01-11,CGM,600,10:00,2020-01-11 10:00,84,,,,,,,,,,,1,CGM,2020-01-11 10:00,120
4,"Sat, Jan 11",2020-01-11,CGM,605,10:05,2020-01-11 10:05,76,,,,,,,,,,,1,CGM,2020-01-11 10:05,121
4,"Sat, Jan 11",2020-01-11,CGM,610,10:10,2020-01-11 10:10,77,,,,,,,,,,,1,CGM,2020-01-11 10:10,122
4,"Sat, Jan 11",2020-01-11,CGM,615,10:15,2020-01-11 10:15,79,,,,,,,,,,,1,CGM,2020-01-11 10:15,123
4,"Sat, Jan 11",2020-01-11,CGM,620,10:20,2020-01-11 10:20,76,,,,,,,,,,,1,CGM,2020-01-11 10:20,124
4,"Sat, Jan 11",2020-01-11,CGM,625,10:25,2020-01-11 10:25,70,,,,,,,,,,,1,CGM,2020-01-11 10:25,125
4,"Sat, Jan 11",2020-01-11,CGM,630,10:30,2020-01-11 10:30,70,,,,,,,,,,,1,CGM,2020-01-11 10:30,126
4,"Sat, Jan 11",2020-01-11,CGM,635,10:35,2020-01-11 10:35,71,,,,,,,,,,,1,CGM,2020-01-11 10:35,127
4,"Sat, Jan 11",2020-01-11,CGM,640,10:40,2020-01-11 10:40,74,,,,,,,,,,,1,CGM,2020-01-11 10:40,128
4,"Sat, Jan 11",2020-01-11,CGM,645,10:45,2020-01-11 10:45,75,,,,,,,,,,,1,CGM,2020-01-11 10:45,129
4,"Sat, Jan 11",2020-01-11,CGM,650,10:50,2020-01-11 10:50,78,,,,,,,,,,,1,CGM,2020-01-11 10:50,130
4,"Sat, Jan 11",2020-01-11,CGM,655,10:55,2020-01-11 10:55,85,,,,,,,,,,,1,CGM,2020-01-11 10:55,131
4,"Sat, Jan 11",2020-01-11,CGM,660,11:00,2020-01-11 11:00,90,,,,,,,,,,,1,CGM,2020-01-11 11:00,132
4,"Sat, Jan 11",2020-01-11,CGM,665,11:05,2020-01-11 11:05,89,,,,,,,,,,,1,CGM,2020-01-11 11:05,133
4,"Sat, Jan 11",2020-01-11,CGM,670,11:10,2020-01-11 11:10,102,,,,,,,,,,,1,CGM,2020-01-11 11:10,134
4,"Sat, Jan 11",2020-01-11,CGM,675,11:15,2020-01-11 11:15,113,,,,,,,,,,,1,CGM,2020-01-11 11:15,135
4,"Sat, Jan 11",2020-01-11,CGM,680,11:20,2020-01-11 11:20,128,,,,,,,,,,,1,CGM,2020-01-11 11:20,136
4,"Sat, Jan 11",2020-01-11,CGM,685,11:25,2020-01-11 11:25,141,,,,,,,,,,,1,CGM,2020-01-11 11:25,137
4,"Sat, Jan 11",2020-01-11,CGM,690,11:30,2020-01-11 11:30,155,,,,,,,,,,,1,CGM,2020-01-11 11:30,138
4,"Sat, Jan 11",2020-01-11,CGM,695,11:35,2020-01-11 11:35,172,,,,,,,,,,,1,CGM,2020-01-11 11:35,139
4,"Sat, Jan 11",2020-01-11,CGM,700,11:40,2020-01-11 11:40,184,,,,,,,,,,,1,CGM,2020-01-11 11:40,140
4,"Sat, Jan 11",2020-01-11,CGM,705,11:45,2020-01-11 11:45,190,,,,,,,,,,,1,CGM,2020-01-11 11:45,141
4,"Sat, Jan 11",2020-01-11,CGM,710,11:50,2020-01-11 11:50,184,,,,,,,,,,,1,CGM,2020-01-11 11:50,142
4,"Sat, Jan 11",2020-01-11,CGM,715,11:55,2020-01-11 11:55,174,,,,,,,,,,,1,CGM,2020-01-11 11:55,143
4,"Sat, Jan 11",2020-01-11,CGM,720,12:00,2020-01-11 12:00,175,,,,,,,,,,,1,CGM,2020-01-11 12:00,144
4,"Sat, Jan 11",2020-01-11,CGM,725,12:05,2020-01-11 12:05,170,,,,,,,,,,,1,CGM,2020-01-11 12:05,145
4,"Sat, Jan 11",2020-01-11,CGM,730,12:10,2020-01-11 12:10,188,,,,,,,,,,,1,CGM,2020-01-11 12:10,146
4,"Sat, Jan 11",2020-01-11,CGM,735,12:15,2020-01-11 12:15,201,,,,,,,,,,,1,CGM,2020-01-11 12:15,147
4,"Sat, Jan 11",2020-01-11,CGM,740,12:20,2020-01-11 12:20,200,,,,,,,,,,,1,CGM,2020-01-11 12:20,148
4,"Sat, Jan 11",2020-01-11,CGM,745,12:25,2020-01-11 12:25,197,,,,,,,,,,,1,CGM,2020-01-11 12:25,149
4,"Sat, Jan 11",2020-01-11,CGM,750,12:30,2020-01-11 12:30,202,,,,,,,,,,,1,CGM,2020-01-11 12:30,150
4,"Sat, Jan 11",2020-01-11,CGM,755,12:35,2020-01-11 12:35,205,,,,,,,,,,,1,CGM,2020-01-11 12:35,151
4,"Sat, Jan 11",2020-01-11,CGM,760,12:40,2020-01-11 12:40,222,,,,,,,,,,,1,CGM,2020-01-11 12:40,152
4,"Sat, Jan 11",2020-01-11,CGM,765,12:45,2020-01-11 12:45,230,,,,,,,,,,,1,CGM,2020-01-11 12:45,153
4,"Sat, Jan 11",2020-01-11,CGM,770,12:50,2020-01-11 12:50,238,,,,,,,,,,,1,CGM,2020-01-11 12:50,154
4,"Sat, Jan 11",2020-01-11,CGM,775,12:55,2020-01-11 12:55,234,,,,,,,,,,,1,CGM,2020-01-11 12:55,155
4,"Sat, Jan 11",2020-01-11,CGM,780,13:00,2020-01-11 13:00,229,,,,,,,,,,,1,CGM,2020-01-11 13:00,156
4,"Sat, Jan 11",2020-01-11,CGM,785,13:05,2020-01-11 13:05,228,,,,,,,,,,,1,CGM,2020-01-11 13:05,157
4,"Sat, Jan 11",2020-01-11,CGM,790,13:10,2020-01-11 13:10,221,,,,,,,,,,,1,CGM,2020-01-11 13:10,158
4,"Sat, Jan 11",2020-01-11,CGM,795,13:15,2020-01-11 13:15,211,,,,,,,,,,,1,CGM,2020-01-11 13:15,159
4,"Sat, Jan 11",2020-01-11,CGM,800,13:20,2020-01-11 13:20,218,,,,,,,,,,,1,CGM,2020-01-11 13:20,160
4,"Sat, Jan 11",2020-01-11,CGM,805,13:25,2020-01-11 13:25,235,,,,,,,,,,,1,CGM,2020-01-11 13:25,161
4,"Sat, Jan 11",2020-01-11,CGM,810,13:30,2020-01-11 13:30,238,,,,,,,,,,,1,CGM,2020-01-11 13:30,162
4,"Sat, Jan 11",2020-01-11,CGM,815,13:35,2020-01-11 13:35,240,,,,,,,,,,,1,CGM,2020-01-11 13:35,163
4,"Sat, Jan 11",2020-01-11,CGM,820,13:40,2020-01-11 13:40,242,,,,,,,,,,,1,CGM,2020-01-11 13:40,164
4,"Sat, Jan 11",2020-01-11,CGM,825,13:45,2020-01-11 13:45,242,,,,,,,,,,,1,CGM,2020-01-11 13:45,165
4,"Sat, Jan 11",2020-01-11,CGM,830,13:50,2020-01-11 13:50,250,,,,,,,,,,,1,CGM,2020-01-11 13:50,166
4,"Sat, Jan 11",2020-01-11,CGM,835,13:55,2020-01-11 13:55,261,,,,,,,,,,,1,CGM,2020-01-11 13:55,167
4,"Sat, Jan 11",2020-01-11,CGM,840,14:00,2020-01-11 14:00,274,,,,,,,,,,,1,CGM,2020-01-11 14:00,168
4,"Sat, Jan 11",2020-01-11,CGM,845,14:05,2020-01-11 14:05,281,,,,,,,,,,,1,CGM,2020-01-11 14:05,169
4,"Sat, Jan 11",2020-01-11,CGM,850,14:10,2020-01-11 14:10,289,,,,,,,,,,,1,CGM,2020-01-11 14:10,170
4,"Sat, Jan 11",2020-01-11,CGM,855,14:15,2020-01-11 14:15,290,,,,,,,,,,,1,CGM,2020-01-11 14:15,171
4,"Sat, Jan 11",2020-01-11,CGM,860,14:20,2020-01-11 14:20,285,,,,,,,,,,,1,CGM,2020-01-11 14:20,172
4,"Sat, Jan 11",2020-01-11,CGM,865,14:25,2020-01-11 14:25,291,,,,,,,,,,,1,CGM,2020-01-11 14:25,173
4,"Sat, Jan 11",2020-01-11,CGM,870,14:30,2020-01-11 14:30,303,,,,,,,,,,,1,CGM,2020-01-11 14:30,174
4,"Sat, Jan 11",2020-01-11,CGM,875,14:35,2020-01-11 14:35,311,,,,,,,,,,,1,CGM,2020-01-11 14:35,175
4,"Sat, Jan 11",2020-01-11,CGM,880,14:40,2020-01-11 14:40,305,,,,,,,,,,,1,CGM,2020-01-11 14:40,176
4,"Sat, Jan 11",2020-01-11,CGM,885,14:45,2020-01-11 14:45,292,,,,,,,,,,,1,CGM,2020-01-11 14:45,177
4,"Sat, Jan 11",2020-01-11,CGM,890,14:50,2020-01-11 14:50,281,,,,,,,,,,,1,CGM,2020-01-11 14:50,178
4,"Sat, Jan 11",2020-01-11,CGM,895,14:55,2020-01-11 14:55,265,,,,,,,,,,,1,CGM,2020-01-11 14:55,179
4,"Sat, Jan 11",2020-01-11,CGM,900,15:00,2020-01-11 15:00,248,,,,,,,,,,,1,CGM,2020-01-11 15:00,180
4,"Sat, Jan 11",2020-01-11,CGM,905,15:05,2020-01-11 15:05,240,,,,,,,,,,,1,CGM,2020-01-11 15:05,181
4,"Sat, Jan 11",2020-01-11,CGM,910,15:10,2020-01-11 15:10,231,,,,,,,,,,,1,CGM,2020-01-11 15:10,182
4,"Sat, Jan 11",2020-01-11,CGM,915,15:15,2020-01-11 15:15,230,,,,,,,,,,,1,CGM,2020-01-11 15:15,183
4,"Sat, Jan 11",2020-01-11,CGM,920,15:20,2020-01-11 15:20,220,,,,,,,,,,,1,CGM,2020-01-11 15:20,184
4,"Sat, Jan 11",2020-01-11,CGM,925,15:25,2020-01-11 15:25,189,,,,,,,,,,,1,CGM,2020-01-11 15:25,185
4,"Sat, Jan 11",2020-01-11,CGM,930,15:30,2020-01-11 15:30,175,,,,,,,,,,,1,CGM,2020-01-11 15:30,186
4,"Sat, Jan 11",2020-01-11,CGM,935,15:35,2020-01-11 15:35,179,,,,,,,,,,,1,CGM,2020-01-11 15:35,187
4,"Sat, Jan 11",2020-01-11,CGM,940,15:40,2020-01-11 15:40,165,,,,,,,,,,,1,CGM,2020-01-11 15:40,188
4,"Sat, Jan 11",2020-01-11,CGM,945,15:45,2020-01-11 15:45,138,,,,,,,,,,,1,CGM,2020-01-11 15:45,189
4,"Sat, Jan 11",2020-01-11,CGM,950,15:50,2020-01-11 15:50,132,,,,,,,,,,,1,CGM,2020-01-11 15:50,190
4,"Sat, Jan 11",2020-01-11,CGM,955,15:55,2020-01-11 15:55,151,,,,,,,,,,,1,CGM,2020-01-11 15:55,191
4,"Sat, Jan 11",2020-01-11,CGM,960,16:00,2020-01-11 16:00,161,,,,,,,,,,,1,CGM,2020-01-11 16:00,192
4,"Sat, Jan 11",2020-01-11,CGM,965,16:05,2020-01-11 16:05,167,,,,,,,,,,,1,CGM,2020-01-11 16:05,193
4,"Sat, Jan 11",2020-01-11,CGM,970,16:10,2020-01-11 16:10,187,,,,,,,,,,,1,CGM,2020-01-11 16:10,194
4,"Sat, Jan 11",2020-01-11,CGM,975,16:15,2020-01-11 16:15,190,,,,,,,,,,,1,CGM,2020-01-11 16:15,195
4,"Sat, Jan 11",2020-01-11,CGM,980,16:20,2020-01-11 16:20,197,,,,,,,,,,,1,CGM,2020-01-11 16:20,196
4,"Sat, Jan 11",2020-01-11,CGM,985,16:25,2020-01-11 16:25,204,,,,,,,,,,,1,CGM,2020-01-11 16:25,197
4,"Sat, Jan 11",2020-01-11,CGM,990,16:30,2020-01-11 16:30,205,,,,,,,,,,,1,CGM,2020-01-11 16:30,198
4,"Sat, Jan 11",2020-01-11,CGM,995,16:35,2020-01-11 16:35,213,,,,,,,,,,,1,CGM,2020-01-11 16:35,199
4,"Sat, Jan 11",2020-01-11,CGM,1000,16:40,2020-01-11 16:40,233,,,,,,,,,,,1,CGM,2020-01-11 16:40,200
4,"Sat, Jan 11",2020-01-11,CGM,1005,16:45,2020-01-11 16:45,249,,,,,,,,,,,1,CGM,2020-01-11 16:45,201
4,"Sat, Jan 11",2020-01-11,CGM,1010,16:50,2020-01-11 16:50,250,,,,,,,,,,,1,CGM,2020-01-11 16:50,202
4,"Sat, Jan 11",2020-01-11,CGM,1015,16:55,2020-01-11 16:55,242,,,,,,,,,,,1,CGM,2020-01-11 16:55,203
4,"Sat, Jan 11",2020-01-11,CGM,1015,16:55,2020-01-11 16:55,234,,,,,,,,,,,1,CGM,2020-01-11 16:59,204
4,"Sat, Jan 11",2020-01-11,CGM,1020,17:00,2020-01-11 17:00,231,,,,,,,,,,,1,CGM,2020-01-11 17:04,205
4,"Sat, Jan 11",2020-01-11,CGM,1030,17:10,2020-01-11 17:10,218,,,,,,,,,,,1,CGM,2020-01-11 17:10,206
4,"Sat, Jan 11",2020-01-11,CGM,1030,17:10,2020-01-11 17:10,208,,,,,,,,,,,1,CGM,2020-01-11 17:14,207
4,"Sat, Jan 11",2020-01-11,CGM,1040,17:20,2020-01-11 17:20,199,,,,,,,,,,,1,CGM,2020-01-11 17:20,208
4,"Sat, Jan 11",2020-01-11,CGM,1040,17:20,2020-01-11 17:20,191,,,,,,,,,,,1,CGM,2020-01-11 17:24,209
4,"Sat, Jan 11",2020-01-11,CGM,1045,17:25,2020-01-11 17:25,179,,,,,,,,,,,1,CGM,2020-01-11 17:29,210
4,"Sat, Jan 11",2020-01-11,CGM,1050,17:30,2020-01-11 17:30,170,,,,,,,,,,,1,CGM,2020-01-11 17:34,211
4,"Sat, Jan 11",2020-01-11,CGM,1060,17:40,2020-01-11 17:40,164,,,,,,,,,,,1,CGM,2020-01-11 17:40,212
4,"Sat, Jan 11",2020-01-11,CGM,1060,17:40,2020-01-11 17:40,154,,,,,,,,,,,1,CGM,2020-01-11 17:44,213
4,"Sat, Jan 11",2020-01-11,CGM,1070,17:50,2020-01-11 17:50,149,,,,,,,,,,,1,CGM,2020-01-11 17:50,214
4,"Sat, Jan 11",2020-01-11,CGM,1075,17:55,2020-01-11 17:55,146,,,,,,,,,,,1,CGM,2020-01-11 17:55,215
4,"Sat, Jan 11",2020-01-11,CGM,1080,18:00,2020-01-11 18:00,140,,,,,,,,,,,1,CGM,2020-01-11 18:00,216
4,"Sat, Jan 11",2020-01-11,CGM,1085,18:05,2020-01-11 18:05,139,,,,,,,,,,,1,CGM,2020-01-11 18:05,217
4,"Sat, Jan 11",2020-01-11,CGM,1090,18:10,2020-01-11 18:10,134,,,,,,,,,,,1,CGM,2020-01-11 18:10,218
4,"Sat, Jan 11",2020-01-11,CGM,1095,18:15,2020-01-11 18:15,129,,,,,,,,,,,1,CGM,2020-01-11 18:15,219
4,"Sat, Jan 11",2020-01-11,CGM,1095,18:15,2020-01-11 18:15,121,,,,,,,,,,,1,CGM,2020-01-11 18:19,220
4,"Sat, Jan 11",2020-01-11,CGM,1100,18:20,2020-01-11 18:20,115,,,,,,,,,,,1,CGM,2020-01-11 18:24,221
4,"Sat, Jan 11",2020-01-11,CGM,1110,18:30,2020-01-11 18:30,111,,,,,,,,,,,1,CGM,2020-01-11 18:30,222
4,"Sat, Jan 11",2020-01-11,CGM,1115,18:35,2020-01-11 18:35,109,,,,,,,,,,,1,CGM,2020-01-11 18:35,223
4,"Sat, Jan 11",2020-01-11,CGM,1120,18:40,2020-01-11 18:40,105,,,,,,,,,,,1,CGM,2020-01-11 18:40,224
4,"Sat, Jan 11",2020-01-11,CGM,1125,18:45,2020-01-11 18:45,108,,,,,,,,,,,1,CGM,2020-01-11 18:45,225
4,"Sat, Jan 11",2020-01-11,CGM,1130,18:50,2020-01-11 18:50,125,,,,,,,,,,,1,CGM,2020-01-11 18:50,226
4,"Sat, Jan 11",2020-01-11,CGM,1135,18:55,2020-01-11 18:55,150,,,,,,,,,,,1,CGM,2020-01-11 18:55,227
4,"Sat, Jan 11",2020-01-11,CGM,1140,19:00,2020-01-11 19:00,165,,,,,,,,,,,1,CGM,2020-01-11 19:00,228
4,"Sat, Jan 11",2020-01-11,CGM,1145,19:05,2020-01-11 19:05,175,,,,,,,,,,,1,CGM,2020-01-11 19:05,229
4,"Sat, Jan 11",2020-01-11,CGM,1150,19:10,2020-01-11 19:10,182,,,,,,,,,,,1,CGM,2020-01-11 19:10,230
4,"Sat, Jan 11",2020-01-11,CGM,1155,19:15,2020-01-11 19:15,189,,,,,,,,,,,1,CGM,2020-01-11 19:15,231
4,"Sat, Jan 11",2020-01-11,CGM,1160,19:20,2020-01-11 19:20,191,,,,,,,,,,,1,CGM,2020-01-11 19:20,232
4,"Sat, Jan 11",2020-01-11,CGM,1165,19:25,2020-01-11 19:25,185,,,,,,,,,,,1,CGM,2020-01-11 19:25,233
4,"Sat, Jan 11",2020-01-11,CGM,1170,19:30,2020-01-11 19:30,190,,,,,,,,,,,1,CGM,2020-01-11 19:30,234
4,"Sat, Jan 11",2020-01-11,CGM,1175,19:35,2020-01-11 19:35,200,,,,,,,,,,,1,CGM,2020-01-11 19:35,235
4,"Sat, Jan 11",2020-01-11,CGM,1180,19:40,2020-01-11 19:40,204,,,,,,,,,,,1,CGM,2020-01-11 19:40,236
4,"Sat, Jan 11",2020-01-11,CGM,1185,19:45,2020-01-11 19:45,201,,,,,,,,,,,1,CGM,2020-01-11 19:45,237
4,"Sat, Jan 11",2020-01-11,CGM,1185,19:45,2020-01-11 19:45,188,,,,,,,,,,,1,CGM,2020-01-11 19:49,238
4,"Sat, Jan 11",2020-01-11,CGM,1195,19:55,2020-01-11 19:55,172,,,,,,,,,,,1,CGM,2020-01-11 19:55,239
4,"Sat, Jan 11",2020-01-11,CGM,1195,19:55,2020-01-11 19:55,152,,,,,,,,,,,1,CGM,2020-01-11 19:59,240
4,"Sat, Jan 11",2020-01-11,CGM,1200,20:00,2020-01-11 20:00,133,,,,,,,,,,,1,CGM,2020-01-11 20:04,241
4,"Sat, Jan 11",2020-01-11,CGM,1205,20:05,2020-01-11 20:05,115,,,,,,,,,,,1,CGM,2020-01-11 20:09,242
4,"Sat, Jan 11",2020-01-11,CGM,1210,20:10,2020-01-11 20:10,104,,,,,,,,,,,1,CGM,2020-01-11 20:14,243
4,"Sat, Jan 11",2020-01-11,CGM,1215,20:15,2020-01-11 20:15,91,,,,,,,,,,,1,CGM,2020-01-11 20:19,244
4,"Sat, Jan 11",2020-01-11,CGM,1225,20:25,2020-01-11 20:25,82,,,,,,,,,,,1,CGM,2020-01-11 20:25,245
4,"Sat, Jan 11",2020-01-11,CGM,1225,20:25,2020-01-11 20:25,72,,,,,,,,,,,1,CGM,2020-01-11 20:29,246
4,"Sat, Jan 11",2020-01-11,CGM,1230,20:30,2020-01-11 20:30,63,,,,,,,,,,,1,CGM,2020-01-11 20:34,247
4,"Sat, Jan 11",2020-01-11,CGM,1235,20:35,2020-01-11 20:35,61,,,,,,,,,,,1,CGM,2020-01-11 20:39,248
4,"Sat, Jan 11",2020-01-11,CGM,1245,20:45,2020-01-11 20:45,66,,,,,,,,,,,1,CGM,2020-01-11 20:45,249
4,"Sat, Jan 11",2020-01-11,CGM,1245,20:45,2020-01-11 20:45,66,,,,,,,,,,,1,CGM,2020-01-11 20:49,250
4,"Sat, Jan 11",2020-01-11,CGM,1250,20:50,2020-01-11 20:50,73,,,,,,,,,,,1,CGM,2020-01-11 20:54,251
4,"Sat, Jan 11",2020-01-11,CGM,1260,21:00,2020-01-11 21:00,84,,,,,,,,,,,1,CGM,2020-01-11 21:00,252
4,"Sat, Jan 11",2020-01-11,CGM,1265,21:05,2020-01-11 21:05,91,,,,,,,,,,,1,CGM,2020-01-11 21:05,253
4,"Sat, Jan 11",2020-01-11,CGM,1270,21:10,2020-01-11 21:10,99,,,,,,,,,,,1,CGM,2020-01-11 21:10,254
4,"Sat, Jan 11",2020-01-11,CGM,1275,21:15,2020-01-11 21:15,109,,,,,,,,,,,1,CGM,2020-01-11 21:15,255
4,"Sat, Jan 11",2020-01-11,CGM,1280,21:20,2020-01-11 21:20,115,,,,,,,,,,,1,CGM,2020-01-11 21:20,256
4,"Sat, Jan 11",2020-01-11,CGM,1285,21:25,2020-01-11 21:25,117,,,,,,,,,,,1,CGM,2020-01-11 21:25,257
4,"Sat, Jan 11",2020-01-11,CGM,1290,21:30,2020-01-11 21:30,118,,,,,,,,,,,1,CGM,2020-01-11 21:30,258
4,"Sat, Jan 11",2020-01-11,CGM,1295,21:35,2020-01-11 21:35,119,,,,,,,,,,,1,CGM,2020-01-11 21:35,259
4,"Sat, Jan 11",2020-01-11,CGM,1300,21:40,2020-01-11 21:40,116,,,,,,,,,,,1,CGM,2020-01-11 21:40,260
4,"Sat, Jan 11",2020-01-11,CGM,1305,21:45,2020-01-11 21:45,113,,,,,,,,,,,1,CGM,2020-01-11 21:45,261
4,"Sat, Jan 11",2020-01-11,CGM,1310,21:50,2020-01-11 21:50,110,,,,,,,,,,,1,CGM,2020-01-11 21:50,262
4,"Sat, Jan 11",2020-01-11,CGM,1315,21:55,2020-01-11 21:55,108,,,,,,,,,,,1,CGM,2020-01-11 21:55,263
4,"Sat, Jan 11",2020-01-11,CGM,1320,22:00,2020-01-11 22:00,106,,,,,,,,,,,1,CGM,2020-01-11 22:00,264
4,"Sat, Jan 11",2020-01-11,CGM,1325,22:05,2020-01-11 22:05,104,,,,,,,,,,,1,CGM,2020-01-11 22:05,265
4,"Sat, Jan 11",2020-01-11,CGM,1330,22:10,2020-01-11 22:10,102,,,,,,,,,,,1,CGM,2020-01-11 22:10,266
4,"Sat, Jan 11",2020-01-11,CGM,1335,22:15,2020-01-11 22:15,101,,,,,,,,,,,1,CGM,2020-01-11 22:15,267
4,"Sat, Jan 11",2020-01-11,CGM,1340,22:20,2020-01-11 22:20,100,,,,,,,,,,,1,CGM,2020-01-11 22:20,268
4,"Sat, Jan 11",2020-01-11,CGM,1345,22:25,2020-01-11 22:25,100,,,,,,,,,,,1,CGM,2020-01-11 22:25,269
4,"Sat, Jan 11",2020-01-11,CGM,1350,22:30,2020-01-11 22:30,101,,,,,,,,,,,1,CGM,2020-01-11 22:30,270
4,"Sat, Jan 11",2020-01-11,CGM,1350,22:30,2020-01-11 22:30,98,,,,,,,,,,,1,CGM,2020-01-11 22:34,271
4,"Sat, Jan 11",2020-01-11,CGM,1360,22:40,2020-01-11 22:40,97,,,,,,,,,,,1,CGM,2020-01-11 22:40,272
4,"Sat, Jan 11",2020-01-11,CGM,1365,22:45,2020-01-11 22:45,101,,,,,,,,,,,1,CGM,2020-01-11 22:45,273
4,"Sat, Jan 11",2020-01-11,CGM,1370,22:50,2020-01-11 22:50,105,,,,,,,,,,,1,CGM,2020-01-11 22:50,274
4,"Sat, Jan 11",2020-01-11,CGM,1375,22:55,2020-01-11 22:55,103,,,,,,,,,,,1,CGM,2020-01-11 22:55,275
4,"Sat, Jan 11",2020-01-11,CGM,1375,22:55,2020-01-11 22:55,101,,,,,,,,,,,1,CGM,2020-01-11 22:59,276
4,"Sat, Jan 11",2020-01-11,CGM,1385,23:05,2020-01-11 23:05,105,,,,,,,,,,,1,CGM,2020-01-11 23:05,277
4,"Sat, Jan 11",2020-01-11,CGM,1390,23:10,2020-01-11 23:10,104,,,,,,,,,,,1,CGM,2020-01-11 23:10,278
4,"Sat, Jan 11",2020-01-11,CGM,1395,23:15,2020-01-11 23:15,107,,,,,,,,,,,1,CGM,2020-01-11 23:15,279
4,"Sat, Jan 11",2020-01-11,CGM,1395,23:15,2020-01-11 23:15,106,,,,,,,,,,,1,CGM,2020-01-11 23:19,280
4,"Sat, Jan 11",2020-01-11,CGM,1400,23:20,2020-01-11 23:20,102,,,,,,,,,,,1,CGM,2020-01-11 23:24,281
4,"Sat, Jan 11",2020-01-11,CGM,1410,23:30,2020-01-11 23:30,105,,,,,,,,,,,1,CGM,2020-01-11 23:30,282
4,"Sat, Jan 11",2020-01-11,CGM,1410,23:30,2020-01-11 23:30,105,,,,,,,,,,,1,CGM,2020-01-11 23:34,283
4,"Sat, Jan 11",2020-01-11,CGM,1420,23:40,2020-01-11 23:40,105,,,,,,,,,,,1,CGM,2020-01-11 23:40,284
4,"Sat, Jan 11",2020-01-11,CGM,1425,23:45,2020-01-11 23:45,105,,,,,,,,,,,1,CGM,2020-01-11 23:45,285
4,"Sat, Jan 11",2020-01-11,CGM,1425,23:45,2020-01-11 23:45,108,,,,,,,,,,,1,CGM,2020-01-11 23:49,286
4,"Sat, Jan 11",2020-01-11,CGM,1435,23:55,2020-01-11 23:55,111,,,,,,,,,,,1,CGM,2020-01-11 23:55,287
4,"Sat, Jan 11",2020-01-11,Insulin,0,00:00,2020-01-11 00:00,0.081,,,,,,,,,,,2,Insulin,2020-01-11 00:00,0
4,"Sat, Jan 11",2020-01-11,Insulin,5,00:05,2020-01-11 00:05,0.071,,,,,,,,,,,2,Insulin,2020-01-11 00:05,1
4,"Sat, Jan 11",2020-01-11,Insulin,10,00:10,2020-01-11 00:10,0.074,,,,,,,,,,,2,Insulin,2020-01-11 00:10,2
4,"Sat, Jan 11",2020-01-11,Insulin,15,00:15,2020-01-11 00:15,0.094,,,,,,,,,,,2,Insulin,2020-01-11 00:15,3
4,"Sat, Jan 11",2020-01-11,Insulin,20,00:20,2020-01-11 00:20,0.081,,,,,,,,,,,2,Insulin,2020-01-11 00:20,4
4,"Sat, Jan 11",2020-01-11,Insulin,25,00:25,2020-01-11 00:25,0.06,,,,,,,,,,,2,Insulin,2020-01-11 00:25,5
4,"Sat, Jan 11",2020-01-11,Insulin,30,00:30,2020-01-11 00:30,0.085,,,,,,,,,,,2,Insulin,2020-01-11 00:30,6
4,"Sat, Jan 11",2020-01-11,Insulin,35,00:35,2020-01-11 00:35,0.091,,,,,,,,,,,2,Insulin,2020-01-11 00:35,7
4,"Sat, Jan 11",2020-01-11,Insulin,40,00:40,2020-01-11 00:40,0.076,,,,,,,,,,,2,Insulin,2020-01-11 00:40,8
4,"Sat, Jan 11",2020-01-11,Insulin,45,00:45,2020-01-11 00:45,0.056,,,,,,,,,,,2,Insulin,2020-01-11 00:45,9
4,"Sat, Jan 11",2020-01-11,Insulin,50,00:50,2020-01-11 00:50,0.076,,,,,,,,,,,2,Insulin,2020-01-11 00:50,10
4,"Sat, Jan 11",2020-01-11,Insulin,55,00:55,2020-01-11 00:55,0.066,,,,,,,,,,,2,Insulin,2020-01-11 00:55,11
4,"Sat, Jan 11",2020-01-11,Insulin,60,01:00,2020-01-11 01:00,0.051,,,,,,,,,,,2,Insulin,2020-01-11 01:00,12
4,"Sat, Jan 11",2020-01-11,Insulin,65,01:05,2020-01-11 01:05,0,,,,,,,,,,,2,Insulin,2020-01-11 01:05,13
4,"Sat, Jan 11",2020-01-11,Insulin,70,01:10,2020-01-11 01:10,0,,,,,,,,,,,2,Insulin,2020-01-11 01:10,14
4,"Sat, Jan 11",2020-01-11,Insulin,75,01:15,2020-01-11 01:15,0,,,,,,,,,,,2,Insulin,2020-01-11 01:15,15
4,"Sat, Jan 11",2020-01-11,Insulin,80,01:20,2020-01-11 01:20,0.074,,,,,,,,,,,2,Insulin,2020-01-11 01:20,16
4,"Sat, Jan 11",2020-01-11,Insulin,85,01:25,2020-01-11 01:25,0,,,,,,,,,,,2,Insulin,2020-01-11 01:25,17
4,"Sat, Jan 11",2020-01-11,Insulin,90,01:30,2020-01-11 01:30,0.066,,,,,,,,,,,2,Insulin,2020-01-11 01:30,18
4,"Sat, Jan 11",2020-01-11,Insulin,95,01:35,2020-01-11 01:35,0,,,,,,,,,,,2,Insulin,2020-01-11 01:35,19
4,"Sat, Jan 11",2020-01-11,Insulin,100,01:40,2020-01-11 01:40,0.061,,,,,,,,,,,2,Insulin,2020-01-11 01:40,20
4,"Sat, Jan 11",2020-01-11,Insulin,105,01:45,2020-01-11 01:45,0,,,,,,,,,,,2,Insulin,2020-01-11 01:45,21
4,"Sat, Jan 11",2020-01-11,Insulin,110,01:50,2020-01-11 01:50,0.057,,,,,,,,,,,2,Insulin,2020-01-11 01:50,22
4,"Sat, Jan 11",2020-01-11,Insulin,115,01:55,2020-01-11 01:55,0.057,,,,,,,,,,,2,Insulin,2020-01-11 01:55,23
4,"Sat, Jan 11",2020-01-11,Insulin,120,02:00,2020-01-11 02:00,0,,,,,,,,,,,2,Insulin,2020-01-11 02:00,24
4,"Sat, Jan 11",2020-01-11,Insulin,125,02:05,2020-01-11 02:05,0.056,,,,,,,,,,,2,Insulin,2020-01-11 02:05,25
4,"Sat, Jan 11",2020-01-11,Insulin,130,02:10,2020-01-11 02:10,0.058,,,,,,,,,,,2,Insulin,2020-01-11 02:10,26
4,"Sat, Jan 11",2020-01-11,Insulin,135,02:15,2020-01-11 02:15,0.051,,,,,,,,,,,2,Insulin,2020-01-11 02:15,27
4,"Sat, Jan 11",2020-01-11,Insulin,140,02:20,2020-01-11 02:20,0.069,,,,,,,,,,,2,Insulin,2020-01-11 02:20,28
4,"Sat, Jan 11",2020-01-11,Insulin,145,02:25,2020-01-11 02:25,0.345,,,,,,,,,,,2,Insulin,2020-01-11 02:25,29
4,"Sat, Jan 11",2020-01-11,Insulin,150,02:30,2020-01-11 02:30,1.371,,,,,,,,,,,2,Insulin,2020-01-11 02:30,30
4,"Sat, Jan 11",2020-01-11,Insulin,155,02:35,2020-01-11 02:35,0.655,,,,,,,,,,,2,Insulin,2020-01-11 02:35,31
4,"Sat, Jan 11",2020-01-11,Insulin,160,02:40,2020-01-11 02:40,0.274,,,,,,,,,,,2,Insulin,2020-01-11 02:40,32
4,"Sat, Jan 11",2020-01-11,Insulin,165,02:45,2020-01-11 02:45,0.099,,,,,,,,,,,2,Insulin,2020-01-11 02:45,33
4,"Sat, Jan 11",2020-01-11,Insulin,170,02:50,2020-01-11 02:50,0.673,,,,,,,,,,,2,Insulin,2020-01-11 02:50,34
4,"Sat, Jan 11",2020-01-11,Insulin,175,02:55,2020-01-11 02:55,0.347,,,,,,,,,,,2,Insulin,2020-01-11 02:55,35
4,"Sat, Jan 11",2020-01-11,Insulin,180,03:00,2020-01-11 03:00,0.208,,,,,,,,,,,2,Insulin,2020-01-11 03:00,36
4,"Sat, Jan 11",2020-01-11,Insulin,185,03:05,2020-01-11 03:05,0.446,,,,,,,,,,,2,Insulin,2020-01-11 03:05,37
4,"Sat, Jan 11",2020-01-11,Insulin,190,03:10,2020-01-11 03:10,0.467,,,,,,,,,,,2,Insulin,2020-01-11 03:10,38
4,"Sat, Jan 11",2020-01-11,Insulin,195,03:15,2020-01-11 03:15,0.3,,,,,,,,,,,2,Insulin,2020-01-11 03:15,39
4,"Sat, Jan 11",2020-01-11,Insulin,200,03:20,2020-01-11 03:20,0,,,,,,,,,,,2,Insulin,2020-01-11 03:20,40
4,"Sat, Jan 11",2020-01-11,Insulin,205,03:25,2020-01-11 03:25,0,,,,,,,,,,,2,Insulin,2020-01-11 03:25,41
4,"Sat, Jan 11",2020-01-11,Insulin,210,03:30,2020-01-11 03:30,0,,,,,,,,,,,2,Insulin,2020-01-11 03:30,42
4,"Sat, Jan 11",2020-01-11,Insulin,215,03:35,2020-01-11 03:35,0,,,,,,,,,,,2,Insulin,2020-01-11 03:35,43
4,"Sat, Jan 11",2020-01-11,Insulin,220,03:40,2020-01-11 03:40,0.053,,,,,,,,,,,2,Insulin,2020-01-11 03:40,44
4,"Sat, Jan 11",2020-01-11,Insulin,225,03:45,2020-01-11 03:45,0,,,,,,,,,,,2,Insulin,2020-01-11 03:45,45
4,"Sat, Jan 11",2020-01-11,Insulin,230,03:50,2020-01-11 03:50,0.097,,,,,,,,,,,2,Insulin,2020-01-11 03:50,46
4,"Sat, Jan 11",2020-01-11,Insulin,235,03:55,2020-01-11 03:55,0.132,,,,,,,,,,,2,Insulin,2020-01-11 03:55,47
4,"Sat, Jan 11",2020-01-11,Insulin,240,04:00,2020-01-11 04:00,0.14,,,,,,,,,,,2,Insulin,2020-01-11 04:00,48
4,"Sat, Jan 11",2020-01-11,Insulin,245,04:05,2020-01-11 04:05,0.458,,,,,,,,,,,2,Insulin,2020-01-11 04:05,49
4,"Sat, Jan 11",2020-01-11,Insulin,250,04:10,2020-01-11 04:10,0.247,,,,,,,,,,,2,Insulin,2020-01-11 04:10,50
4,"Sat, Jan 11",2020-01-11,Insulin,255,04:15,2020-01-11 04:15,0.053,,,,,,,,,,,2,Insulin,2020-01-11 04:15,51
4,"Sat, Jan 11",2020-01-11,Insulin,260,04:20,2020-01-11 04:20,0.079,,,,,,,,,,,2,Insulin,2020-01-11 04:20,52
4,"Sat, Jan 11",2020-01-11,Insulin,265,04:25,2020-01-11 04:25,0,,,,,,,,,,,2,Insulin,2020-01-11 04:25,53
4,"Sat, Jan 11",2020-01-11,Insulin,270,04:30,2020-01-11 04:30,0,,,,,,,,,,,2,Insulin,2020-01-11 04:30,54
4,"Sat, Jan 11",2020-01-11,Insulin,275,04:35,2020-01-11 04:35,0.056,,,,,,,,,,,2,Insulin,2020-01-11 04:35,55
4,"Sat, Jan 11",2020-01-11,Insulin,280,04:40,2020-01-11 04:40,0.142,,,,,,,,,,,2,Insulin,2020-01-11 04:40,56
4,"Sat, Jan 11",2020-01-11,Insulin,285,04:45,2020-01-11 04:45,0.147,,,,,,,,,,,2,Insulin,2020-01-11 04:45,57
4,"Sat, Jan 11",2020-01-11,Insulin,290,04:50,2020-01-11 04:50,0.132,,,,,,,,,,,2,Insulin,2020-01-11 04:50,58
4,"Sat, Jan 11",2020-01-11,Insulin,295,04:55,2020-01-11 04:55,0.089,,,,,,,,,,,2,Insulin,2020-01-11 04:55,59
4,"Sat, Jan 11",2020-01-11,Insulin,300,05:00,2020-01-11 05:00,0.202,,,,,,,,,,,2,Insulin,2020-01-11 05:00,60
4,"Sat, Jan 11",2020-01-11,Insulin,305,05:05,2020-01-11 05:05,0.154,,,,,,,,,,,2,Insulin,2020-01-11 05:05,61
4,"Sat, Jan 11",2020-01-11,Insulin,310,05:10,2020-01-11 05:10,0.074,,,,,,,,,,,2,Insulin,2020-01-11 05:10,62
4,"Sat, Jan 11",2020-01-11,Insulin,315,05:15,2020-01-11 05:15,0,,,,,,,,,,,2,Insulin,2020-01-11 05:15,63
4,"Sat, Jan 11",2020-01-11,Insulin,320,05:20,2020-01-11 05:20,0.147,,,,,,,,,,,2,Insulin,2020-01-11 05:20,64
4,"Sat, Jan 11",2020-01-11,Insulin,325,05:25,2020-01-11 05:25,0.368,,,,,,,,,,,2,Insulin,2020-01-11 05:25,65
4,"Sat, Jan 11",2020-01-11,Insulin,330,05:30,2020-01-11 05:30,0.197,,,,,,,,,,,2,Insulin,2020-01-11 05:30,66
4,"Sat, Jan 11",2020-01-11,Insulin,335,05:35,2020-01-11 05:35,0.128,,,,,,,,,,,2,Insulin,2020-01-11 05:35,67
4,"Sat, Jan 11",2020-01-11,Insulin,340,05:40,2020-01-11 05:40,0.579,,,,,,,,,,,2,Insulin,2020-01-11 05:40,68
4,"Sat, Jan 11",2020-01-11,Insulin,345,05:45,2020-01-11 05:45,0.3,,,,,,,,,,,2,Insulin,2020-01-11 05:45,69
4,"Sat, Jan 11",2020-01-11,Insulin,350,05:50,2020-01-11 05:50,0.046,,,,,,,,,,,2,Insulin,2020-01-11 05:50,70
4,"Sat, Jan 11",2020-01-11,Insulin,355,05:55,2020-01-11 05:55,0.256,,,,,,,,,,,2,Insulin,2020-01-11 05:55,71
4,"Sat, Jan 11",2020-01-11,Insulin,360,06:00,2020-01-11 06:00,0.333,,,,,,,,,,,2,Insulin,2020-01-11 06:00,72
4,"Sat, Jan 11",2020-01-11,Insulin,365,06:05,2020-01-11 06:05,0.185,,,,,,,,,,,2,Insulin,2020-01-11 06:05,73
4,"Sat, Jan 11",2020-01-11,Insulin,370,06:10,2020-01-11 06:10,0.246,,,,,,,,,,,2,Insulin,2020-01-11 06:10,74
4,"Sat, Jan 11",2020-01-11,Insulin,375,06:15,2020-01-11 06:15,0.16,,,,,,,,,,,2,Insulin,2020-01-11 06:15,75
4,"Sat, Jan 11",2020-01-11,Insulin,380,06:20,2020-01-11 06:20,0.203,,,,,,,,,,,2,Insulin,2020-01-11 06:20,76
4,"Sat, Jan 11",2020-01-11,Insulin,385,06:25,2020-01-11 06:25,0.163,,,,,,,,,,,2,Insulin,2020-01-11 06:25,77
4,"Sat, Jan 11",2020-01-11,Insulin,390,06:30,2020-01-11 06:30,0.13,,,,,,,,,,,2,Insulin,2020-01-11 06:30,78
4,"Sat, Jan 11",2020-01-11,Insulin,395,06:35,2020-01-11 06:35,0.287,,,,,,,,,,,2,Insulin,2020-01-11 06:35,79
4,"Sat, Jan 11",2020-01-11,Insulin,400,06:40,2020-01-11 06:40,0.297,,,,,,,,,,,2,Insulin,2020-01-11 06:40,80
4,"Sat, Jan 11",2020-01-11,Insulin,405,06:45,2020-01-11 06:45,0.091,,,,,,,,,,,2,Insulin,2020-01-11 06:45,81
4,"Sat, Jan 11",2020-01-11,Insulin,410,06:50,2020-01-11 06:50,0.142,,,,,,,,,,,2,Insulin,2020-01-11 06:50,82
4,"Sat, Jan 11",2020-01-11,Insulin,415,06:55,2020-01-11 06:55,0.317,,,,,,,,,,,2,Insulin,2020-01-11 06:55,83
4,"Sat, Jan 11",2020-01-11,Insulin,420,07:00,2020-01-11 07:00,0.051,,,,,,,,,,,2,Insulin,2020-01-11 07:00,84
4,"Sat, Jan 11",2020-01-11,Insulin,425,07:05,2020-01-11 07:05,0.157,,,,,,,,,,,2,Insulin,2020-01-11 07:05,85
4,"Sat, Jan 11",2020-01-11,Insulin,430,07:10,2020-01-11 07:10,0.119,,,,,,,,,,,2,Insulin,2020-01-11 07:10,86
4,"Sat, Jan 11",2020-01-11,Insulin,435,07:15,2020-01-11 07:15,0.112,,,,,,,,,,,2,Insulin,2020-01-11 07:15,87
4,"Sat, Jan 11",2020-01-11,Insulin,440,07:20,2020-01-11 07:20,0.168,,,,,,,,,,,2,Insulin,2020-01-11 07:20,88
4,"Sat, Jan 11",2020-01-11,Insulin,445,07:25,2020-01-11 07:25,0.234,,,,,,,,,,,2,Insulin,2020-01-11 07:25,89
4,"Sat, Jan 11",2020-01-11,Insulin,450,07:30,2020-01-11 07:30,0.102,,,,,,,,,,,2,Insulin,2020-01-11 07:30,90
4,"Sat, Jan 11",2020-01-11,Insulin,455,07:35,2020-01-11 07:35,0.165,,,,,,,,,,,2,Insulin,2020-01-11 07:35,91
4,"Sat, Jan 11",2020-01-11,Insulin,460,07:40,2020-01-11 07:40,0.109,,,,,,,,,,,2,Insulin,2020-01-11 07:40,92
4,"Sat, Jan 11",2020-01-11,Insulin,465,07:45,2020-01-11 07:45,0.112,,,,,,,,,,,2,Insulin,2020-01-11 07:45,93
4,"Sat, Jan 11",2020-01-11,Insulin,470,07:50,2020-01-11 07:50,0.104,,,,,,,,,,,2,Insulin,2020-01-11 07:50,94
4,"Sat, Jan 11",2020-01-11,Insulin,475,07:55,2020-01-11 07:55,0.159,,,,,,,,,,,2,Insulin,2020-01-11 07:55,95
4,"Sat, Jan 11",2020-01-11,Insulin,480,08:00,2020-01-11 08:00,0.146,,,,,,,,,,,2,Insulin,2020-01-11 08:00,96
4,"Sat, Jan 11",2020-01-11,Insulin,485,08:05,2020-01-11 08:05,0.157,,,,,,,,,,,2,Insulin,2020-01-11 08:05,97
4,"Sat, Jan 11",2020-01-11,Insulin,490,08:10,2020-01-11 08:10,0.108,,,,,,,,,,,2,Insulin,2020-01-11 08:10,98
4,"Sat, Jan 11",2020-01-11,Insulin,495,08:15,2020-01-11 08:15,0.052,,,,,,,,,,,2,Insulin,2020-01-11 08:15,99
4,"Sat, Jan 11",2020-01-11,Insulin,500,08:20,2020-01-11 08:20,0.102,,,,,,,,,,,2,Insulin,2020-01-11 08:20,100
4,"Sat, Jan 11",2020-01-11,Insulin,505,08:25,2020-01-11 08:25,0.081,,,,,,,,,,,2,Insulin,2020-01-11 08:25,101
4,"Sat, Jan 11",2020-01-11,Insulin,510,08:30,2020-01-11 08:30,0.137,,,,,,,,,,,2,Insulin,2020-01-11 08:30,102
4,"Sat, Jan 11",2020-01-11,Insulin,515,08:35,2020-01-11 08:35,0.127,,,,,,,,,,,2,Insulin,2020-01-11 08:35,103
4,"Sat, Jan 11",2020-01-11,Insulin,520,08:40,2020-01-11 08:40,0.135,,,,,,,,,,,2,Insulin,2020-01-11 08:40,104
4,"Sat, Jan 11",2020-01-11,Insulin,525,08:45,2020-01-11 08:45,0.17,,,,,,,,,,,2,Insulin,2020-01-11 08:45,105
4,"Sat, Jan 11",2020-01-11,Insulin,530,08:50,2020-01-11 08:50,0.145,,,,,,,,,,,2,Insulin,2020-01-11 08:50,106
4,"Sat, Jan 11",2020-01-11,Insulin,535,08:55,2020-01-11 08:55,0,,,,,,,,,,,2,Insulin,2020-01-11 08:55,107
4,"Sat, Jan 11",2020-01-11,Insulin,540,09:00,2020-01-11 09:00,0,,,,,,,,,,,2,Insulin,2020-01-11 09:00,108
4,"Sat, Jan 11",2020-01-11,Insulin,545,09:05,2020-01-11 09:05,0.123,,,,,,,,,,,2,Insulin,2020-01-11 09:05,109
4,"Sat, Jan 11",2020-01-11,Insulin,550,09:10,2020-01-11 09:10,0.123,,,,,,,,,,,2,Insulin,2020-01-11 09:10,110
4,"Sat, Jan 11",2020-01-11,Insulin,555,09:15,2020-01-11 09:15,0.081,,,,,,,,,,,2,Insulin,2020-01-11 09:15,111
4,"Sat, Jan 11",2020-01-11,Insulin,560,09:20,2020-01-11 09:20,0,,,,,,,,,,,2,Insulin,2020-01-11 09:20,112
4,"Sat, Jan 11",2020-01-11,Insulin,565,09:25,2020-01-11 09:25,0,,,,,,,,,,,2,Insulin,2020-01-11 09:25,113
4,"Sat, Jan 11",2020-01-11,Insulin,570,09:30,2020-01-11 09:30,0.091,,,,,,,,,,,2,Insulin,2020-01-11 09:30,114
4,"Sat, Jan 11",2020-01-11,Insulin,575,09:35,2020-01-11 09:35,0,,,,,,,,,,,2,Insulin,2020-01-11 09:35,115
4,"Sat, Jan 11",2020-01-11,Insulin,580,09:40,2020-01-11 09:40,0.081,,,,,,,,,,,2,Insulin,2020-01-11 09:40,116
4,"Sat, Jan 11",2020-01-11,Insulin,585,09:45,2020-01-11 09:45,0,,,,,,,,,,,2,Insulin,2020-01-11 09:45,117
4,"Sat, Jan 11",2020-01-11,Insulin,590,09:50,2020-01-11 09:50,0,,,,,,,,,,,2,Insulin,2020-01-11 09:50,118
4,"Sat, Jan 11",2020-01-11,Insulin,595,09:55,2020-01-11 09:55,0,,,,,,,,,,,2,Insulin,2020-01-11 09:55,119
4,"Sat, Jan 11",2020-01-11,Insulin,600,10:00,2020-01-11 10:00,0,,,,,,,,,,,2,Insulin,2020-01-11 10:00,120
4,"Sat, Jan 11",2020-01-11,Insulin,605,10:05,2020-01-11 10:05,0.071,,,,,,,,,,,2,Insulin,2020-01-11 10:05,121
4,"Sat, Jan 11",2020-01-11,Insulin,610,10:10,2020-01-11 10:10,0,,,,,,,,,,,2,Insulin,2020-01-11 10:10,122
4,"Sat, Jan 11",2020-01-11,Insulin,615,10:15,2020-01-11 10:15,0,,,,,,,,,,,2,Insulin,2020-01-11 10:15,123
4,"Sat, Jan 11",2020-01-11,Insulin,620,10:20,2020-01-11 10:20,0,,,,,,,,,,,2,Insulin,2020-01-11 10:20,124
4,"Sat, Jan 11",2020-01-11,Insulin,625,10:25,2020-01-11 10:25,0,,,,,,,,,,,2,Insulin,2020-01-11 10:25,125
4,"Sat, Jan 11",2020-01-11,Insulin,630,10:30,2020-01-11 10:30,0,,,,,,,,,,,2,Insulin,2020-01-11 10:30,126
4,"Sat, Jan 11",2020-01-11,Insulin,635,10:35,2020-01-11 10:35,0,,,,,,,,,,,2,Insulin,2020-01-11 10:35,127
4,"Sat, Jan 11",2020-01-11,Insulin,640,10:40,2020-01-11 10:40,0,,,,,,,,,,,2,Insulin,2020-01-11 10:40,128
4,"Sat, Jan 11",2020-01-11,Insulin,645,10:45,2020-01-11 10:45,0,,,,,,,,,,,2,Insulin,2020-01-11 10:45,129
4,"Sat, Jan 11",2020-01-11,Insulin,650,10:50,2020-01-11 10:50,0,,,,,,,,,,,2,Insulin,2020-01-11 10:50,130
4,"Sat, Jan 11",2020-01-11,Insulin,655,10:55,2020-01-11 10:55,0,,,,,,,,,,,2,Insulin,2020-01-11 10:55,131
4,"Sat, Jan 11",2020-01-11,Insulin,660,11:00,2020-01-11 11:00,0.058,,,,,,,,,,,2,Insulin,2020-01-11 11:00,132
4,"Sat, Jan 11",2020-01-11,Insulin,665,11:05,2020-01-11 11:05,0.058,,,,,,,,,,,2,Insulin,2020-01-11 11:05,133
4,"Sat, Jan 11",2020-01-11,Insulin,670,11:10,2020-01-11 11:10,0.046,,,,,,,,,,,2,Insulin,2020-01-11 11:10,134
4,"Sat, Jan 11",2020-01-11,Insulin,675,11:15,2020-01-11 11:15,0.061,,,,,,,,,,,2,Insulin,2020-01-11 11:15,135
4,"Sat, Jan 11",2020-01-11,Insulin,680,11:20,2020-01-11 11:20,0.066,,,,,,,,,,,2,Insulin,2020-01-11 11:20,136
4,"Sat, Jan 11",2020-01-11,Insulin,685,11:25,2020-01-11 11:25,0.267,,,,,,,,,,,2,Insulin,2020-01-11 11:25,137
4,"Sat, Jan 11",2020-01-11,Insulin,690,11:30,2020-01-11 11:30,0.607,,,,,,,,,,,2,Insulin,2020-01-11 11:30,138
4,"Sat, Jan 11",2020-01-11,Insulin,695,11:35,2020-01-11 11:35,0.597,,,,,,,,,,,2,Insulin,2020-01-11 11:35,139
4,"Sat, Jan 11",2020-01-11,Insulin,700,11:40,2020-01-11 11:40,0.726,,,,,,,,,,,2,Insulin,2020-01-11 11:40,140
4,"Sat, Jan 11",2020-01-11,Insulin,705,11:45,2020-01-11 11:45,0.503,,,,,,,,,,,2,Insulin,2020-01-11 11:45,141
4,"Sat, Jan 11",2020-01-11,Insulin,710,11:50,2020-01-11 11:50,0.208,,,,,,,,,,,2,Insulin,2020-01-11 11:50,142
4,"Sat, Jan 11",2020-01-11,Insulin,715,11:55,2020-01-11 11:55,0.048,,,,,,,,,,,2,Insulin,2020-01-11 11:55,143
4,"Sat, Jan 11",2020-01-11,Insulin,720,12:00,2020-01-11 12:00,0,,,,,,,,,,,2,Insulin,2020-01-11 12:00,144
4,"Sat, Jan 11",2020-01-11,Insulin,725,12:05,2020-01-11 12:05,0.102,,,,,,,,,,,2,Insulin,2020-01-11 12:05,145
4,"Sat, Jan 11",2020-01-11,Insulin,730,12:10,2020-01-11 12:10,0.051,,,,,,,,,,,2,Insulin,2020-01-11 12:10,146
4,"Sat, Jan 11",2020-01-11,Insulin,735,12:15,2020-01-11 12:15,0.431,,,,,,,,,,,2,Insulin,2020-01-11 12:15,147
4,"Sat, Jan 11",2020-01-11,Insulin,740,12:20,2020-01-11 12:20,0.297,,,,,,,,,,,2,Insulin,2020-01-11 12:20,148
4,"Sat, Jan 11",2020-01-11,Insulin,745,12:25,2020-01-11 12:25,0.099,,,,,,,,,,,2,Insulin,2020-01-11 12:25,149
4,"Sat, Jan 11",2020-01-11,Insulin,750,12:30,2020-01-11 12:30,0.076,,,,,,,,,,,2,Insulin,2020-01-11 12:30,150
4,"Sat, Jan 11",2020-01-11,Insulin,755,12:35,2020-01-11 12:35,0.17,,,,,,,,,,,2,Insulin,2020-01-11 12:35,151
4,"Sat, Jan 11",2020-01-11,Insulin,760,12:40,2020-01-11 12:40,0.112,,,,,,,,,,,2,Insulin,2020-01-11 12:40,152
4,"Sat, Jan 11",2020-01-11,Insulin,765,12:45,2020-01-11 12:45,0.817,,,,,,,,,,,2,Insulin,2020-01-11 12:45,153
4,"Sat, Jan 11",2020-01-11,Insulin,770,12:50,2020-01-11 12:50,0.61,,,,,,,,,,,2,Insulin,2020-01-11 12:50,154
4,"Sat, Jan 11",2020-01-11,Insulin,775,12:55,2020-01-11 12:55,0.565,,,,,,,,,,,2,Insulin,2020-01-11 12:55,155
4,"Sat, Jan 11",2020-01-11,Insulin,780,13:00,2020-01-11 13:00,0.074,,,,,,,,,,,2,Insulin,2020-01-11 13:00,156
4,"Sat, Jan 11",2020-01-11,Insulin,785,13:05,2020-01-11 13:05,0.066,,,,,,,,,,,2,Insulin,2020-01-11 13:05,157
4,"Sat, Jan 11",2020-01-11,Insulin,790,13:10,2020-01-11 13:10,0.058,,,,,,,,,,,2,Insulin,2020-01-11 13:10,158
4,"Sat, Jan 11",2020-01-11,Insulin,795,13:15,2020-01-11 13:15,0.046,,,,,,,,,,,2,Insulin,2020-01-11 13:15,159
4,"Sat, Jan 11",2020-01-11,Insulin,800,13:20,2020-01-11 13:20,0,,,,,,,,,,,2,Insulin,2020-01-11 13:20,160
4,"Sat, Jan 11",2020-01-11,Insulin,805,13:25,2020-01-11 13:25,0.051,,,,,,,,,,,2,Insulin,2020-01-11 13:25,161
4,"Sat, Jan 11",2020-01-11,Insulin,810,13:30,2020-01-11 13:30,0.582,,,,,,,,,,,2,Insulin,2020-01-11 13:30,162
4,"Sat, Jan 11",2020-01-11,Insulin,815,13:35,2020-01-11 13:35,0.33,,,,,,,,,,,2,Insulin,2020-01-11 13:35,163
4,"Sat, Jan 11",2020-01-11,Insulin,820,13:40,2020-01-11 13:40,0.293,,,,,,,,,,,2,Insulin,2020-01-11 13:40,164
4,"Sat, Jan 11",2020-01-11,Insulin,825,13:45,2020-01-11 13:45,0.252,,,,,,,,,,,2,Insulin,2020-01-11 13:45,165
4,"Sat, Jan 11",2020-01-11,Insulin,830,13:50,2020-01-11 13:50,0.145,,,,,,,,,,,2,Insulin,2020-01-11 13:50,166
4,"Sat, Jan 11",2020-01-11,Insulin,835,13:55,2020-01-11 13:55,0.422,,,,,,,,,,,2,Insulin,2020-01-11 13:55,167
4,"Sat, Jan 11",2020-01-11,Insulin,840,14:00,2020-01-11 14:00,0.645,,,,,,,,,,,2,Insulin,2020-01-11 14:00,168
4,"Sat, Jan 11",2020-01-11,Insulin,845,14:05,2020-01-11 14:05,0.819,,,,,,,,,,,2,Insulin,2020-01-11 14:05,169
4,"Sat, Jan 11",2020-01-11,Insulin,850,14:10,2020-01-11 14:10,0.638,,,,,,,,,,,2,Insulin,2020-01-11 14:10,170
4,"Sat, Jan 11",2020-01-11,Insulin,855,14:15,2020-01-11 14:15,0.567,,,,,,,,,,,2,Insulin,2020-01-11 14:15,171
4,"Sat, Jan 11",2020-01-11,Insulin,860,14:20,2020-01-11 14:20,0.214,,,,,,,,,,,2,Insulin,2020-01-11 14:20,172
4,"Sat, Jan 11",2020-01-11,Insulin,865,14:25,2020-01-11 14:25,0.066,,,,,,,,,,,2,Insulin,2020-01-11 14:25,173
4,"Sat, Jan 11",2020-01-11,Insulin,870,14:30,2020-01-11 14:30,0.276,,,,,,,,,,,2,Insulin,2020-01-11 14:30,174
4,"Sat, Jan 11",2020-01-11,Insulin,875,14:35,2020-01-11 14:35,0.563,,,,,,,,,,,2,Insulin,2020-01-11 14:35,175
4,"Sat, Jan 11",2020-01-11,Insulin,880,14:40,2020-01-11 14:40,0.616,,,,,,,,,,,2,Insulin,2020-01-11 14:40,176
4,"Sat, Jan 11",2020-01-11,Insulin,885,14:45,2020-01-11 14:45,0.057,,,,,,,,,,,2,Insulin,2020-01-11 14:45,177
4,"Sat, Jan 11",2020-01-11,Insulin,890,14:50,2020-01-11 14:50,0,,,,,,,,,,,2,Insulin,2020-01-11 14:50,178
4,"Sat, Jan 11",2020-01-11,Insulin,895,14:55,2020-01-11 14:55,0,,,,,,,,,,,2,Insulin,2020-01-11 14:55,179
4,"Sat, Jan 11",2020-01-11,Insulin,900,15:00,2020-01-11 15:00,0,,,,,,,,,,,2,Insulin,2020-01-11 15:00,180
4,"Sat, Jan 11",2020-01-11,Insulin,905,15:05,2020-01-11 15:05,0,,,,,,,,,,,2,Insulin,2020-01-11 15:05,181
4,"Sat, Jan 11",2020-01-11,Insulin,910,15:10,2020-01-11 15:10,0,,,,,,,,,,,2,Insulin,2020-01-11 15:10,182
4,"Sat, Jan 11",2020-01-11,Insulin,915,15:15,2020-01-11 15:15,0,,,,,,,,,,,2,Insulin,2020-01-11 15:15,183
4,"Sat, Jan 11",2020-01-11,Insulin,920,15:20,2020-01-11 15:20,0,,,,,,,,,,,2,Insulin,2020-01-11 15:20,184
4,"Sat, Jan 11",2020-01-11,Insulin,925,15:25,2020-01-11 15:25,0,,,,,,,,,,,2,Insulin,2020-01-11 15:25,185
4,"Sat, Jan 11",2020-01-11,Insulin,930,15:30,2020-01-11 15:30,0,,,,,,,,,,,2,Insulin,2020-01-11 15:30,186
4,"Sat, Jan 11",2020-01-11,Insulin,935,15:35,2020-01-11 15:35,0,,,,,,,,,,,2,Insulin,2020-01-11 15:35,187
4,"Sat, Jan 11",2020-01-11,Insulin,940,15:40,2020-01-11 15:40,0.137,,,,,,,,,,,2,Insulin,2020-01-11 15:40,188
4,"Sat, Jan 11",2020-01-11,Insulin,945,15:45,2020-01-11 15:45,0,,,,,,,,,,,2,Insulin,2020-01-11 15:45,189
4,"Sat, Jan 11",2020-01-11,Insulin,950,15:50,2020-01-11 15:50,0,,,,,,,,,,,2,Insulin,2020-01-11 15:50,190
4,"Sat, Jan 11",2020-01-11,Insulin,955,15:55,2020-01-11 15:55,0.046,,,,,,,,,,,2,Insulin,2020-01-11 15:55,191
4,"Sat, Jan 11",2020-01-11,Insulin,960,16:00,2020-01-11 16:00,0.108,,,,,,,,,,,2,Insulin,2020-01-11 16:00,192
4,"Sat, Jan 11",2020-01-11,Insulin,965,16:05,2020-01-11 16:05,0.118,,,,,,,,,,,2,Insulin,2020-01-11 16:05,193
4,"Sat, Jan 11",2020-01-11,Insulin,970,16:10,2020-01-11 16:10,0.117,,,,,,,,,,,2,Insulin,2020-01-11 16:10,194
4,"Sat, Jan 11",2020-01-11,Insulin,975,16:15,2020-01-11 16:15,0.282,,,,,,,,,,,2,Insulin,2020-01-11 16:15,195
4,"Sat, Jan 11",2020-01-11,Insulin,980,16:20,2020-01-11 16:20,0.127,,,,,,,,,,,2,Insulin,2020-01-11 16:20,196
4,"Sat, Jan 11",2020-01-11,Insulin,985,16:25,2020-01-11 16:25,0.18,,,,,,,,,,,2,Insulin,2020-01-11 16:25,197
4,"Sat, Jan 11",2020-01-11,Insulin,990,16:30,2020-01-11 16:30,0.16,,,,,,,,,,,2,Insulin,2020-01-11 16:30,198
4,"Sat, Jan 11",2020-01-11,Insulin,995,16:35,2020-01-11 16:35,0.132,,,,,,,,,,,2,Insulin,2020-01-11 16:35,199
4,"Sat, Jan 11",2020-01-11,Insulin,1000,16:40,2020-01-11 16:40,0.5,,,,,,,,,,,2,Insulin,2020-01-11 16:40,200
4,"Sat, Jan 11",2020-01-11,Insulin,1005,16:45,2020-01-11 16:45,1.067,,,,,,,,,,,2,Insulin,2020-01-11 16:45,201
4,"Sat, Jan 11",2020-01-11,Insulin,1010,16:50,2020-01-11 16:50,1.156,,,,,,,,,,,2,Insulin,2020-01-11 16:50,202
4,"Sat, Jan 11",2020-01-11,Insulin,1015,16:55,2020-01-11 16:55,0.562,,,,,,,,,,,2,Insulin,2020-01-11 16:55,203
4,"Sat, Jan 11",2020-01-11,Insulin,1015,16:55,2020-01-11 16:55,0.046,,,,,,,,,,,2,Insulin,2020-01-11 16:59,204
4,"Sat, Jan 11",2020-01-11,Insulin,1020,17:00,2020-01-11 17:00,0,,,,,,,,,,,2,Insulin,2020-01-11 17:04,205
4,"Sat, Jan 11",2020-01-11,Insulin,1030,17:10,2020-01-11 17:10,0,,,,,,,,,,,2,Insulin,2020-01-11 17:10,206
4,"Sat, Jan 11",2020-01-11,Insulin,1030,17:10,2020-01-11 17:10,0,,,,,,,,,,,2,Insulin,2020-01-11 17:14,207
4,"Sat, Jan 11",2020-01-11,Insulin,1040,17:20,2020-01-11 17:20,0,,,,,,,,,,,2,Insulin,2020-01-11 17:20,208
4,"Sat, Jan 11",2020-01-11,Insulin,1040,17:20,2020-01-11 17:20,0,,,,,,,,,,,2,Insulin,2020-01-11 17:24,209
4,"Sat, Jan 11",2020-01-11,Insulin,1045,17:25,2020-01-11 17:25,0,,,,,,,,,,,2,Insulin,2020-01-11 17:29,210
4,"Sat, Jan 11",2020-01-11,Insulin,1050,17:30,2020-01-11 17:30,0,,,,,,,,,,,2,Insulin,2020-01-11 17:34,211
4,"Sat, Jan 11",2020-01-11,Insulin,1060,17:40,2020-01-11 17:40,0,,,,,,,,,,,2,Insulin,2020-01-11 17:40,212
4,"Sat, Jan 11",2020-01-11,Insulin,1060,17:40,2020-01-11 17:40,0.066,,,,,,,,,,,2,Insulin,2020-01-11 17:44,213
4,"Sat, Jan 11",2020-01-11,Insulin,1070,17:50,2020-01-11 17:50,0,,,,,,,,,,,2,Insulin,2020-01-11 17:50,214
4,"Sat, Jan 11",2020-01-11,Insulin,1075,17:55,2020-01-11 17:55,0.061,,,,,,,,,,,2,Insulin,2020-01-11 17:55,215
4,"Sat, Jan 11",2020-01-11,Insulin,1080,18:00,2020-01-11 18:00,0.079,,,,,,,,,,,2,Insulin,2020-01-11 18:00,216
4,"Sat, Jan 11",2020-01-11,Insulin,1085,18:05,2020-01-11 18:05,0.048,,,,,,,,,,,2,Insulin,2020-01-11 18:05,217
4,"Sat, Jan 11",2020-01-11,Insulin,1090,18:10,2020-01-11 18:10,0.102,,,,,,,,,,,2,Insulin,2020-01-11 18:10,218
4,"Sat, Jan 11",2020-01-11,Insulin,1095,18:15,2020-01-11 18:15,0.061,,,,,,,,,,,2,Insulin,2020-01-11 18:15,219
4,"Sat, Jan 11",2020-01-11,Insulin,1095,18:15,2020-01-11 18:15,0.051,,,,,,,,,,,2,Insulin,2020-01-11 18:19,220
4,"Sat, Jan 11",2020-01-11,Insulin,1100,18:20,2020-01-11 18:20,0,,,,,,,,,,,2,Insulin,2020-01-11 18:24,221
4,"Sat, Jan 11",2020-01-11,Insulin,1110,18:30,2020-01-11 18:30,0,,,,,,,,,,,2,Insulin,2020-01-11 18:30,222
4,"Sat, Jan 11",2020-01-11,Insulin,1115,18:35,2020-01-11 18:35,0.066,,,,,,,,,,,2,Insulin,2020-01-11 18:35,223
4,"Sat, Jan 11",2020-01-11,Insulin,1120,18:40,2020-01-11 18:40,0.074,,,,,,,,,,,2,Insulin,2020-01-11 18:40,224
4,"Sat, Jan 11",2020-01-11,Insulin,1125,18:45,2020-01-11 18:45,0.053,,,,,,,,,,,2,Insulin,2020-01-11 18:45,225
4,"Sat, Jan 11",2020-01-11,Insulin,1130,18:50,2020-01-11 18:50,0.097,,,,,,,,,,,2,Insulin,2020-01-11 18:50,226
4,"Sat, Jan 11",2020-01-11,Insulin,1135,18:55,2020-01-11 18:55,0.114,,,,,,,,,,,2,Insulin,2020-01-11 18:55,227
4,"Sat, Jan 11",2020-01-11,Insulin,1140,19:00,2020-01-11 19:00,0.501,,,,,,,,,,,2,Insulin,2020-01-11 19:00,228
4,"Sat, Jan 11",2020-01-11,Insulin,1145,19:05,2020-01-11 19:05,0.504,,,,,,,,,,,2,Insulin,2020-01-11 19:05,229
4,"Sat, Jan 11",2020-01-11,Insulin,1150,19:10,2020-01-11 19:10,0.582,,,,,,,,,,,2,Insulin,2020-01-11 19:10,230
4,"Sat, Jan 11",2020-01-11,Insulin,1155,19:15,2020-01-11 19:15,0.607,,,,,,,,,,,2,Insulin,2020-01-11 19:15,231
4,"Sat, Jan 11",2020-01-11,Insulin,1160,19:20,2020-01-11 19:20,0.65,,,,,,,,,,,2,Insulin,2020-01-11 19:20,232
4,"Sat, Jan 11",2020-01-11,Insulin,1165,19:25,2020-01-11 19:25,0.422,,,,,,,,,,,2,Insulin,2020-01-11 19:25,233
4,"Sat, Jan 11",2020-01-11,Insulin,1170,19:30,2020-01-11 19:30,0.066,,,,,,,,,,,2,Insulin,2020-01-11 19:30,234
4,"Sat, Jan 11",2020-01-11,Insulin,1175,19:35,2020-01-11 19:35,0.201,,,,,,,,,,,2,Insulin,2020-01-11 19:35,235
4,"Sat, Jan 11",2020-01-11,Insulin,1180,19:40,2020-01-11 19:40,0.416,,,,,,,,,,,2,Insulin,2020-01-11 19:40,236
4,"Sat, Jan 11",2020-01-11,Insulin,1185,19:45,2020-01-11 19:45,0.317,,,,,,,,,,,2,Insulin,2020-01-11 19:45,237
4,"Sat, Jan 11",2020-01-11,Insulin,1185,19:45,2020-01-11 19:45,0.117,,,,,,,,,,,2,Insulin,2020-01-11 19:49,238
4,"Sat, Jan 11",2020-01-11,Insulin,1195,19:55,2020-01-11 19:55,0,,,,,,,,,,,2,Insulin,2020-01-11 19:55,239
4,"Sat, Jan 11",2020-01-11,Insulin,1195,19:55,2020-01-11 19:55,0,,,,,,,,,,,2,Insulin,2020-01-11 19:59,240
4,"Sat, Jan 11",2020-01-11,Insulin,1200,20:00,2020-01-11 20:00,0,,,,,,,,,,,2,Insulin,2020-01-11 20:04,241
4,"Sat, Jan 11",2020-01-11,Insulin,1205,20:05,2020-01-11 20:05,0,,,,,,,,,,,2,Insulin,2020-01-11 20:09,242
4,"Sat, Jan 11",2020-01-11,Insulin,1210,20:10,2020-01-11 20:10,0,,,,,,,,,,,2,Insulin,2020-01-11 20:14,243
4,"Sat, Jan 11",2020-01-11,Insulin,1215,20:15,2020-01-11 20:15,0,,,,,,,,,,,2,Insulin,2020-01-11 20:19,244
4,"Sat, Jan 11",2020-01-11,Insulin,1225,20:25,2020-01-11 20:25,0,,,,,,,,,,,2,Insulin,2020-01-11 20:25,245
4,"Sat, Jan 11",2020-01-11,Insulin,1225,20:25,2020-01-11 20:25,0,,,,,,,,,,,2,Insulin,2020-01-11 20:29,246
4,"Sat, Jan 11",2020-01-11,Insulin,1230,20:30,2020-01-11 20:30,0,,,,,,,,,,,2,Insulin,2020-01-11 20:34,247
4,"Sat, Jan 11",2020-01-11,Insulin,1235,20:35,2020-01-11 20:35,0,,,,,,,,,,,2,Insulin,2020-01-11 20:39,248
4,"Sat, Jan 11",2020-01-11,Insulin,1245,20:45,2020-01-11 20:45,0,,,,,,,,,,,2,Insulin,2020-01-11 20:45,249
4,"Sat, Jan 11",2020-01-11,Insulin,1245,20:45,2020-01-11 20:45,0,,,,,,,,,,,2,Insulin,2020-01-11 20:49,250
4,"Sat, Jan 11",2020-01-11,Insulin,1250,20:50,2020-01-11 20:50,0,,,,,,,,,,,2,Insulin,2020-01-11 20:54,251
4,"Sat, Jan 11",2020-01-11,Insulin,1260,21:00,2020-01-11 21:00,0,,,,,,,,,,,2,Insulin,2020-01-11 21:00,252
4,"Sat, Jan 11",2020-01-11,Insulin,1265,21:05,2020-01-11 21:05,0.056,,,,,,,,,,,2,Insulin,2020-01-11 21:05,253
4,"Sat, Jan 11",2020-01-11,Insulin,1270,21:10,2020-01-11 21:10,0.056,,,,,,,,,,,2,Insulin,2020-01-11 21:10,254
4,"Sat, Jan 11",2020-01-11,Insulin,1275,21:15,2020-01-11 21:15,0.061,,,,,,,,,,,2,Insulin,2020-01-11 21:15,255
4,"Sat, Jan 11",2020-01-11,Insulin,1280,21:20,2020-01-11 21:20,0.069,,,,,,,,,,,2,Insulin,2020-01-11 21:20,256
4,"Sat, Jan 11",2020-01-11,Insulin,1285,21:25,2020-01-11 21:25,0.069,,,,,,,,,,,2,Insulin,2020-01-11 21:25,257
4,"Sat, Jan 11",2020-01-11,Insulin,1290,21:30,2020-01-11 21:30,0.066,,,,,,,,,,,2,Insulin,2020-01-11 21:30,258
4,"Sat, Jan 11",2020-01-11,Insulin,1295,21:35,2020-01-11 21:35,0.069,,,,,,,,,,,2,Insulin,2020-01-11 21:35,259
4,"Sat, Jan 11",2020-01-11,Insulin,1300,21:40,2020-01-11 21:40,0.069,,,,,,,,,,,2,Insulin,2020-01-11 21:40,260
4,"Sat, Jan 11",2020-01-11,Insulin,1305,21:45,2020-01-11 21:45,0.046,,,,,,,,,,,2,Insulin,2020-01-11 21:45,261
4,"Sat, Jan 11",2020-01-11,Insulin,1310,21:50,2020-01-11 21:50,0.043,,,,,,,,,,,2,Insulin,2020-01-11 21:50,262
4,"Sat, Jan 11",2020-01-11,Insulin,1315,21:55,2020-01-11 21:55,0.046,,,,,,,,,,,2,Insulin,2020-01-11 21:55,263
4,"Sat, Jan 11",2020-01-11,Insulin,1320,22:00,2020-01-11 22:00,0.048,,,,,,,,,,,2,Insulin,2020-01-11 22:00,264
4,"Sat, Jan 11",2020-01-11,Insulin,1325,22:05,2020-01-11 22:05,0.043,,,,,,,,,,,2,Insulin,2020-01-11 22:05,265
4,"Sat, Jan 11",2020-01-11,Insulin,1330,22:10,2020-01-11 22:10,0.048,,,,,,,,,,,2,Insulin,2020-01-11 22:10,266
4,"Sat, Jan 11",2020-01-11,Insulin,1335,22:15,2020-01-11 22:15,0.046,,,,,,,,,,,2,Insulin,2020-01-11 22:15,267
4,"Sat, Jan 11",2020-01-11,Insulin,1340,22:20,2020-01-11 22:20,0.046,,,,,,,,,,,2,Insulin,2020-01-11 22:20,268
4,"Sat, Jan 11",2020-01-11,Insulin,1345,22:25,2020-01-11 22:25,0.044,,,,,,,,,,,2,Insulin,2020-01-11 22:25,269
4,"Sat, Jan 11",2020-01-11,Insulin,1350,22:30,2020-01-11 22:30,0.05,,,,,,,,,,,2,Insulin,2020-01-11 22:30,270
4,"Sat, Jan 11",2020-01-11,Insulin,1350,22:30,2020-01-11 22:30,0.048,,,,,,,,,,,2,Insulin,2020-01-11 22:34,271
4,"Sat, Jan 11",2020-01-11,Insulin,1360,22:40,2020-01-11 22:40,0,,,,,,,,,,,2,Insulin,2020-01-11 22:40,272
4,"Sat, Jan 11",2020-01-11,Insulin,1365,22:45,2020-01-11 22:45,0.046,,,,,,,,,,,2,Insulin,2020-01-11 22:45,273
4,"Sat, Jan 11",2020-01-11,Insulin,1370,22:50,2020-01-11 22:50,0.046,,,,,,,,,,,2,Insulin,2020-01-11 22:50,274
4,"Sat, Jan 11",2020-01-11,Insulin,1375,22:55,2020-01-11 22:55,0.046,,,,,,,,,,,2,Insulin,2020-01-11 22:55,275
4,"Sat, Jan 11",2020-01-11,Insulin,1375,22:55,2020-01-11 22:55,0.046,,,,,,,,,,,2,Insulin,2020-01-11 22:59,276
4,"Sat, Jan 11",2020-01-11,Insulin,1385,23:05,2020-01-11 23:05,0,,,,,,,,,,,2,Insulin,2020-01-11 23:05,277
4,"Sat, Jan 11",2020-01-11,Insulin,1390,23:10,2020-01-11 23:10,0.056,,,,,,,,,,,2,Insulin,2020-01-11 23:10,278
4,"Sat, Jan 11",2020-01-11,Insulin,1395,23:15,2020-01-11 23:15,0.046,,,,,,,,,,,2,Insulin,2020-01-11 23:15,279
4,"Sat, Jan 11",2020-01-11,Insulin,1395,23:15,2020-01-11 23:15,0.043,,,,,,,,,,,2,Insulin,2020-01-11 23:19,280
4,"Sat, Jan 11",2020-01-11,Insulin,1400,23:20,2020-01-11 23:20,0,,,,,,,,,,,2,Insulin,2020-01-11 23:24,281
4,"Sat, Jan 11",2020-01-11,Insulin,1410,23:30,2020-01-11 23:30,0,,,,,,,,,,,2,Insulin,2020-01-11 23:30,282
4,"Sat, Jan 11",2020-01-11,Insulin,1410,23:30,2020-01-11 23:30,0.051,,,,,,,,,,,2,Insulin,2020-01-11 23:34,283
4,"Sat, Jan 11",2020-01-11,Insulin,1420,23:40,2020-01-11 23:40,0,,,,,,,,,,,2,Insulin,2020-01-11 23:40,284
4,"Sat, Jan 11",2020-01-11,Insulin,1425,23:45,2020-01-11 23:45,0.053,,,,,,,,,,,2,Insulin,2020-01-11 23:45,285
4,"Sat, Jan 11",2020-01-11,Insulin,1425,23:45,2020-01-11 23:45,0.046,,,,,,,,,,,2,Insulin,2020-01-11 23:49,286
4,"Sat, Jan 11",2020-01-11,Insulin,1435,23:55,2020-01-11 23:55,0,,,,,,,,,,,2,Insulin,2020-01-11 23:55,287
5,"Fri, Jan 10",2020-01-10,CGM,0,00:00,2020-01-10 00:00,153,,,,,,,,,,,1,CGM,2020-01-10 00:00,0
5,"Fri, Jan 10",2020-01-10,CGM,5,00:05,2020-01-10 00:05,150,,,,,,,,,,,1,CGM,2020-01-10 00:05,1
5,"Fri, Jan 10",2020-01-10,CGM,10,00:10,2020-01-10 00:10,152,,,,,,,,,,,1,CGM,2020-01-10 00:10,2
5,"Fri, Jan 10",2020-01-10,CGM,15,00:15,2020-01-10 00:15,147,,,,,,,,,,,1,CGM,2020-01-10 00:15,3
5,"Fri, Jan 10",2020-01-10,CGM,20,00:20,2020-01-10 00:20,158,,,,,,,,,,,1,CGM,2020-01-10 00:20,4
5,"Fri, Jan 10",2020-01-10,CGM,25,00:25,2020-01-10 00:25,161,,,,,,,,,,,1,CGM,2020-01-10 00:25,5
5,"Fri, Jan 10",2020-01-10,CGM,30,00:30,2020-01-10 00:30,162,,,,,,,,,,,1,CGM,2020-01-10 00:30,6
5,"Fri, Jan 10",2020-01-10,CGM,35,00:35,2020-01-10 00:35,149,,,,,,,,,,,1,CGM,2020-01-10 00:35,7
5,"Fri, Jan 10",2020-01-10,CGM,40,00:40,2020-01-10 00:40,150,,,,,,,,,,,1,CGM,2020-01-10 00:40,8
5,"Fri, Jan 10",2020-01-10,CGM,45,00:45,2020-01-10 00:45,150,,,,,,,,,,,1,CGM,2020-01-10 00:45,9
5,"Fri, Jan 10",2020-01-10,CGM,50,00:50,2020-01-10 00:50,160,,,,,,,,,,,1,CGM,2020-01-10 00:50,10
5,"Fri, Jan 10",2020-01-10,CGM,55,00:55,2020-01-10 00:55,161,,,,,,,,,,,1,CGM,2020-01-10 00:55,11
5,"Fri, Jan 10",2020-01-10,CGM,60,01:00,2020-01-10 01:00,165,,,,,,,,,,,1,CGM,2020-01-10 01:00,12
5,"Fri, Jan 10",2020-01-10,CGM,65,01:05,2020-01-10 01:05,158,,,,,,,,,,,1,CGM,2020-01-10 01:05,13
5,"Fri, Jan 10",2020-01-10,CGM,70,01:10,2020-01-10 01:10,155,,,,,,,,,,,1,CGM,2020-01-10 01:10,14
5,"Fri, Jan 10",2020-01-10,CGM,75,01:15,2020-01-10 01:15,160,,,,,,,,,,,1,CGM,2020-01-10 01:15,15
5,"Fri, Jan 10",2020-01-10,CGM,80,01:20,2020-01-10 01:20,161,,,,,,,,,,,1,CGM,2020-01-10 01:20,16
5,"Fri, Jan 10",2020-01-10,CGM,85,01:25,2020-01-10 01:25,160,,,,,,,,,,,1,CGM,2020-01-10 01:25,17
5,"Fri, Jan 10",2020-01-10,CGM,90,01:30,2020-01-10 01:30,167,,,,,,,,,,,1,CGM,2020-01-10 01:30,18
5,"Fri, Jan 10",2020-01-10,CGM,95,01:35,2020-01-10 01:35,176,,,,,,,,,,,1,CGM,2020-01-10 01:35,19
5,"Fri, Jan 10",2020-01-10,CGM,100,01:40,2020-01-10 01:40,179,,,,,,,,,,,1,CGM,2020-01-10 01:40,20
5,"Fri, Jan 10",2020-01-10,CGM,105,01:45,2020-01-10 01:45,180,,,,,,,,,,,1,CGM,2020-01-10 01:45,21
5,"Fri, Jan 10",2020-01-10,CGM,110,01:50,2020-01-10 01:50,182,,,,,,,,,,,1,CGM,2020-01-10 01:50,22
5,"Fri, Jan 10",2020-01-10,CGM,115,01:55,2020-01-10 01:55,181,,,,,,,,,,,1,CGM,2020-01-10 01:55,23
5,"Fri, Jan 10",2020-01-10,CGM,120,02:00,2020-01-10 02:00,181,,,,,,,,,,,1,CGM,2020-01-10 02:00,24
5,"Fri, Jan 10",2020-01-10,CGM,125,02:05,2020-01-10 02:05,189,,,,,,,,,,,1,CGM,2020-01-10 02:05,25
5,"Fri, Jan 10",2020-01-10,CGM,130,02:10,2020-01-10 02:10,196,,,,,,,,,,,1,CGM,2020-01-10 02:10,26
5,"Fri, Jan 10",2020-01-10,CGM,135,02:15,2020-01-10 02:15,203,,,,,,,,,,,1,CGM,2020-01-10 02:15,27
5,"Fri, Jan 10",2020-01-10,CGM,140,02:20,2020-01-10 02:20,200,,,,,,,,,,,1,CGM,2020-01-10 02:20,28
5,"Fri, Jan 10",2020-01-10,CGM,145,02:25,2020-01-10 02:25,192,,,,,,,,,,,1,CGM,2020-01-10 02:25,29
5,"Fri, Jan 10",2020-01-10,CGM,150,02:30,2020-01-10 02:30,197,,,,,,,,,,,1,CGM,2020-01-10 02:30,30
5,"Fri, Jan 10",2020-01-10,CGM,155,02:35,2020-01-10 02:35,197,,,,,,,,,,,1,CGM,2020-01-10 02:35,31
5,"Fri, Jan 10",2020-01-10,CGM,160,02:40,2020-01-10 02:40,192,,,,,,,,,,,1,CGM,2020-01-10 02:40,32
5,"Fri, Jan 10",2020-01-10,CGM,165,02:45,2020-01-10 02:45,192,,,,,,,,,,,1,CGM,2020-01-10 02:45,33
5,"Fri, Jan 10",2020-01-10,CGM,170,02:50,2020-01-10 02:50,185,,,,,,,,,,,1,CGM,2020-01-10 02:50,34
5,"Fri, Jan 10",2020-01-10,CGM,175,02:55,2020-01-10 02:55,188,,,,,,,,,,,1,CGM,2020-01-10 02:55,35
5,"Fri, Jan 10",2020-01-10,CGM,180,03:00,2020-01-10 03:00,185,,,,,,,,,,,1,CGM,2020-01-10 03:00,36
5,"Fri, Jan 10",2020-01-10,CGM,185,03:05,2020-01-10 03:05,173,,,,,,,,,,,1,CGM,2020-01-10 03:05,37
5,"Fri, Jan 10",2020-01-10,CGM,190,03:10,2020-01-10 03:10,158,,,,,,,,,,,1,CGM,2020-01-10 03:10,38
5,"Fri, Jan 10",2020-01-10,CGM,195,03:15,2020-01-10 03:15,170,,,,,,,,,,,1,CGM,2020-01-10 03:15,39
5,"Fri, Jan 10",2020-01-10,CGM,200,03:20,2020-01-10 03:20,161,,,,,,,,,,,1,CGM,2020-01-10 03:20,40
5,"Fri, Jan 10",2020-01-10,CGM,205,03:25,2020-01-10 03:25,151,,,,,,,,,,,1,CGM,2020-01-10 03:25,41
5,"Fri, Jan 10",2020-01-10,CGM,210,03:30,2020-01-10 03:30,149,,,,,,,,,,,1,CGM,2020-01-10 03:30,42
5,"Fri, Jan 10",2020-01-10,CGM,215,03:35,2020-01-10 03:35,146,,,,,,,,,,,1,CGM,2020-01-10 03:35,43
5,"Fri, Jan 10",2020-01-10,CGM,220,03:40,2020-01-10 03:40,140,,,,,,,,,,,1,CGM,2020-01-10 03:40,44
5,"Fri, Jan 10",2020-01-10,CGM,225,03:45,2020-01-10 03:45,149,,,,,,,,,,,1,CGM,2020-01-10 03:45,45
5,"Fri, Jan 10",2020-01-10,CGM,230,03:50,2020-01-10 03:50,148,,,,,,,,,,,1,CGM,2020-01-10 03:50,46
5,"Fri, Jan 10",2020-01-10,CGM,235,03:55,2020-01-10 03:55,142,,,,,,,,,,,1,CGM,2020-01-10 03:55,47
5,"Fri, Jan 10",2020-01-10,CGM,240,04:00,2020-01-10 04:00,136,,,,,,,,,,,1,CGM,2020-01-10 04:00,48
5,"Fri, Jan 10",2020-01-10,CGM,245,04:05,2020-01-10 04:05,130,,,,,,,,,,,1,CGM,2020-01-10 04:05,49
5,"Fri, Jan 10",2020-01-10,CGM,250,04:10,2020-01-10 04:10,139,,,,,,,,,,,1,CGM,2020-01-10 04:10,50
5,"Fri, Jan 10",2020-01-10,CGM,255,04:15,2020-01-10 04:15,130,,,,,,,,,,,1,CGM,2020-01-10 04:15,51
5,"Fri, Jan 10",2020-01-10,CGM,260,04:20,2020-01-10 04:20,137,,,,,,,,,,,1,CGM,2020-01-10 04:20,52
5,"Fri, Jan 10",2020-01-10,CGM,265,04:25,2020-01-10 04:25,135,,,,,,,,,,,1,CGM,2020-01-10 04:25,53
5,"Fri, Jan 10",2020-01-10,CGM,270,04:30,2020-01-10 04:30,117,,,,,,,,,,,1,CGM,2020-01-10 04:30,54
5,"Fri, Jan 10",2020-01-10,CGM,275,04:35,2020-01-10 04:35,117,,,,,,,,,,,1,CGM,2020-01-10 04:35,55
5,"Fri, Jan 10",2020-01-10,CGM,280,04:40,2020-01-10 04:40,127,,,,,,,,,,,1,CGM,2020-01-10 04:40,56
5,"Fri, Jan 10",2020-01-10,CGM,285,04:45,2020-01-10 04:45,123,,,,,,,,,,,1,CGM,2020-01-10 04:45,57
5,"Fri, Jan 10",2020-01-10,CGM,290,04:50,2020-01-10 04:50,120,,,,,,,,,,,1,CGM,2020-01-10 04:50,58
5,"Fri, Jan 10",2020-01-10,CGM,295,04:55,2020-01-10 04:55,120,,,,,,,,,,,1,CGM,2020-01-10 04:55,59
5,"Fri, Jan 10",2020-01-10,CGM,300,05:00,2020-01-10 05:00,117,,,,,,,,,,,1,CGM,2020-01-10 05:00,60
5,"Fri, Jan 10",2020-01-10,CGM,305,05:05,2020-01-10 05:05,115,,,,,,,,,,,1,CGM,2020-01-10 05:05,61
5,"Fri, Jan 10",2020-01-10,CGM,310,05:10,2020-01-10 05:10,116,,,,,,,,,,,1,CGM,2020-01-10 05:10,62
5,"Fri, Jan 10",2020-01-10,CGM,315,05:15,2020-01-10 05:15,115,,,,,,,,,,,1,CGM,2020-01-10 05:15,63
5,"Fri, Jan 10",2020-01-10,CGM,320,05:20,2020-01-10 05:20,115,,,,,,,,,,,1,CGM,2020-01-10 05:20,64
5,"Fri, Jan 10",2020-01-10,CGM,325,05:25,2020-01-10 05:25,114,,,,,,,,,,,1,CGM,2020-01-10 05:25,65
5,"Fri, Jan 10",2020-01-10,CGM,330,05:30,2020-01-10 05:30,112,,,,,,,,,,,1,CGM,2020-01-10 05:30,66
5,"Fri, Jan 10",2020-01-10,CGM,335,05:35,2020-01-10 05:35,115,,,,,,,,,,,1,CGM,2020-01-10 05:35,67
5,"Fri, Jan 10",2020-01-10,CGM,340,05:40,2020-01-10 05:40,107,,,,,,,,,,,1,CGM,2020-01-10 05:40,68
5,"Fri, Jan 10",2020-01-10,CGM,345,05:45,2020-01-10 05:45,106,,,,,,,,,,,1,CGM,2020-01-10 05:45,69
5,"Fri, Jan 10",2020-01-10,CGM,350,05:50,2020-01-10 05:50,116,,,,,,,,,,,1,CGM,2020-01-10 05:50,70
5,"Fri, Jan 10",2020-01-10,CGM,355,05:55,2020-01-10 05:55,117,,,,,,,,,,,1,CGM,2020-01-10 05:55,71
5,"Fri, Jan 10",2020-01-10,CGM,360,06:00,2020-01-10 06:00,118,,,,,,,,,,,1,CGM,2020-01-10 06:00,72
5,"Fri, Jan 10",2020-01-10,CGM,365,06:05,2020-01-10 06:05,114,,,,,,,,,,,1,CGM,2020-01-10 06:05,73
5,"Fri, Jan 10",2020-01-10,CGM,370,06:10,2020-01-10 06:10,122,,,,,,,,,,,1,CGM,2020-01-10 06:10,74
5,"Fri, Jan 10",2020-01-10,CGM,375,06:15,2020-01-10 06:15,124,,,,,,,,,,,1,CGM,2020-01-10 06:15,75
5,"Fri, Jan 10",2020-01-10,CGM,380,06:20,2020-01-10 06:20,122,,,,,,,,,,,1,CGM,2020-01-10 06:20,76
5,"Fri, Jan 10",2020-01-10,CGM,385,06:25,2020-01-10 06:25,121,,,,,,,,,,,1,CGM,2020-01-10 06:25,77
5,"Fri, Jan 10",2020-01-10,CGM,390,06:30,2020-01-10 06:30,118,,,,,,,,,,,1,CGM,2020-01-10 06:30,78
5,"Fri, Jan 10",2020-01-10,CGM,395,06:35,2020-01-10 06:35,114,,,,,,,,,,,1,CGM,2020-01-10 06:35,79
5,"Fri, Jan 10",2020-01-10,CGM,400,06:40,2020-01-10 06:40,116,,,,,,,,,,,1,CGM,2020-01-10 06:40,80
5,"Fri, Jan 10",2020-01-10,CGM,405,06:45,2020-01-10 06:45,99,,,,,,,,,,,1,CGM,2020-01-10 06:45,81
5,"Fri, Jan 10",2020-01-10,CGM,410,06:50,2020-01-10 06:50,104,,,,,,,,,,,1,CGM,2020-01-10 06:50,82
5,"Fri, Jan 10",2020-01-10,CGM,415,06:55,2020-01-10 06:55,128,,,,,,,,,,,1,CGM,2020-01-10 06:55,83
5,"Fri, Jan 10",2020-01-10,CGM,420,07:00,2020-01-10 07:00,129,,,,,,,,,,,1,CGM,2020-01-10 07:00,84
5,"Fri, Jan 10",2020-01-10,CGM,425,07:05,2020-01-10 07:05,135,,,,,,,,,,,1,CGM,2020-01-10 07:05,85
5,"Fri, Jan 10",2020-01-10,CGM,430,07:10,2020-01-10 07:10,132,,,,,,,,,,,1,CGM,2020-01-10 07:10,86
5,"Fri, Jan 10",2020-01-10,CGM,435,07:15,2020-01-10 07:15,127,,,,,,,,,,,1,CGM,2020-01-10 07:15,87
5,"Fri, Jan 10",2020-01-10,CGM,440,07:20,2020-01-10 07:20,136,,,,,,,,,,,1,CGM,2020-01-10 07:20,88
5,"Fri, Jan 10",2020-01-10,CGM,445,07:25,2020-01-10 07:25,143,,,,,,,,,,,1,CGM,2020-01-10 07:25,89
5,"Fri, Jan 10",2020-01-10,CGM,450,07:30,2020-01-10 07:30,150,,,,,,,,,,,1,CGM,2020-01-10 07:30,90
5,"Fri, Jan 10",2020-01-10,CGM,455,07:35,2020-01-10 07:35,148,,,,,,,,,,,1,CGM,2020-01-10 07:35,91
5,"Fri, Jan 10",2020-01-10,CGM,460,07:40,2020-01-10 07:40,154,,,,,,,,,,,1,CGM,2020-01-10 07:40,92
5,"Fri, Jan 10",2020-01-10,CGM,465,07:45,2020-01-10 07:45,170,,,,,,,,,,,1,CGM,2020-01-10 07:45,93
5,"Fri, Jan 10",2020-01-10,CGM,470,07:50,2020-01-10 07:50,180,,,,,,,,,,,1,CGM,2020-01-10 07:50,94
5,"Fri, Jan 10",2020-01-10,CGM,475,07:55,2020-01-10 07:55,189,,,,,,,,,,,1,CGM,2020-01-10 07:55,95
5,"Fri, Jan 10",2020-01-10,CGM,480,08:00,2020-01-10 08:00,197,,,,,,,,,,,1,CGM,2020-01-10 08:00,96
5,"Fri, Jan 10",2020-01-10,CGM,485,08:05,2020-01-10 08:05,205,,,,,,,,,,,1,CGM,2020-01-10 08:05,97
5,"Fri, Jan 10",2020-01-10,CGM,490,08:10,2020-01-10 08:10,212,,,,,,,,,,,1,CGM,2020-01-10 08:10,98
5,"Fri, Jan 10",2020-01-10,CGM,495,08:15,2020-01-10 08:15,222,,,,,,,,,,,1,CGM,2020-01-10 08:15,99
5,"Fri, Jan 10",2020-01-10,CGM,500,08:20,2020-01-10 08:20,234,,,,,,,,,,,1,CGM,2020-01-10 08:20,100
5,"Fri, Jan 10",2020-01-10,CGM,505,08:25,2020-01-10 08:25,236,,,,,,,,,,,1,CGM,2020-01-10 08:25,101
5,"Fri, Jan 10",2020-01-10,CGM,510,08:30,2020-01-10 08:30,236,,,,,,,,,,,1,CGM,2020-01-10 08:30,102
5,"Fri, Jan 10",2020-01-10,CGM,515,08:35,2020-01-10 08:35,242,,,,,,,,,,,1,CGM,2020-01-10 08:35,103
5,"Fri, Jan 10",2020-01-10,CGM,520,08:40,2020-01-10 08:40,243,,,,,,,,,,,1,CGM,2020-01-10 08:40,104
5,"Fri, Jan 10",2020-01-10,CGM,525,08:45,2020-01-10 08:45,243,,,,,,,,,,,1,CGM,2020-01-10 08:45,105
5,"Fri, Jan 10",2020-01-10,CGM,530,08:50,2020-01-10 08:50,246,,,,,,,,,,,1,CGM,2020-01-10 08:50,106
5,"Fri, Jan 10",2020-01-10,CGM,535,08:55,2020-01-10 08:55,242,,,,,,,,,,,1,CGM,2020-01-10 08:55,107
5,"Fri, Jan 10",2020-01-10,CGM,540,09:00,2020-01-10 09:00,248,,,,,,,,,,,1,CGM,2020-01-10 09:00,108
5,"Fri, Jan 10",2020-01-10,CGM,545,09:05,2020-01-10 09:05,257,,,,,,,,,,,1,CGM,2020-01-10 09:05,109
5,"Fri, Jan 10",2020-01-10,CGM,550,09:10,2020-01-10 09:10,271,,,,,,,,,,,1,CGM,2020-01-10 09:10,110
5,"Fri, Jan 10",2020-01-10,CGM,555,09:15,2020-01-10 09:15,288,,,,,,,,,,,1,CGM,2020-01-10 09:15,111
5,"Fri, Jan 10",2020-01-10,CGM,560,09:20,2020-01-10 09:20,293,,,,,,,,,,,1,CGM,2020-01-10 09:20,112
5,"Fri, Jan 10",2020-01-10,CGM,565,09:25,2020-01-10 09:25,308,,,,,,,,,,,1,CGM,2020-01-10 09:25,113
5,"Fri, Jan 10",2020-01-10,CGM,570,09:30,2020-01-10 09:30,322,,,,,,,,,,,1,CGM,2020-01-10 09:30,114
5,"Fri, Jan 10",2020-01-10,CGM,575,09:35,2020-01-10 09:35,319,,,,,,,,,,,1,CGM,2020-01-10 09:35,115
5,"Fri, Jan 10",2020-01-10,CGM,580,09:40,2020-01-10 09:40,316,,,,,,,,,,,1,CGM,2020-01-10 09:40,116
5,"Fri, Jan 10",2020-01-10,CGM,585,09:45,2020-01-10 09:45,291,,,,,,,,,,,1,CGM,2020-01-10 09:45,117
5,"Fri, Jan 10",2020-01-10,CGM,590,09:50,2020-01-10 09:50,266,,,,,,,,,,,1,CGM,2020-01-10 09:50,118
5,"Fri, Jan 10",2020-01-10,CGM,595,09:55,2020-01-10 09:55,273,,,,,,,,,,,1,CGM,2020-01-10 09:55,119
5,"Fri, Jan 10",2020-01-10,CGM,600,10:00,2020-01-10 10:00,286,,,,,,,,,,,1,CGM,2020-01-10 10:00,120
5,"Fri, Jan 10",2020-01-10,CGM,605,10:05,2020-01-10 10:05,282,,,,,,,,,,,1,CGM,2020-01-10 10:05,121
5,"Fri, Jan 10",2020-01-10,CGM,610,10:10,2020-01-10 10:10,270,,,,,,,,,,,1,CGM,2020-01-10 10:10,122
5,"Fri, Jan 10",2020-01-10,CGM,615,10:15,2020-01-10 10:15,274,,,,,,,,,,,1,CGM,2020-01-10 10:15,123
5,"Fri, Jan 10",2020-01-10,CGM,620,10:20,2020-01-10 10:20,293,,,,,,,,,,,1,CGM,2020-01-10 10:20,124
5,"Fri, Jan 10",2020-01-10,CGM,625,10:25,2020-01-10 10:25,286,,,,,,,,,,,1,CGM,2020-01-10 10:25,125
5,"Fri, Jan 10",2020-01-10,CGM,630,10:30,2020-01-10 10:30,280,,,,,,,,,,,1,CGM,2020-01-10 10:30,126
5,"Fri, Jan 10",2020-01-10,CGM,635,10:35,2020-01-10 10:35,284,,,,,,,,,,,1,CGM,2020-01-10 10:35,127
5,"Fri, Jan 10",2020-01-10,CGM,640,10:40,2020-01-10 10:40,283,,,,,,,,,,,1,CGM,2020-01-10 10:40,128
5,"Fri, Jan 10",2020-01-10,CGM,645,10:45,2020-01-10 10:45,274,,,,,,,,,,,1,CGM,2020-01-10 10:45,129
5,"Fri, Jan 10",2020-01-10,CGM,650,10:50,2020-01-10 10:50,273,,,,,,,,,,,1,CGM,2020-01-10 10:50,130
5,"Fri, Jan 10",2020-01-10,CGM,655,10:55,2020-01-10 10:55,265,,,,,,,,,,,1,CGM,2020-01-10 10:55,131
5,"Fri, Jan 10",2020-01-10,CGM,660,11:00,2020-01-10 11:00,259,,,,,,,,,,,1,CGM,2020-01-10 11:00,132
5,"Fri, Jan 10",2020-01-10,CGM,665,11:05,2020-01-10 11:05,249,,,,,,,,,,,1,CGM,2020-01-10 11:05,133
5,"Fri, Jan 10",2020-01-10,CGM,670,11:10,2020-01-10 11:10,243,,,,,,,,,,,1,CGM,2020-01-10 11:10,134
5,"Fri, Jan 10",2020-01-10,CGM,675,11:15,2020-01-10 11:15,229,,,,,,,,,,,1,CGM,2020-01-10 11:15,135
5,"Fri, Jan 10",2020-01-10,CGM,680,11:20,2020-01-10 11:20,220,,,,,,,,,,,1,CGM,2020-01-10 11:20,136
5,"Fri, Jan 10",2020-01-10,CGM,685,11:25,2020-01-10 11:25,215,,,,,,,,,,,1,CGM,2020-01-10 11:25,137
5,"Fri, Jan 10",2020-01-10,CGM,690,11:30,2020-01-10 11:30,214,,,,,,,,,,,1,CGM,2020-01-10 11:30,138
5,"Fri, Jan 10",2020-01-10,CGM,695,11:35,2020-01-10 11:35,206,,,,,,,,,,,1,CGM,2020-01-10 11:35,139
5,"Fri, Jan 10",2020-01-10,CGM,700,11:40,2020-01-10 11:40,199,,,,,,,,,,,1,CGM,2020-01-10 11:40,140
5,"Fri, Jan 10",2020-01-10,CGM,705,11:45,2020-01-10 11:45,199,,,,,,,,,,,1,CGM,2020-01-10 11:45,141
5,"Fri, Jan 10",2020-01-10,CGM,710,11:50,2020-01-10 11:50,185,,,,,,,,,,,1,CGM,2020-01-10 11:50,142
5,"Fri, Jan 10",2020-01-10,CGM,715,11:55,2020-01-10 11:55,184,,,,,,,,,,,1,CGM,2020-01-10 11:55,143
5,"Fri, Jan 10",2020-01-10,CGM,720,12:00,2020-01-10 12:00,179,,,,,,,,,,,1,CGM,2020-01-10 12:00,144
5,"Fri, Jan 10",2020-01-10,CGM,725,12:05,2020-01-10 12:05,176,,,,,,,,,,,1,CGM,2020-01-10 12:05,145
5,"Fri, Jan 10",2020-01-10,CGM,730,12:10,2020-01-10 12:10,177,,,,,,,,,,,1,CGM,2020-01-10 12:10,146
5,"Fri, Jan 10",2020-01-10,CGM,735,12:15,2020-01-10 12:15,174,,,,,,,,,,,1,CGM,2020-01-10 12:15,147
5,"Fri, Jan 10",2020-01-10,CGM,740,12:20,2020-01-10 12:20,172,,,,,,,,,,,1,CGM,2020-01-10 12:20,148
5,"Fri, Jan 10",2020-01-10,CGM,745,12:25,2020-01-10 12:25,176,,,,,,,,,,,1,CGM,2020-01-10 12:25,149
5,"Fri, Jan 10",2020-01-10,CGM,750,12:30,2020-01-10 12:30,185,,,,,,,,,,,1,CGM,2020-01-10 12:30,150
5,"Fri, Jan 10",2020-01-10,CGM,755,12:35,2020-01-10 12:35,188,,,,,,,,,,,1,CGM,2020-01-10 12:35,151
5,"Fri, Jan 10",2020-01-10,CGM,760,12:40,2020-01-10 12:40,197,,,,,,,,,,,1,CGM,2020-01-10 12:40,152
5,"Fri, Jan 10",2020-01-10,CGM,765,12:45,2020-01-10 12:45,197,,,,,,,,,,,1,CGM,2020-01-10 12:45,153
5,"Fri, Jan 10",2020-01-10,CGM,770,12:50,2020-01-10 12:50,195,,,,,,,,,,,1,CGM,2020-01-10 12:50,154
5,"Fri, Jan 10",2020-01-10,CGM,775,12:55,2020-01-10 12:55,183,,,,,,,,,,,1,CGM,2020-01-10 12:55,155
5,"Fri, Jan 10",2020-01-10,CGM,780,13:00,2020-01-10 13:00,194,,,,,,,,,,,1,CGM,2020-01-10 13:00,156
5,"Fri, Jan 10",2020-01-10,CGM,785,13:05,2020-01-10 13:05,224,,,,,,,,,,,1,CGM,2020-01-10 13:05,157
5,"Fri, Jan 10",2020-01-10,CGM,790,13:10,2020-01-10 13:10,225,,,,,,,,,,,1,CGM,2020-01-10 13:10,158
5,"Fri, Jan 10",2020-01-10,CGM,795,13:15,2020-01-10 13:15,220,,,,,,,,,,,1,CGM,2020-01-10 13:15,159
5,"Fri, Jan 10",2020-01-10,CGM,800,13:20,2020-01-10 13:20,220,,,,,,,,,,,1,CGM,2020-01-10 13:20,160
5,"Fri, Jan 10",2020-01-10,CGM,805,13:25,2020-01-10 13:25,229,,,,,,,,,,,1,CGM,2020-01-10 13:25,161
5,"Fri, Jan 10",2020-01-10,CGM,810,13:30,2020-01-10 13:30,239,,,,,,,,,,,1,CGM,2020-01-10 13:30,162
5,"Fri, Jan 10",2020-01-10,CGM,815,13:35,2020-01-10 13:35,231,,,,,,,,,,,1,CGM,2020-01-10 13:35,163
5,"Fri, Jan 10",2020-01-10,CGM,820,13:40,2020-01-10 13:40,240,,,,,,,,,,,1,CGM,2020-01-10 13:40,164
5,"Fri, Jan 10",2020-01-10,CGM,825,13:45,2020-01-10 13:45,245,,,,,,,,,,,1,CGM,2020-01-10 13:45,165
5,"Fri, Jan 10",2020-01-10,CGM,830,13:50,2020-01-10 13:50,246,,,,,,,,,,,1,CGM,2020-01-10 13:50,166
5,"Fri, Jan 10",2020-01-10,CGM,835,13:55,2020-01-10 13:55,248,,,,,,,,,,,1,CGM,2020-01-10 13:55,167
5,"Fri, Jan 10",2020-01-10,CGM,840,14:00,2020-01-10 14:00,251,,,,,,,,,,,1,CGM,2020-01-10 14:00,168
5,"Fri, Jan 10",2020-01-10,CGM,845,14:05,2020-01-10 14:05,251,,,,,,,,,,,1,CGM,2020-01-10 14:05,169
5,"Fri, Jan 10",2020-01-10,CGM,850,14:10,2020-01-10 14:10,246,,,,,,,,,,,1,CGM,2020-01-10 14:10,170
5,"Fri, Jan 10",2020-01-10,CGM,855,14:15,2020-01-10 14:15,241,,,,,,,,,,,1,CGM,2020-01-10 14:15,171
5,"Fri, Jan 10",2020-01-10,CGM,860,14:20,2020-01-10 14:20,239,,,,,,,,,,,1,CGM,2020-01-10 14:20,172
5,"Fri, Jan 10",2020-01-10,CGM,865,14:25,2020-01-10 14:25,235,,,,,,,,,,,1,CGM,2020-01-10 14:25,173
5,"Fri, Jan 10",2020-01-10,CGM,870,14:30,2020-01-10 14:30,231,,,,,,,,,,,1,CGM,2020-01-10 14:30,174
5,"Fri, Jan 10",2020-01-10,CGM,875,14:35,2020-01-10 14:35,230,,,,,,,,,,,1,CGM,2020-01-10 14:35,175
5,"Fri, Jan 10",2020-01-10,CGM,880,14:40,2020-01-10 14:40,214,,,,,,,,,,,1,CGM,2020-01-10 14:40,176
5,"Fri, Jan 10",2020-01-10,CGM,885,14:45,2020-01-10 14:45,198,,,,,,,,,,,1,CGM,2020-01-10 14:45,177
5,"Fri, Jan 10",2020-01-10,CGM,890,14:50,2020-01-10 14:50,194,,,,,,,,,,,1,CGM,2020-01-10 14:50,178
5,"Fri, Jan 10",2020-01-10,CGM,895,14:55,2020-01-10 14:55,195,,,,,,,,,,,1,CGM,2020-01-10 14:55,179
5,"Fri, Jan 10",2020-01-10,CGM,900,15:00,2020-01-10 15:00,176,,,,,,,,,,,1,CGM,2020-01-10 15:00,180
5,"Fri, Jan 10",2020-01-10,CGM,905,15:05,2020-01-10 15:05,172,,,,,,,,,,,1,CGM,2020-01-10 15:05,181
5,"Fri, Jan 10",2020-01-10,CGM,910,15:10,2020-01-10 15:10,171,,,,,,,,,,,1,CGM,2020-01-10 15:10,182
5,"Fri, Jan 10",2020-01-10,CGM,915,15:15,2020-01-10 15:15,174,,,,,,,,,,,1,CGM,2020-01-10 15:15,183
5,"Fri, Jan 10",2020-01-10,CGM,920,15:20,2020-01-10 15:20,178,,,,,,,,,,,1,CGM,2020-01-10 15:20,184
5,"Fri, Jan 10",2020-01-10,CGM,925,15:25,2020-01-10 15:25,179,,,,,,,,,,,1,CGM,2020-01-10 15:25,185
5,"Fri, Jan 10",2020-01-10,CGM,930,15:30,2020-01-10 15:30,174,,,,,,,,,,,1,CGM,2020-01-10 15:30,186
5,"Fri, Jan 10",2020-01-10,CGM,935,15:35,2020-01-10 15:35,170,,,,,,,,,,,1,CGM,2020-01-10 15:35,187
5,"Fri, Jan 10",2020-01-10,CGM,940,15:40,2020-01-10 15:40,170,,,,,,,,,,,1,CGM,2020-01-10 15:40,188
5,"Fri, Jan 10",2020-01-10,CGM,945,15:45,2020-01-10 15:45,179,,,,,,,,,,,1,CGM,2020-01-10 15:45,189
5,"Fri, Jan 10",2020-01-10,CGM,950,15:50,2020-01-10 15:50,182,,,,,,,,,,,1,CGM,2020-01-10 15:50,190
5,"Fri, Jan 10",2020-01-10,CGM,955,15:55,2020-01-10 15:55,181,,,,,,,,,,,1,CGM,2020-01-10 15:55,191
5,"Fri, Jan 10",2020-01-10,CGM,960,16:00,2020-01-10 16:00,189,,,,,,,,,,,1,CGM,2020-01-10 16:00,192
5,"Fri, Jan 10",2020-01-10,CGM,965,16:05,2020-01-10 16:05,189,,,,,,,,,,,1,CGM,2020-01-10 16:05,193
5,"Fri, Jan 10",2020-01-10,CGM,970,16:10,2020-01-10 16:10,190,,,,,,,,,,,1,CGM,2020-01-10 16:10,194
5,"Fri, Jan 10",2020-01-10,CGM,975,16:15,2020-01-10 16:15,180,,,,,,,,,,,1,CGM,2020-01-10 16:15,195
5,"Fri, Jan 10",2020-01-10,CGM,980,16:20,2020-01-10 16:20,182,,,,,,,,,,,1,CGM,2020-01-10 16:20,196
5,"Fri, Jan 10",2020-01-10,CGM,985,16:25,2020-01-10 16:25,180,,,,,,,,,,,1,CGM,2020-01-10 16:25,197
5,"Fri, Jan 10",2020-01-10,CGM,990,16:30,2020-01-10 16:30,176,,,,,,,,,,,1,CGM,2020-01-10 16:30,198
5,"Fri, Jan 10",2020-01-10,CGM,995,16:35,2020-01-10 16:35,169,,,,,,,,,,,1,CGM,2020-01-10 16:35,199
5,"Fri, Jan 10",2020-01-10,CGM,1000,16:40,2020-01-10 16:40,163,,,,,,,,,,,1,CGM,2020-01-10 16:40,200
5,"Fri, Jan 10",2020-01-10,CGM,1005,16:45,2020-01-10 16:45,157,,,,,,,,,,,1,CGM,2020-01-10 16:45,201
5,"Fri, Jan 10",2020-01-10,CGM,1010,16:50,2020-01-10 16:50,151,,,,,,,,,,,1,CGM,2020-01-10 16:50,202
5,"Fri, Jan 10",2020-01-10,CGM,1015,16:55,2020-01-10 16:55,150,,,,,,,,,,,1,CGM,2020-01-10 16:55,203
5,"Fri, Jan 10",2020-01-10,CGM,1020,17:00,2020-01-10 17:00,144,,,,,,,,,,,1,CGM,2020-01-10 17:00,204
5,"Fri, Jan 10",2020-01-10,CGM,1025,17:05,2020-01-10 17:05,139,,,,,,,,,,,1,CGM,2020-01-10 17:05,205
5,"Fri, Jan 10",2020-01-10,CGM,1030,17:10,2020-01-10 17:10,132,,,,,,,,,,,1,CGM,2020-01-10 17:10,206
5,"Fri, Jan 10",2020-01-10,CGM,1035,17:15,2020-01-10 17:15,124,,,,,,,,,,,1,CGM,2020-01-10 17:15,207
5,"Fri, Jan 10",2020-01-10,CGM,1040,17:20,2020-01-10 17:20,113,,,,,,,,,,,1,CGM,2020-01-10 17:20,208
5,"Fri, Jan 10",2020-01-10,CGM,1045,17:25,2020-01-10 17:25,110,,,,,,,,,,,1,CGM,2020-01-10 17:25,209
5,"Fri, Jan 10",2020-01-10,CGM,1050,17:30,2020-01-10 17:30,106,,,,,,,,,,,1,CGM,2020-01-10 17:30,210
5,"Fri, Jan 10",2020-01-10,CGM,1055,17:35,2020-01-10 17:35,107,,,,,,,,,,,1,CGM,2020-01-10 17:35,211
5,"Fri, Jan 10",2020-01-10,CGM,1060,17:40,2020-01-10 17:40,105,,,,,,,,,,,1,CGM,2020-01-10 17:40,212
5,"Fri, Jan 10",2020-01-10,CGM,1065,17:45,2020-01-10 17:45,100,,,,,,,,,,,1,CGM,2020-01-10 17:45,213
5,"Fri, Jan 10",2020-01-10,CGM,1070,17:50,2020-01-10 17:50,95,,,,,,,,,,,1,CGM,2020-01-10 17:50,214
5,"Fri, Jan 10",2020-01-10,CGM,1075,17:55,2020-01-10 17:55,87,,,,,,,,,,,1,CGM,2020-01-10 17:55,215
5,"Fri, Jan 10",2020-01-10,CGM,1080,18:00,2020-01-10 18:00,78,,,,,,,,,,,1,CGM,2020-01-10 18:00,216
5,"Fri, Jan 10",2020-01-10,CGM,1085,18:05,2020-01-10 18:05,82,,,,,,,,,,,1,CGM,2020-01-10 18:05,217
5,"Fri, Jan 10",2020-01-10,CGM,1090,18:10,2020-01-10 18:10,81,,,,,,,,,,,1,CGM,2020-01-10 18:10,218
5,"Fri, Jan 10",2020-01-10,CGM,1095,18:15,2020-01-10 18:15,74,,,,,,,,,,,1,CGM,2020-01-10 18:15,219
5,"Fri, Jan 10",2020-01-10,CGM,1100,18:20,2020-01-10 18:20,73,,,,,,,,,,,1,CGM,2020-01-10 18:20,220
5,"Fri, Jan 10",2020-01-10,CGM,1105,18:25,2020-01-10 18:25,77,,,,,,,,,,,1,CGM,2020-01-10 18:25,221
5,"Fri, Jan 10",2020-01-10,CGM,1110,18:30,2020-01-10 18:30,78,,,,,,,,,,,1,CGM,2020-01-10 18:30,222
5,"Fri, Jan 10",2020-01-10,CGM,1115,18:35,2020-01-10 18:35,78,,,,,,,,,,,1,CGM,2020-01-10 18:35,223
5,"Fri, Jan 10",2020-01-10,CGM,1120,18:40,2020-01-10 18:40,78,,,,,,,,,,,1,CGM,2020-01-10 18:40,224
5,"Fri, Jan 10",2020-01-10,CGM,1125,18:45,2020-01-10 18:45,84,,,,,,,,,,,1,CGM,2020-01-10 18:45,225
5,"Fri, Jan 10",2020-01-10,CGM,1130,18:50,2020-01-10 18:50,94,,,,,,,,,,,1,CGM,2020-01-10 18:50,226
5,"Fri, Jan 10",2020-01-10,CGM,1135,18:55,2020-01-10 18:55,99,,,,,,,,,,,1,CGM,2020-01-10 18:55,227
5,"Fri, Jan 10",2020-01-10,CGM,1140,19:00,2020-01-10 19:00,116,,,,,,,,,,,1,CGM,2020-01-10 19:00,228
5,"Fri, Jan 10",2020-01-10,CGM,1145,19:05,2020-01-10 19:05,136,,,,,,,,,,,1,CGM,2020-01-10 19:05,229
5,"Fri, Jan 10",2020-01-10,CGM,1150,19:10,2020-01-10 19:10,154,,,,,,,,,,,1,CGM,2020-01-10 19:10,230
5,"Fri, Jan 10",2020-01-10,CGM,1155,19:15,2020-01-10 19:15,174,,,,,,,,,,,1,CGM,2020-01-10 19:15,231
5,"Fri, Jan 10",2020-01-10,CGM,1160,19:20,2020-01-10 19:20,183,,,,,,,,,,,1,CGM,2020-01-10 19:20,232
5,"Fri, Jan 10",2020-01-10,CGM,1165,19:25,2020-01-10 19:25,192,,,,,,,,,,,1,CGM,2020-01-10 19:25,233
5,"Fri, Jan 10",2020-01-10,CGM,1170,19:30,2020-01-10 19:30,207,,,,,,,,,,,1,CGM,2020-01-10 19:30,234
5,"Fri, Jan 10",2020-01-10,CGM,1175,19:35,2020-01-10 19:35,221,,,,,,,,,,,1,CGM,2020-01-10 19:35,235
5,"Fri, Jan 10",2020-01-10,CGM,1180,19:40,2020-01-10 19:40,221,,,,,,,,,,,1,CGM,2020-01-10 19:40,236
5,"Fri, Jan 10",2020-01-10,CGM,1185,19:45,2020-01-10 19:45,217,,,,,,,,,,,1,CGM,2020-01-10 19:45,237
5,"Fri, Jan 10",2020-01-10,CGM,1190,19:50,2020-01-10 19:50,209,,,,,,,,,,,1,CGM,2020-01-10 19:50,238
5,"Fri, Jan 10",2020-01-10,CGM,1195,19:55,2020-01-10 19:55,214,,,,,,,,,,,1,CGM,2020-01-10 19:55,239
5,"Fri, Jan 10",2020-01-10,CGM,1200,20:00,2020-01-10 20:00,213,,,,,,,,,,,1,CGM,2020-01-10 20:00,240
5,"Fri, Jan 10",2020-01-10,CGM,1205,20:05,2020-01-10 20:05,218,,,,,,,,,,,1,CGM,2020-01-10 20:05,241
5,"Fri, Jan 10",2020-01-10,CGM,1210,20:10,2020-01-10 20:10,215,,,,,,,,,,,1,CGM,2020-01-10 20:10,242
5,"Fri, Jan 10",2020-01-10,CGM,1215,20:15,2020-01-10 20:15,207,,,,,,,,,,,1,CGM,2020-01-10 20:15,243
5,"Fri, Jan 10",2020-01-10,CGM,1220,20:20,2020-01-10 20:20,203,,,,,,,,,,,1,CGM,2020-01-10 20:20,244
5,"Fri, Jan 10",2020-01-10,CGM,1225,20:25,2020-01-10 20:25,195,,,,,,,,,,,1,CGM,2020-01-10 20:25,245
5,"Fri, Jan 10",2020-01-10,CGM,1230,20:30,2020-01-10 20:30,187,,,,,,,,,,,1,CGM,2020-01-10 20:30,246
5,"Fri, Jan 10",2020-01-10,CGM,1235,20:35,2020-01-10 20:35,180,,,,,,,,,,,1,CGM,2020-01-10 20:35,247
5,"Fri, Jan 10",2020-01-10,CGM,1240,20:40,2020-01-10 20:40,173,,,,,,,,,,,1,CGM,2020-01-10 20:40,248
5,"Fri, Jan 10",2020-01-10,CGM,1245,20:45,2020-01-10 20:45,180,,,,,,,,,,,1,CGM,2020-01-10 20:45,249
5,"Fri, Jan 10",2020-01-10,CGM,1250,20:50,2020-01-10 20:50,173,,,,,,,,,,,1,CGM,2020-01-10 20:50,250
5,"Fri, Jan 10",2020-01-10,CGM,1255,20:55,2020-01-10 20:55,170,,,,,,,,,,,1,CGM,2020-01-10 20:55,251
5,"Fri, Jan 10",2020-01-10,CGM,1260,21:00,2020-01-10 21:00,171,,,,,,,,,,,1,CGM,2020-01-10 21:00,252
5,"Fri, Jan 10",2020-01-10,CGM,1265,21:05,2020-01-10 21:05,176,,,,,,,,,,,1,CGM,2020-01-10 21:05,253
5,"Fri, Jan 10",2020-01-10,CGM,1270,21:10,2020-01-10 21:10,182,,,,,,,,,,,1,CGM,2020-01-10 21:10,254
5,"Fri, Jan 10",2020-01-10,CGM,1275,21:15,2020-01-10 21:15,189,,,,,,,,,,,1,CGM,2020-01-10 21:15,255
5,"Fri, Jan 10",2020-01-10,CGM,1280,21:20,2020-01-10 21:20,187,,,,,,,,,,,1,CGM,2020-01-10 21:20,256
5,"Fri, Jan 10",2020-01-10,CGM,1285,21:25,2020-01-10 21:25,180,,,,,,,,,,,1,CGM,2020-01-10 21:25,257
5,"Fri, Jan 10",2020-01-10,CGM,1290,21:30,2020-01-10 21:30,166,,,,,,,,,,,1,CGM,2020-01-10 21:30,258
5,"Fri, Jan 10",2020-01-10,CGM,1295,21:35,2020-01-10 21:35,169,,,,,,,,,,,1,CGM,2020-01-10 21:35,259
5,"Fri, Jan 10",2020-01-10,CGM,1300,21:40,2020-01-10 21:40,174,,,,,,,,,,,1,CGM,2020-01-10 21:40,260
5,"Fri, Jan 10",2020-01-10,CGM,1305,21:45,2020-01-10 21:45,178,,,,,,,,,,,1,CGM,2020-01-10 21:45,261
5,"Fri, Jan 10",2020-01-10,CGM,1310,21:50,2020-01-10 21:50,186,,,,,,,,,,,1,CGM,2020-01-10 21:50,262
5,"Fri, Jan 10",2020-01-10,CGM,1315,21:55,2020-01-10 21:55,185,,,,,,,,,,,1,CGM,2020-01-10 21:55,263
5,"Fri, Jan 10",2020-01-10,CGM,1320,22:00,2020-01-10 22:00,182,,,,,,,,,,,1,CGM,2020-01-10 22:00,264
5,"Fri, Jan 10",2020-01-10,CGM,1325,22:05,2020-01-10 22:05,184,,,,,,,,,,,1,CGM,2020-01-10 22:05,265
5,"Fri, Jan 10",2020-01-10,CGM,1330,22:10,2020-01-10 22:10,185,,,,,,,,,,,1,CGM,2020-01-10 22:10,266
5,"Fri, Jan 10",2020-01-10,CGM,1335,22:15,2020-01-10 22:15,181,,,,,,,,,,,1,CGM,2020-01-10 22:15,267
5,"Fri, Jan 10",2020-01-10,CGM,1340,22:20,2020-01-10 22:20,179,,,,,,,,,,,1,CGM,2020-01-10 22:20,268
5,"Fri, Jan 10",2020-01-10,CGM,1345,22:25,2020-01-10 22:25,181,,,,,,,,,,,1,CGM,2020-01-10 22:25,269
5,"Fri, Jan 10",2020-01-10,CGM,1350,22:30,2020-01-10 22:30,186,,,,,,,,,,,1,CGM,2020-01-10 22:30,270
5,"Fri, Jan 10",2020-01-10,CGM,1355,22:35,2020-01-10 22:35,180,,,,,,,,,,,1,CGM,2020-01-10 22:35,271
5,"Fri, Jan 10",2020-01-10,CGM,1360,22:40,2020-01-10 22:40,179,,,,,,,,,,,1,CGM,2020-01-10 22:40,272
5,"Fri, Jan 10",2020-01-10,CGM,1365,22:45,2020-01-10 22:45,178,,,,,,,,,,,1,CGM,2020-01-10 22:45,273
5,"Fri, Jan 10",2020-01-10,CGM,1370,22:50,2020-01-10 22:50,180,,,,,,,,,,,1,CGM,2020-01-10 22:50,274
5,"Fri, Jan 10",2020-01-10,CGM,1375,22:55,2020-01-10 22:55,178,,,,,,,,,,,1,CGM,2020-01-10 22:55,275
5,"Fri, Jan 10",2020-01-10,CGM,1380,23:00,2020-01-10 23:00,176,,,,,,,,,,,1,CGM,2020-01-10 23:00,276
5,"Fri, Jan 10",2020-01-10,CGM,1385,23:05,2020-01-10 23:05,172,,,,,,,,,,,1,CGM,2020-01-10 23:05,277
5,"Fri, Jan 10",2020-01-10,CGM,1390,23:10,2020-01-10 23:10,168,,,,,,,,,,,1,CGM,2020-01-10 23:10,278
5,"Fri, Jan 10",2020-01-10,CGM,1395,23:15,2020-01-10 23:15,168,,,,,,,,,,,1,CGM,2020-01-10 23:15,279
5,"Fri, Jan 10",2020-01-10,CGM,1400,23:20,2020-01-10 23:20,159,,,,,,,,,,,1,CGM,2020-01-10 23:20,280
5,"Fri, Jan 10",2020-01-10,CGM,1405,23:25,2020-01-10 23:25,153,,,,,,,,,,,1,CGM,2020-01-10 23:25,281
5,"Fri, Jan 10",2020-01-10,CGM,1410,23:30,2020-01-10 23:30,147,,,,,,,,,,,1,CGM,2020-01-10 23:30,282
5,"Fri, Jan 10",2020-01-10,CGM,1415,23:35,2020-01-10 23:35,143,,,,,,,,,,,1,CGM,2020-01-10 23:35,283
5,"Fri, Jan 10",2020-01-10,CGM,1420,23:40,2020-01-10 23:40,131,,,,,,,,,,,1,CGM,2020-01-10 23:40,284
5,"Fri, Jan 10",2020-01-10,CGM,1425,23:45,2020-01-10 23:45,126,,,,,,,,,,,1,CGM,2020-01-10 23:45,285
5,"Fri, Jan 10",2020-01-10,CGM,1430,23:50,2020-01-10 23:50,122,,,,,,,,,,,1,CGM,2020-01-10 23:50,286
5,"Fri, Jan 10",2020-01-10,CGM,1435,23:55,2020-01-10 23:55,121,,,,,,,,,,,1,CGM,2020-01-10 23:55,287
5,"Fri, Jan 10",2020-01-10,Insulin,0,00:00,2020-01-10 00:00,0.31,,,,,,,,,,,2,Insulin,2020-01-10 00:00,0
5,"Fri, Jan 10",2020-01-10,Insulin,5,00:05,2020-01-10 00:05,0.152,,,,,,,,,,,2,Insulin,2020-01-10 00:05,1
5,"Fri, Jan 10",2020-01-10,Insulin,10,00:10,2020-01-10 00:10,0.061,,,,,,,,,,,2,Insulin,2020-01-10 00:10,2
5,"Fri, Jan 10",2020-01-10,Insulin,15,00:15,2020-01-10 00:15,0.102,,,,,,,,,,,2,Insulin,2020-01-10 00:15,3
5,"Fri, Jan 10",2020-01-10,Insulin,20,00:20,2020-01-10 00:20,0.043,,,,,,,,,,,2,Insulin,2020-01-10 00:20,4
5,"Fri, Jan 10",2020-01-10,Insulin,25,00:25,2020-01-10 00:25,0.381,,,,,,,,,,,2,Insulin,2020-01-10 00:25,5
5,"Fri, Jan 10",2020-01-10,Insulin,30,00:30,2020-01-10 00:30,0.081,,,,,,,,,,,2,Insulin,2020-01-10 00:30,6
5,"Fri, Jan 10",2020-01-10,Insulin,35,00:35,2020-01-10 00:35,0.084,,,,,,,,,,,2,Insulin,2020-01-10 00:35,7
5,"Fri, Jan 10",2020-01-10,Insulin,40,00:40,2020-01-10 00:40,0,,,,,,,,,,,2,Insulin,2020-01-10 00:40,8
5,"Fri, Jan 10",2020-01-10,Insulin,45,00:45,2020-01-10 00:45,0.077,,,,,,,,,,,2,Insulin,2020-01-10 00:45,9
5,"Fri, Jan 10",2020-01-10,Insulin,50,00:50,2020-01-10 00:50,0.072,,,,,,,,,,,2,Insulin,2020-01-10 00:50,10
5,"Fri, Jan 10",2020-01-10,Insulin,55,00:55,2020-01-10 00:55,0.292,,,,,,,,,,,2,Insulin,2020-01-10 00:55,11
5,"Fri, Jan 10",2020-01-10,Insulin,60,01:00,2020-01-10 01:00,0.079,,,,,,,,,,,2,Insulin,2020-01-10 01:00,12
5,"Fri, Jan 10",2020-01-10,Insulin,65,01:05,2020-01-10 01:05,0.152,,,,,,,,,,,2,Insulin,2020-01-10 01:05,13
5,"Fri, Jan 10",2020-01-10,Insulin,70,01:10,2020-01-10 01:10,0.046,,,,,,,,,,,2,Insulin,2020-01-10 01:10,14
5,"Fri, Jan 10",2020-01-10,Insulin,75,01:15,2020-01-10 01:15,0.046,,,,,,,,,,,2,Insulin,2020-01-10 01:15,15
5,"Fri, Jan 10",2020-01-10,Insulin,80,01:20,2020-01-10 01:20,0.066,,,,,,,,,,,2,Insulin,2020-01-10 01:20,16
5,"Fri, Jan 10",2020-01-10,Insulin,85,01:25,2020-01-10 01:25,0.076,,,,,,,,,,,2,Insulin,2020-01-10 01:25,17
5,"Fri, Jan 10",2020-01-10,Insulin,90,01:30,2020-01-10 01:30,0.074,,,,,,,,,,,2,Insulin,2020-01-10 01:30,18
5,"Fri, Jan 10",2020-01-10,Insulin,95,01:35,2020-01-10 01:35,0.292,,,,,,,,,,,2,Insulin,2020-01-10 01:35,19
5,"Fri, Jan 10",2020-01-10,Insulin,100,01:40,2020-01-10 01:40,0.34,,,,,,,,,,,2,Insulin,2020-01-10 01:40,20
5,"Fri, Jan 10",2020-01-10,Insulin,105,01:45,2020-01-10 01:45,0.152,,,,,,,,,,,2,Insulin,2020-01-10 01:45,21
5,"Fri, Jan 10",2020-01-10,Insulin,110,01:50,2020-01-10 01:50,0.086,,,,,,,,,,,2,Insulin,2020-01-10 01:50,22
5,"Fri, Jan 10",2020-01-10,Insulin,115,01:55,2020-01-10 01:55,0.16,,,,,,,,,,,2,Insulin,2020-01-10 01:55,23
5,"Fri, Jan 10",2020-01-10,Insulin,120,02:00,2020-01-10 02:00,0.076,,,,,,,,,,,2,Insulin,2020-01-10 02:00,24
5,"Fri, Jan 10",2020-01-10,Insulin,125,02:05,2020-01-10 02:05,0.096,,,,,,,,,,,2,Insulin,2020-01-10 02:05,25
5,"Fri, Jan 10",2020-01-10,Insulin,130,02:10,2020-01-10 02:10,0.292,,,,,,,,,,,2,Insulin,2020-01-10 02:10,26
5,"Fri, Jan 10",2020-01-10,Insulin,135,02:15,2020-01-10 02:15,0.327,,,,,,,,,,,2,Insulin,2020-01-10 02:15,27
5,"Fri, Jan 10",2020-01-10,Insulin,140,02:20,2020-01-10 02:20,0.328,,,,,,,,,,,2,Insulin,2020-01-10 02:20,28
5,"Fri, Jan 10",2020-01-10,Insulin,145,02:25,2020-01-10 02:25,0.064,,,,,,,,,,,2,Insulin,2020-01-10 02:25,29
5,"Fri, Jan 10",2020-01-10,Insulin,150,02:30,2020-01-10 02:30,0,,,,,,,,,,,2,Insulin,2020-01-10 02:30,30
5,"Fri, Jan 10",2020-01-10,Insulin,155,02:35,2020-01-10 02:35,0.074,,,,,,,,,,,2,Insulin,2020-01-10 02:35,31
5,"Fri, Jan 10",2020-01-10,Insulin,160,02:40,2020-01-10 02:40,0.076,,,,,,,,,,,2,Insulin,2020-01-10 02:40,32
5,"Fri, Jan 10",2020-01-10,Insulin,165,02:45,2020-01-10 02:45,0.046,,,,,,,,,,,2,Insulin,2020-01-10 02:45,33
5,"Fri, Jan 10",2020-01-10,Insulin,170,02:50,2020-01-10 02:50,0.066,,,,,,,,,,,2,Insulin,2020-01-10 02:50,34
5,"Fri, Jan 10",2020-01-10,Insulin,175,02:55,2020-01-10 02:55,0.046,,,,,,,,,,,2,Insulin,2020-01-10 02:55,35
5,"Fri, Jan 10",2020-01-10,Insulin,180,03:00,2020-01-10 03:00,0.072,,,,,,,,,,,2,Insulin,2020-01-10 03:00,36
5,"Fri, Jan 10",2020-01-10,Insulin,185,03:05,2020-01-10 03:05,0.056,,,,,,,,,,,2,Insulin,2020-01-10 03:05,37
5,"Fri, Jan 10",2020-01-10,Insulin,190,03:10,2020-01-10 03:10,0,,,,,,,,,,,2,Insulin,2020-01-10 03:10,38
5,"Fri, Jan 10",2020-01-10,Insulin,195,03:15,2020-01-10 03:15,0,,,,,,,,,,,2,Insulin,2020-01-10 03:15,39
5,"Fri, Jan 10",2020-01-10,Insulin,200,03:20,2020-01-10 03:20,0.081,,,,,,,,,,,2,Insulin,2020-01-10 03:20,40
5,"Fri, Jan 10",2020-01-10,Insulin,205,03:25,2020-01-10 03:25,0,,,,,,,,,,,2,Insulin,2020-01-10 03:25,41
5,"Fri, Jan 10",2020-01-10,Insulin,210,03:30,2020-01-10 03:30,0,,,,,,,,,,,2,Insulin,2020-01-10 03:30,42
5,"Fri, Jan 10",2020-01-10,Insulin,215,03:35,2020-01-10 03:35,0.056,,,,,,,,,,,2,Insulin,2020-01-10 03:35,43
5,"Fri, Jan 10",2020-01-10,Insulin,220,03:40,2020-01-10 03:40,0.046,,,,,,,,,,,2,Insulin,2020-01-10 03:40,44
5,"Fri, Jan 10",2020-01-10,Insulin,225,03:45,2020-01-10 03:45,0.046,,,,,,,,,,,2,Insulin,2020-01-10 03:45,45
5,"Fri, Jan 10",2020-01-10,Insulin,230,03:50,2020-01-10 03:50,0.051,,,,,,,,,,,2,Insulin,2020-01-10 03:50,46
5,"Fri, Jan 10",2020-01-10,Insulin,235,03:55,2020-01-10 03:55,0.061,,,,,,,,,,,2,Insulin,2020-01-10 03:55,47
5,"Fri, Jan 10",2020-01-10,Insulin,240,04:00,2020-01-10 04:00,0.046,,,,,,,,,,,2,Insulin,2020-01-10 04:00,48
5,"Fri, Jan 10",2020-01-10,Insulin,245,04:05,2020-01-10 04:05,0,,,,,,,,,,,2,Insulin,2020-01-10 04:05,49
5,"Fri, Jan 10",2020-01-10,Insulin,250,04:10,2020-01-10 04:10,0.046,,,,,,,,,,,2,Insulin,2020-01-10 04:10,50
5,"Fri, Jan 10",2020-01-10,Insulin,255,04:15,2020-01-10 04:15,0.043,,,,,,,,,,,2,Insulin,2020-01-10 04:15,51
5,"Fri, Jan 10",2020-01-10,Insulin,260,04:20,2020-01-10 04:20,0,,,,,,,,,,,2,Insulin,2020-01-10 04:20,52
5,"Fri, Jan 10",2020-01-10,Insulin,265,04:25,2020-01-10 04:25,0.056,,,,,,,,,,,2,Insulin,2020-01-10 04:25,53
5,"Fri, Jan 10",2020-01-10,Insulin,270,04:30,2020-01-10 04:30,0.048,,,,,,,,,,,2,Insulin,2020-01-10 04:30,54
5,"Fri, Jan 10",2020-01-10,Insulin,275,04:35,2020-01-10 04:35,0,,,,,,,,,,,2,Insulin,2020-01-10 04:35,55
5,"Fri, Jan 10",2020-01-10,Insulin,280,04:40,2020-01-10 04:40,0.043,,,,,,,,,,,2,Insulin,2020-01-10 04:40,56
5,"Fri, Jan 10",2020-01-10,Insulin,285,04:45,2020-01-10 04:45,0.051,,,,,,,,,,,2,Insulin,2020-01-10 04:45,57
5,"Fri, Jan 10",2020-01-10,Insulin,290,04:50,2020-01-10 04:50,0.051,,,,,,,,,,,2,Insulin,2020-01-10 04:50,58
5,"Fri, Jan 10",2020-01-10,Insulin,295,04:55,2020-01-10 04:55,0,,,,,,,,,,,2,Insulin,2020-01-10 04:55,59
5,"Fri, Jan 10",2020-01-10,Insulin,300,05:00,2020-01-10 05:00,0.058,,,,,,,,,,,2,Insulin,2020-01-10 05:00,60
5,"Fri, Jan 10",2020-01-10,Insulin,305,05:05,2020-01-10 05:05,0.043,,,,,,,,,,,2,Insulin,2020-01-10 05:05,61
5,"Fri, Jan 10",2020-01-10,Insulin,310,05:10,2020-01-10 05:10,0,,,,,,,,,,,2,Insulin,2020-01-10 05:10,62
5,"Fri, Jan 10",2020-01-10,Insulin,315,05:15,2020-01-10 05:15,0.066,,,,,,,,,,,2,Insulin,2020-01-10 05:15,63
5,"Fri, Jan 10",2020-01-10,Insulin,320,05:20,2020-01-10 05:20,0.051,,,,,,,,,,,2,Insulin,2020-01-10 05:20,64
5,"Fri, Jan 10",2020-01-10,Insulin,325,05:25,2020-01-10 05:25,0,,,,,,,,,,,2,Insulin,2020-01-10 05:25,65
5,"Fri, Jan 10",2020-01-10,Insulin,330,05:30,2020-01-10 05:30,0.056,,,,,,,,,,,2,Insulin,2020-01-10 05:30,66
5,"Fri, Jan 10",2020-01-10,Insulin,335,05:35,2020-01-10 05:35,0.048,,,,,,,,,,,2,Insulin,2020-01-10 05:35,67
5,"Fri, Jan 10",2020-01-10,Insulin,340,05:40,2020-01-10 05:40,0.046,,,,,,,,,,,2,Insulin,2020-01-10 05:40,68
5,"Fri, Jan 10",2020-01-10,Insulin,345,05:45,2020-01-10 05:45,0,,,,,,,,,,,2,Insulin,2020-01-10 05:45,69
5,"Fri, Jan 10",2020-01-10,Insulin,350,05:50,2020-01-10 05:50,0.043,,,,,,,,,,,2,Insulin,2020-01-10 05:50,70
5,"Fri, Jan 10",2020-01-10,Insulin,355,05:55,2020-01-10 05:55,0.051,,,,,,,,,,,2,Insulin,2020-01-10 05:55,71
5,"Fri, Jan 10",2020-01-10,Insulin,360,06:00,2020-01-10 06:00,0,,,,,,,,,,,2,Insulin,2020-01-10 06:00,72
5,"Fri, Jan 10",2020-01-10,Insulin,365,06:05,2020-01-10 06:05,0.051,,,,,,,,,,,2,Insulin,2020-01-10 06:05,73
5,"Fri, Jan 10",2020-01-10,Insulin,370,06:10,2020-01-10 06:10,0,,,,,,,,,,,2,Insulin,2020-01-10 06:10,74
5,"Fri, Jan 10",2020-01-10,Insulin,375,06:15,2020-01-10 06:15,0.066,,,,,,,,,,,2,Insulin,2020-01-10 06:15,75
5,"Fri, Jan 10",2020-01-10,Insulin,380,06:20,2020-01-10 06:20,0.048,,,,,,,,,,,2,Insulin,2020-01-10 06:20,76
5,"Fri, Jan 10",2020-01-10,Insulin,385,06:25,2020-01-10 06:25,0,,,,,,,,,,,2,Insulin,2020-01-10 06:25,77
5,"Fri, Jan 10",2020-01-10,Insulin,390,06:30,2020-01-10 06:30,0.056,,,,,,,,,,,2,Insulin,2020-01-10 06:30,78
5,"Fri, Jan 10",2020-01-10,Insulin,395,06:35,2020-01-10 06:35,0.046,,,,,,,,,,,2,Insulin,2020-01-10 06:35,79
5,"Fri, Jan 10",2020-01-10,Insulin,400,06:40,2020-01-10 06:40,0,,,,,,,,,,,2,Insulin,2020-01-10 06:40,80
5,"Fri, Jan 10",2020-01-10,Insulin,405,06:45,2020-01-10 06:45,0.043,,,,,,,,,,,2,Insulin,2020-01-10 06:45,81
5,"Fri, Jan 10",2020-01-10,Insulin,410,06:50,2020-01-10 06:50,0,,,,,,,,,,,2,Insulin,2020-01-10 06:50,82
5,"Fri, Jan 10",2020-01-10,Insulin,415,06:55,2020-01-10 06:55,0.048,,,,,,,,,,,2,Insulin,2020-01-10 06:55,83
5,"Fri, Jan 10",2020-01-10,Insulin,420,07:00,2020-01-10 07:00,0.376,,,,,,,,,,,2,Insulin,2020-01-10 07:00,84
5,"Fri, Jan 10",2020-01-10,Insulin,425,07:05,2020-01-10 07:05,0.148,,,,,,,,,,,2,Insulin,2020-01-10 07:05,85
5,"Fri, Jan 10",2020-01-10,Insulin,430,07:10,2020-01-10 07:10,0.046,,,,,,,,,,,2,Insulin,2020-01-10 07:10,86
5,"Fri, Jan 10",2020-01-10,Insulin,435,07:15,2020-01-10 07:15,0.046,,,,,,,,,,,2,Insulin,2020-01-10 07:15,87
5,"Fri, Jan 10",2020-01-10,Insulin,440,07:20,2020-01-10 07:20,0,,,,,,,,,,,2,Insulin,2020-01-10 07:20,88
5,"Fri, Jan 10",2020-01-10,Insulin,445,07:25,2020-01-10 07:25,0.133,,,,,,,,,,,2,Insulin,2020-01-10 07:25,89
5,"Fri, Jan 10",2020-01-10,Insulin,450,07:30,2020-01-10 07:30,0.097,,,,,,,,,,,2,Insulin,2020-01-10 07:30,90
5,"Fri, Jan 10",2020-01-10,Insulin,455,07:35,2020-01-10 07:35,0.145,,,,,,,,,,,2,Insulin,2020-01-10 07:35,91
5,"Fri, Jan 10",2020-01-10,Insulin,460,07:40,2020-01-10 07:40,0.051,,,,,,,,,,,2,Insulin,2020-01-10 07:40,92
5,"Fri, Jan 10",2020-01-10,Insulin,465,07:45,2020-01-10 07:45,0.237,,,,,,,,,,,2,Insulin,2020-01-10 07:45,93
5,"Fri, Jan 10",2020-01-10,Insulin,470,07:50,2020-01-10 07:50,0.503,,,,,,,,,,,2,Insulin,2020-01-10 07:50,94
5,"Fri, Jan 10",2020-01-10,Insulin,475,07:55,2020-01-10 07:55,0.376,,,,,,,,,,,2,Insulin,2020-01-10 07:55,95
5,"Fri, Jan 10",2020-01-10,Insulin,480,08:00,2020-01-10 08:00,0.314,,,,,,,,,,,2,Insulin,2020-01-10 08:00,96
5,"Fri, Jan 10",2020-01-10,Insulin,485,08:05,2020-01-10 08:05,0.253,,,,,,,,,,,2,Insulin,2020-01-10 08:05,97
5,"Fri, Jan 10",2020-01-10,Insulin,490,08:10,2020-01-10 08:10,0.239,,,,,,,,,,,2,Insulin,2020-01-10 08:10,98
5,"Fri, Jan 10",2020-01-10,Insulin,495,08:15,2020-01-10 08:15,0.229,,,,,,,,,,,2,Insulin,2020-01-10 08:15,99
5,"Fri, Jan 10",2020-01-10,Insulin,500,08:20,2020-01-10 08:20,0.373,,,,,,,,,,,2,Insulin,2020-01-10 08:20,100
5,"Fri, Jan 10",2020-01-10,Insulin,505,08:25,2020-01-10 08:25,0.5,,,,,,,,,,,2,Insulin,2020-01-10 08:25,101
5,"Fri, Jan 10",2020-01-10,Insulin,510,08:30,2020-01-10 08:30,0.195,,,,,,,,,,,2,Insulin,2020-01-10 08:30,102
5,"Fri, Jan 10",2020-01-10,Insulin,515,08:35,2020-01-10 08:35,0.086,,,,,,,,,,,2,Insulin,2020-01-10 08:35,103
5,"Fri, Jan 10",2020-01-10,Insulin,520,08:40,2020-01-10 08:40,0.366,,,,,,,,,,,2,Insulin,2020-01-10 08:40,104
5,"Fri, Jan 10",2020-01-10,Insulin,525,08:45,2020-01-10 08:45,0.178,,,,,,,,,,,2,Insulin,2020-01-10 08:45,105
5,"Fri, Jan 10",2020-01-10,Insulin,530,08:50,2020-01-10 08:50,0.131,,,,,,,,,,,2,Insulin,2020-01-10 08:50,106
5,"Fri, Jan 10",2020-01-10,Insulin,535,08:55,2020-01-10 08:55,0.255,,,,,,,,,,,2,Insulin,2020-01-10 08:55,107
5,"Fri, Jan 10",2020-01-10,Insulin,540,09:00,2020-01-10 09:00,0.061,,,,,,,,,,,2,Insulin,2020-01-10 09:00,108
5,"Fri, Jan 10",2020-01-10,Insulin,545,09:05,2020-01-10 09:05,0.467,,,,,,,,,,,2,Insulin,2020-01-10 09:05,109
5,"Fri, Jan 10",2020-01-10,Insulin,550,09:10,2020-01-10 09:10,0.632,,,,,,,,,,,2,Insulin,2020-01-10 09:10,110
5,"Fri, Jan 10",2020-01-10,Insulin,555,09:15,2020-01-10 09:15,0.896,,,,,,,,,,,2,Insulin,2020-01-10 09:15,111
5,"Fri, Jan 10",2020-01-10,Insulin,560,09:20,2020-01-10 09:20,1.094,,,,,,,,,,,2,Insulin,2020-01-10 09:20,112
5,"Fri, Jan 10",2020-01-10,Insulin,565,09:25,2020-01-10 09:25,0.662,,,,,,,,,,,2,Insulin,2020-01-10 09:25,113
5,"Fri, Jan 10",2020-01-10,Insulin,570,09:30,2020-01-10 09:30,0.894,,,,,,,,,,,2,Insulin,2020-01-10 09:30,114
5,"Fri, Jan 10",2020-01-10,Insulin,575,09:35,2020-01-10 09:35,0.445,,,,,,,,,,,2,Insulin,2020-01-10 09:35,115
5,"Fri, Jan 10",2020-01-10,Insulin,580,09:40,2020-01-10 09:40,0.183,,,,,,,,,,,2,Insulin,2020-01-10 09:40,116
5,"Fri, Jan 10",2020-01-10,Insulin,585,09:45,2020-01-10 09:45,0.143,,,,,,,,,,,2,Insulin,2020-01-10 09:45,117
5,"Fri, Jan 10",2020-01-10,Insulin,590,09:50,2020-01-10 09:50,0,,,,,,,,,,,2,Insulin,2020-01-10 09:50,118
5,"Fri, Jan 10",2020-01-10,Insulin,595,09:55,2020-01-10 09:55,0,,,,,,,,,,,2,Insulin,2020-01-10 09:55,119
5,"Fri, Jan 10",2020-01-10,Insulin,600,10:00,2020-01-10 10:00,0,,,,,,,,,,,2,Insulin,2020-01-10 10:00,120
5,"Fri, Jan 10",2020-01-10,Insulin,605,10:05,2020-01-10 10:05,0.159,,,,,,,,,,,2,Insulin,2020-01-10 10:05,121
5,"Fri, Jan 10",2020-01-10,Insulin,610,10:10,2020-01-10 10:10,0.091,,,,,,,,,,,2,Insulin,2020-01-10 10:10,122
5,"Fri, Jan 10",2020-01-10,Insulin,615,10:15,2020-01-10 10:15,0,,,,,,,,,,,2,Insulin,2020-01-10 10:15,123
5,"Fri, Jan 10",2020-01-10,Insulin,620,10:20,2020-01-10 10:20,0.087,,,,,,,,,,,2,Insulin,2020-01-10 10:20,124
5,"Fri, Jan 10",2020-01-10,Insulin,625,10:25,2020-01-10 10:25,1.427,,,,,,,,,,,2,Insulin,2020-01-10 10:25,125
5,"Fri, Jan 10",2020-01-10,Insulin,630,10:30,2020-01-10 10:30,0.051,,,,,,,,,,,2,Insulin,2020-01-10 10:30,126
5,"Fri, Jan 10",2020-01-10,Insulin,635,10:35,2020-01-10 10:35,0.071,,,,,,,,,,,2,Insulin,2020-01-10 10:35,127
5,"Fri, Jan 10",2020-01-10,Insulin,640,10:40,2020-01-10 10:40,0.307,,,,,,,,,,,2,Insulin,2020-01-10 10:40,128
5,"Fri, Jan 10",2020-01-10,Insulin,645,10:45,2020-01-10 10:45,0.752,,,,,,,,,,,2,Insulin,2020-01-10 10:45,129
5,"Fri, Jan 10",2020-01-10,Insulin,650,10:50,2020-01-10 10:50,0,,,,,,,,,,,2,Insulin,2020-01-10 10:50,130
5,"Fri, Jan 10",2020-01-10,Insulin,655,10:55,2020-01-10 10:55,0.246,,,,,,,,,,,2,Insulin,2020-01-10 10:55,131
5,"Fri, Jan 10",2020-01-10,Insulin,660,11:00,2020-01-10 11:00,0,,,,,,,,,,,2,Insulin,2020-01-10 11:00,132
5,"Fri, Jan 10",2020-01-10,Insulin,665,11:05,2020-01-10 11:05,0.067,,,,,,,,,,,2,Insulin,2020-01-10 11:05,133
5,"Fri, Jan 10",2020-01-10,Insulin,670,11:10,2020-01-10 11:10,0,,,,,,,,,,,2,Insulin,2020-01-10 11:10,134
5,"Fri, Jan 10",2020-01-10,Insulin,675,11:15,2020-01-10 11:15,0,,,,,,,,,,,2,Insulin,2020-01-10 11:15,135
5,"Fri, Jan 10",2020-01-10,Insulin,680,11:20,2020-01-10 11:20,0,,,,,,,,,,,2,Insulin,2020-01-10 11:20,136
5,"Fri, Jan 10",2020-01-10,Insulin,685,11:25,2020-01-10 11:25,0,,,,,,,,,,,2,Insulin,2020-01-10 11:25,137
5,"Fri, Jan 10",2020-01-10,Insulin,690,11:30,2020-01-10 11:30,0,,,,,,,,,,,2,Insulin,2020-01-10 11:30,138
5,"Fri, Jan 10",2020-01-10,Insulin,695,11:35,2020-01-10 11:35,0.052,,,,,,,,,,,2,Insulin,2020-01-10 11:35,139
5,"Fri, Jan 10",2020-01-10,Insulin,700,11:40,2020-01-10 11:40,0.048,,,,,,,,,,,2,Insulin,2020-01-10 11:40,140
5,"Fri, Jan 10",2020-01-10,Insulin,705,11:45,2020-01-10 11:45,0.046,,,,,,,,,,,2,Insulin,2020-01-10 11:45,141
5,"Fri, Jan 10",2020-01-10,Insulin,710,11:50,2020-01-10 11:50,0.046,,,,,,,,,,,2,Insulin,2020-01-10 11:50,142
5,"Fri, Jan 10",2020-01-10,Insulin,715,11:55,2020-01-10 11:55,0,,,,,,,,,,,2,Insulin,2020-01-10 11:55,143
5,"Fri, Jan 10",2020-01-10,Insulin,720,12:00,2020-01-10 12:00,0.051,,,,,,,,,,,2,Insulin,2020-01-10 12:00,144
5,"Fri, Jan 10",2020-01-10,Insulin,725,12:05,2020-01-10 12:05,0.102,,,,,,,,,,,2,Insulin,2020-01-10 12:05,145
5,"Fri, Jan 10",2020-01-10,Insulin,730,12:10,2020-01-10 12:10,0.193,,,,,,,,,,,2,Insulin,2020-01-10 12:10,146
5,"Fri, Jan 10",2020-01-10,Insulin,735,12:15,2020-01-10 12:15,0.335,,,,,,,,,,,2,Insulin,2020-01-10 12:15,147
5,"Fri, Jan 10",2020-01-10,Insulin,740,12:20,2020-01-10 12:20,0.191,,,,,,,,,,,2,Insulin,2020-01-10 12:20,148
5,"Fri, Jan 10",2020-01-10,Insulin,745,12:25,2020-01-10 12:25,0.203,,,,,,,,,,,2,Insulin,2020-01-10 12:25,149
5,"Fri, Jan 10",2020-01-10,Insulin,750,12:30,2020-01-10 12:30,0.463,,,,,,,,,,,2,Insulin,2020-01-10 12:30,150
5,"Fri, Jan 10",2020-01-10,Insulin,755,12:35,2020-01-10 12:35,0.902,,,,,,,,,,,2,Insulin,2020-01-10 12:35,151
5,"Fri, Jan 10",2020-01-10,Insulin,760,12:40,2020-01-10 12:40,0.892,,,,,,,,,,,2,Insulin,2020-01-10 12:40,152
5,"Fri, Jan 10",2020-01-10,Insulin,765,12:45,2020-01-10 12:45,1.164,,,,,,,,,,,2,Insulin,2020-01-10 12:45,153
5,"Fri, Jan 10",2020-01-10,Insulin,770,12:50,2020-01-10 12:50,0.795,,,,,,,,,,,2,Insulin,2020-01-10 12:50,154
5,"Fri, Jan 10",2020-01-10,Insulin,775,12:55,2020-01-10 12:55,0.29,,,,,,,,,,,2,Insulin,2020-01-10 12:55,155
5,"Fri, Jan 10",2020-01-10,Insulin,780,13:00,2020-01-10 13:00,0,,,,,,,,,,,2,Insulin,2020-01-10 13:00,156
5,"Fri, Jan 10",2020-01-10,Insulin,785,13:05,2020-01-10 13:05,0.186,,,,,,,,,,,2,Insulin,2020-01-10 13:05,157
5,"Fri, Jan 10",2020-01-10,Insulin,790,13:10,2020-01-10 13:10,1.302,,,,,,,,,,,2,Insulin,2020-01-10 13:10,158
5,"Fri, Jan 10",2020-01-10,Insulin,795,13:15,2020-01-10 13:15,0.783,,,,,,,,,,,2,Insulin,2020-01-10 13:15,159
5,"Fri, Jan 10",2020-01-10,Insulin,800,13:20,2020-01-10 13:20,0.102,,,,,,,,,,,2,Insulin,2020-01-10 13:20,160
5,"Fri, Jan 10",2020-01-10,Insulin,805,13:25,2020-01-10 13:25,0.157,,,,,,,,,,,2,Insulin,2020-01-10 13:25,161
5,"Fri, Jan 10",2020-01-10,Insulin,810,13:30,2020-01-10 13:30,0.627,,,,,,,,,,,2,Insulin,2020-01-10 13:30,162
5,"Fri, Jan 10",2020-01-10,Insulin,815,13:35,2020-01-10 13:35,0.948,,,,,,,,,,,2,Insulin,2020-01-10 13:35,163
5,"Fri, Jan 10",2020-01-10,Insulin,820,13:40,2020-01-10 13:40,0.046,,,,,,,,,,,2,Insulin,2020-01-10 13:40,164
5,"Fri, Jan 10",2020-01-10,Insulin,825,13:45,2020-01-10 13:45,0.675,,,,,,,,,,,2,Insulin,2020-01-10 13:45,165
5,"Fri, Jan 10",2020-01-10,Insulin,830,13:50,2020-01-10 13:50,0.79,,,,,,,,,,,2,Insulin,2020-01-10 13:50,166
5,"Fri, Jan 10",2020-01-10,Insulin,835,13:55,2020-01-10 13:55,0.727,,,,,,,,,,,2,Insulin,2020-01-10 13:55,167
5,"Fri, Jan 10",2020-01-10,Insulin,840,14:00,2020-01-10 14:00,0.717,,,,,,,,,,,2,Insulin,2020-01-10 14:00,168
5,"Fri, Jan 10",2020-01-10,Insulin,845,14:05,2020-01-10 14:05,0.684,,,,,,,,,,,2,Insulin,2020-01-10 14:05,169
5,"Fri, Jan 10",2020-01-10,Insulin,850,14:10,2020-01-10 14:10,0.478,,,,,,,,,,,2,Insulin,2020-01-10 14:10,170
5,"Fri, Jan 10",2020-01-10,Insulin,855,14:15,2020-01-10 14:15,0.104,,,,,,,,,,,2,Insulin,2020-01-10 14:15,171
5,"Fri, Jan 10",2020-01-10,Insulin,860,14:20,2020-01-10 14:20,0.097,,,,,,,,,,,2,Insulin,2020-01-10 14:20,172
5,"Fri, Jan 10",2020-01-10,Insulin,865,14:25,2020-01-10 14:25,0.081,,,,,,,,,,,2,Insulin,2020-01-10 14:25,173
5,"Fri, Jan 10",2020-01-10,Insulin,870,14:30,2020-01-10 14:30,0.091,,,,,,,,,,,2,Insulin,2020-01-10 14:30,174
5,"Fri, Jan 10",2020-01-10,Insulin,875,14:35,2020-01-10 14:35,0.102,,,,,,,,,,,2,Insulin,2020-01-10 14:35,175
5,"Fri, Jan 10",2020-01-10,Insulin,880,14:40,2020-01-10 14:40,0.112,,,,,,,,,,,2,Insulin,2020-01-10 14:40,176
5,"Fri, Jan 10",2020-01-10,Insulin,885,14:45,2020-01-10 14:45,0,,,,,,,,,,,2,Insulin,2020-01-10 14:45,177
5,"Fri, Jan 10",2020-01-10,Insulin,890,14:50,2020-01-10 14:50,0,,,,,,,,,,,2,Insulin,2020-01-10 14:50,178
5,"Fri, Jan 10",2020-01-10,Insulin,895,14:55,2020-01-10 14:55,0,,,,,,,,,,,2,Insulin,2020-01-10 14:55,179
5,"Fri, Jan 10",2020-01-10,Insulin,900,15:00,2020-01-10 15:00,0,,,,,,,,,,,2,Insulin,2020-01-10 15:00,180
5,"Fri, Jan 10",2020-01-10,Insulin,905,15:05,2020-01-10 15:05,0,,,,,,,,,,,2,Insulin,2020-01-10 15:05,181
5,"Fri, Jan 10",2020-01-10,Insulin,910,15:10,2020-01-10 15:10,0.117,,,,,,,,,,,2,Insulin,2020-01-10 15:10,182
5,"Fri, Jan 10",2020-01-10,Insulin,915,15:15,2020-01-10 15:15,0.178,,,,,,,,,,,2,Insulin,2020-01-10 15:15,183
5,"Fri, Jan 10",2020-01-10,Insulin,920,15:20,2020-01-10 15:20,0.191,,,,,,,,,,,2,Insulin,2020-01-10 15:20,184
5,"Fri, Jan 10",2020-01-10,Insulin,925,15:25,2020-01-10 15:25,0.201,,,,,,,,,,,2,Insulin,2020-01-10 15:25,185
5,"Fri, Jan 10",2020-01-10,Insulin,930,15:30,2020-01-10 15:30,0.201,,,,,,,,,,,2,Insulin,2020-01-10 15:30,186
5,"Fri, Jan 10",2020-01-10,Insulin,935,15:35,2020-01-10 15:35,0.102,,,,,,,,,,,2,Insulin,2020-01-10 15:35,187
5,"Fri, Jan 10",2020-01-10,Insulin,940,15:40,2020-01-10 15:40,0.117,,,,,,,,,,,2,Insulin,2020-01-10 15:40,188
5,"Fri, Jan 10",2020-01-10,Insulin,945,15:45,2020-01-10 15:45,0.193,,,,,,,,,,,2,Insulin,2020-01-10 15:45,189
5,"Fri, Jan 10",2020-01-10,Insulin,950,15:50,2020-01-10 15:50,0.561,,,,,,,,,,,2,Insulin,2020-01-10 15:50,190
5,"Fri, Jan 10",2020-01-10,Insulin,955,15:55,2020-01-10 15:55,0.448,,,,,,,,,,,2,Insulin,2020-01-10 15:55,191
5,"Fri, Jan 10",2020-01-10,Insulin,960,16:00,2020-01-10 16:00,0.249,,,,,,,,,,,2,Insulin,2020-01-10 16:00,192
5,"Fri, Jan 10",2020-01-10,Insulin,965,16:05,2020-01-10 16:05,0.628,,,,,,,,,,,2,Insulin,2020-01-10 16:05,193
5,"Fri, Jan 10",2020-01-10,Insulin,970,16:10,2020-01-10 16:10,0.453,,,,,,,,,,,2,Insulin,2020-01-10 16:10,194
5,"Fri, Jan 10",2020-01-10,Insulin,975,16:15,2020-01-10 16:15,0.443,,,,,,,,,,,2,Insulin,2020-01-10 16:15,195
5,"Fri, Jan 10",2020-01-10,Insulin,980,16:20,2020-01-10 16:20,0,,,,,,,,,,,2,Insulin,2020-01-10 16:20,196
5,"Fri, Jan 10",2020-01-10,Insulin,985,16:25,2020-01-10 16:25,0.114,,,,,,,,,,,2,Insulin,2020-01-10 16:25,197
5,"Fri, Jan 10",2020-01-10,Insulin,990,16:30,2020-01-10 16:30,0.099,,,,,,,,,,,2,Insulin,2020-01-10 16:30,198
5,"Fri, Jan 10",2020-01-10,Insulin,995,16:35,2020-01-10 16:35,0.122,,,,,,,,,,,2,Insulin,2020-01-10 16:35,199
5,"Fri, Jan 10",2020-01-10,Insulin,1000,16:40,2020-01-10 16:40,0.056,,,,,,,,,,,2,Insulin,2020-01-10 16:40,200
5,"Fri, Jan 10",2020-01-10,Insulin,1005,16:45,2020-01-10 16:45,0.076,,,,,,,,,,,2,Insulin,2020-01-10 16:45,201
5,"Fri, Jan 10",2020-01-10,Insulin,1010,16:50,2020-01-10 16:50,0.074,,,,,,,,,,,2,Insulin,2020-01-10 16:50,202
5,"Fri, Jan 10",2020-01-10,Insulin,1015,16:55,2020-01-10 16:55,0.069,,,,,,,,,,,2,Insulin,2020-01-10 16:55,203
5,"Fri, Jan 10",2020-01-10,Insulin,1020,17:00,2020-01-10 17:00,0.152,,,,,,,,,,,2,Insulin,2020-01-10 17:00,204
5,"Fri, Jan 10",2020-01-10,Insulin,1025,17:05,2020-01-10 17:05,0.058,,,,,,,,,,,2,Insulin,2020-01-10 17:05,205
5,"Fri, Jan 10",2020-01-10,Insulin,1030,17:10,2020-01-10 17:10,0.084,,,,,,,,,,,2,Insulin,2020-01-10 17:10,206
5,"Fri, Jan 10",2020-01-10,Insulin,1035,17:15,2020-01-10 17:15,0.046,,,,,,,,,,,2,Insulin,2020-01-10 17:15,207
5,"Fri, Jan 10",2020-01-10,Insulin,1040,17:20,2020-01-10 17:20,0,,,,,,,,,,,2,Insulin,2020-01-10 17:20,208
5,"Fri, Jan 10",2020-01-10,Insulin,1045,17:25,2020-01-10 17:25,0,,,,,,,,,,,2,Insulin,2020-01-10 17:25,209
5,"Fri, Jan 10",2020-01-10,Insulin,1050,17:30,2020-01-10 17:30,0.084,,,,,,,,,,,2,Insulin,2020-01-10 17:30,210
5,"Fri, Jan 10",2020-01-10,Insulin,1055,17:35,2020-01-10 17:35,0.074,,,,,,,,,,,2,Insulin,2020-01-10 17:35,211
5,"Fri, Jan 10",2020-01-10,Insulin,1060,17:40,2020-01-10 17:40,0.122,,,,,,,,,,,2,Insulin,2020-01-10 17:40,212
5,"Fri, Jan 10",2020-01-10,Insulin,1065,17:45,2020-01-10 17:45,0.097,,,,,,,,,,,2,Insulin,2020-01-10 17:45,213
5,"Fri, Jan 10",2020-01-10,Insulin,1070,17:50,2020-01-10 17:50,0,,,,,,,,,,,2,Insulin,2020-01-10 17:50,214
5,"Fri, Jan 10",2020-01-10,Insulin,1075,17:55,2020-01-10 17:55,0,,,,,,,,,,,2,Insulin,2020-01-10 17:55,215
5,"Fri, Jan 10",2020-01-10,Insulin,1080,18:00,2020-01-10 18:00,0,,,,,,,,,,,2,Insulin,2020-01-10 18:00,216
5,"Fri, Jan 10",2020-01-10,Insulin,1085,18:05,2020-01-10 18:05,0,,,,,,,,,,,2,Insulin,2020-01-10 18:05,217
5,"Fri, Jan 10",2020-01-10,Insulin,1090,18:10,2020-01-10 18:10,0.084,,,,,,,,,,,2,Insulin,2020-01-10 18:10,218
5,"Fri, Jan 10",2020-01-10,Insulin,1095,18:15,2020-01-10 18:15,0,,,,,,,,,,,2,Insulin,2020-01-10 18:15,219
5,"Fri, Jan 10",2020-01-10,Insulin,1100,18:20,2020-01-10 18:20,0,,,,,,,,,,,2,Insulin,2020-01-10 18:20,220
5,"Fri, Jan 10",2020-01-10,Insulin,1105,18:25,2020-01-10 18:25,0,,,,,,,,,,,2,Insulin,2020-01-10 18:25,221
5,"Fri, Jan 10",2020-01-10,Insulin,1110,18:30,2020-01-10 18:30,0,,,,,,,,,,,2,Insulin,2020-01-10 18:30,222
5,"Fri, Jan 10",2020-01-10,Insulin,1115,18:35,2020-01-10 18:35,0,,,,,,,,,,,2,Insulin,2020-01-10 18:35,223
5,"Fri, Jan 10",2020-01-10,Insulin,1120,18:40,2020-01-10 18:40,0,,,,,,,,,,,2,Insulin,2020-01-10 18:40,224
5,"Fri, Jan 10",2020-01-10,Insulin,1125,18:45,2020-01-10 18:45,0,,,,,,,,,,,2,Insulin,2020-01-10 18:45,225
5,"Fri, Jan 10",2020-01-10,Insulin,1130,18:50,2020-01-10 18:50,0.069,,,,,,,,,,,2,Insulin,2020-01-10 18:50,226
5,"Fri, Jan 10",2020-01-10,Insulin,1135,18:55,2020-01-10 18:55,0.071,,,,,,,,,,,2,Insulin,2020-01-10 18:55,227
5,"Fri, Jan 10",2020-01-10,Insulin,1140,19:00,2020-01-10 19:00,0.076,,,,,,,,,,,2,Insulin,2020-01-10 19:00,228
5,"Fri, Jan 10",2020-01-10,Insulin,1145,19:05,2020-01-10 19:05,0.079,,,,,,,,,,,2,Insulin,2020-01-10 19:05,229
5,"Fri, Jan 10",2020-01-10,Insulin,1150,19:10,2020-01-10 19:10,0.261,,,,,,,,,,,2,Insulin,2020-01-10 19:10,230
5,"Fri, Jan 10",2020-01-10,Insulin,1155,19:15,2020-01-10 19:15,0.418,,,,,,,,,,,2,Insulin,2020-01-10 19:15,231
5,"Fri, Jan 10",2020-01-10,Insulin,1160,19:20,2020-01-10 19:20,0.765,,,,,,,,,,,2,Insulin,2020-01-10 19:20,232
5,"Fri, Jan 10",2020-01-10,Insulin,1165,19:25,2020-01-10 19:25,0.5,,,,,,,,,,,2,Insulin,2020-01-10 19:25,233
5,"Fri, Jan 10",2020-01-10,Insulin,1170,19:30,2020-01-10 19:30,0.424,,,,,,,,,,,2,Insulin,2020-01-10 19:30,234
5,"Fri, Jan 10",2020-01-10,Insulin,1175,19:35,2020-01-10 19:35,0.503,,,,,,,,,,,2,Insulin,2020-01-10 19:35,235
5,"Fri, Jan 10",2020-01-10,Insulin,1180,19:40,2020-01-10 19:40,0.472,,,,,,,,,,,2,Insulin,2020-01-10 19:40,236
5,"Fri, Jan 10",2020-01-10,Insulin,1185,19:45,2020-01-10 19:45,0.104,,,,,,,,,,,2,Insulin,2020-01-10 19:45,237
5,"Fri, Jan 10",2020-01-10,Insulin,1190,19:50,2020-01-10 19:50,0.061,,,,,,,,,,,2,Insulin,2020-01-10 19:50,238
5,"Fri, Jan 10",2020-01-10,Insulin,1195,19:55,2020-01-10 19:55,0,,,,,,,,,,,2,Insulin,2020-01-10 19:55,239
5,"Fri, Jan 10",2020-01-10,Insulin,1200,20:00,2020-01-10 20:00,0.077,,,,,,,,,,,2,Insulin,2020-01-10 20:00,240
5,"Fri, Jan 10",2020-01-10,Insulin,1205,20:05,2020-01-10 20:05,0.085,,,,,,,,,,,2,Insulin,2020-01-10 20:05,241
5,"Fri, Jan 10",2020-01-10,Insulin,1210,20:10,2020-01-10 20:10,0.223,,,,,,,,,,,2,Insulin,2020-01-10 20:10,242
5,"Fri, Jan 10",2020-01-10,Insulin,1215,20:15,2020-01-10 20:15,0.079,,,,,,,,,,,2,Insulin,2020-01-10 20:15,243
5,"Fri, Jan 10",2020-01-10,Insulin,1220,20:20,2020-01-10 20:20,0,,,,,,,,,,,2,Insulin,2020-01-10 20:20,244
5,"Fri, Jan 10",2020-01-10,Insulin,1225,20:25,2020-01-10 20:25,0.046,,,,,,,,,,,2,Insulin,2020-01-10 20:25,245
5,"Fri, Jan 10",2020-01-10,Insulin,1230,20:30,2020-01-10 20:30,0,,,,,,,,,,,2,Insulin,2020-01-10 20:30,246
5,"Fri, Jan 10",2020-01-10,Insulin,1235,20:35,2020-01-10 20:35,0,,,,,,,,,,,2,Insulin,2020-01-10 20:35,247
5,"Fri, Jan 10",2020-01-10,Insulin,1240,20:40,2020-01-10 20:40,0,,,,,,,,,,,2,Insulin,2020-01-10 20:40,248
5,"Fri, Jan 10",2020-01-10,Insulin,1245,20:45,2020-01-10 20:45,0.043,,,,,,,,,,,2,Insulin,2020-01-10 20:45,249
5,"Fri, Jan 10",2020-01-10,Insulin,1250,20:50,2020-01-10 20:50,0.045,,,,,,,,,,,2,Insulin,2020-01-10 20:50,250
5,"Fri, Jan 10",2020-01-10,Insulin,1255,20:55,2020-01-10 20:55,0.048,,,,,,,,,,,2,Insulin,2020-01-10 20:55,251
5,"Fri, Jan 10",2020-01-10,Insulin,1260,21:00,2020-01-10 21:00,0.056,,,,,,,,,,,2,Insulin,2020-01-10 21:00,252
5,"Fri, Jan 10",2020-01-10,Insulin,1265,21:05,2020-01-10 21:05,0.102,,,,,,,,,,,2,Insulin,2020-01-10 21:05,253
5,"Fri, Jan 10",2020-01-10,Insulin,1270,21:10,2020-01-10 21:10,0.117,,,,,,,,,,,2,Insulin,2020-01-10 21:10,254
5,"Fri, Jan 10",2020-01-10,Insulin,1275,21:15,2020-01-10 21:15,0.102,,,,,,,,,,,2,Insulin,2020-01-10 21:15,255
5,"Fri, Jan 10",2020-01-10,Insulin,1280,21:20,2020-01-10 21:20,0.332,,,,,,,,,,,2,Insulin,2020-01-10 21:20,256
5,"Fri, Jan 10",2020-01-10,Insulin,1285,21:25,2020-01-10 21:25,0.089,,,,,,,,,,,2,Insulin,2020-01-10 21:25,257
5,"Fri, Jan 10",2020-01-10,Insulin,1290,21:30,2020-01-10 21:30,0.043,,,,,,,,,,,2,Insulin,2020-01-10 21:30,258
5,"Fri, Jan 10",2020-01-10,Insulin,1295,21:35,2020-01-10 21:35,0,,,,,,,,,,,2,Insulin,2020-01-10 21:35,259
5,"Fri, Jan 10",2020-01-10,Insulin,1300,21:40,2020-01-10 21:40,0.104,,,,,,,,,,,2,Insulin,2020-01-10 21:40,260
5,"Fri, Jan 10",2020-01-10,Insulin,1305,21:45,2020-01-10 21:45,0.152,,,,,,,,,,,2,Insulin,2020-01-10 21:45,261
5,"Fri, Jan 10",2020-01-10,Insulin,1310,21:50,2020-01-10 21:50,0.137,,,,,,,,,,,2,Insulin,2020-01-10 21:50,262
5,"Fri, Jan 10",2020-01-10,Insulin,1315,21:55,2020-01-10 21:55,0.398,,,,,,,,,,,2,Insulin,2020-01-10 21:55,263
5,"Fri, Jan 10",2020-01-10,Insulin,1320,22:00,2020-01-10 22:00,0.157,,,,,,,,,,,2,Insulin,2020-01-10 22:00,264
5,"Fri, Jan 10",2020-01-10,Insulin,1325,22:05,2020-01-10 22:05,0.081,,,,,,,,,,,2,Insulin,2020-01-10 22:05,265
5,"Fri, Jan 10",2020-01-10,Insulin,1330,22:10,2020-01-10 22:10,0.208,,,,,,,,,,,2,Insulin,2020-01-10 22:10,266
5,"Fri, Jan 10",2020-01-10,Insulin,1335,22:15,2020-01-10 22:15,0.158,,,,,,,,,,,2,Insulin,2020-01-10 22:15,267
5,"Fri, Jan 10",2020-01-10,Insulin,1340,22:20,2020-01-10 22:20,0.079,,,,,,,,,,,2,Insulin,2020-01-10 22:20,268
5,"Fri, Jan 10",2020-01-10,Insulin,1345,22:25,2020-01-10 22:25,0.089,,,,,,,,,,,2,Insulin,2020-01-10 22:25,269
5,"Fri, Jan 10",2020-01-10,Insulin,1350,22:30,2020-01-10 22:30,0.165,,,,,,,,,,,2,Insulin,2020-01-10 22:30,270
5,"Fri, Jan 10",2020-01-10,Insulin,1355,22:35,2020-01-10 22:35,0.323,,,,,,,,,,,2,Insulin,2020-01-10 22:35,271
5,"Fri, Jan 10",2020-01-10,Insulin,1360,22:40,2020-01-10 22:40,0.056,,,,,,,,,,,2,Insulin,2020-01-10 22:40,272
5,"Fri, Jan 10",2020-01-10,Insulin,1365,22:45,2020-01-10 22:45,0.114,,,,,,,,,,,2,Insulin,2020-01-10 22:45,273
5,"Fri, Jan 10",2020-01-10,Insulin,1370,22:50,2020-01-10 22:50,0.125,,,,,,,,,,,2,Insulin,2020-01-10 22:50,274
5,"Fri, Jan 10",2020-01-10,Insulin,1375,22:55,2020-01-10 22:55,0.175,,,,,,,,,,,2,Insulin,2020-01-10 22:55,275
5,"Fri, Jan 10",2020-01-10,Insulin,1380,23:00,2020-01-10 23:00,0.107,,,,,,,,,,,2,Insulin,2020-01-10 23:00,276
5,"Fri, Jan 10",2020-01-10,Insulin,1385,23:05,2020-01-10 23:05,0.107,,,,,,,,,,,2,Insulin,2020-01-10 23:05,277
5,"Fri, Jan 10",2020-01-10,Insulin,1390,23:10,2020-01-10 23:10,0.079,,,,,,,,,,,2,Insulin,2020-01-10 23:10,278
5,"Fri, Jan 10",2020-01-10,Insulin,1395,23:15,2020-01-10 23:15,0.076,,,,,,,,,,,2,Insulin,2020-01-10 23:15,279
5,"Fri, Jan 10",2020-01-10,Insulin,1400,23:20,2020-01-10 23:20,0.127,,,,,,,,,,,2,Insulin,2020-01-10 23:20,280
5,"Fri, Jan 10",2020-01-10,Insulin,1405,23:25,2020-01-10 23:25,0,,,,,,,,,,,2,Insulin,2020-01-10 23:25,281
5,"Fri, Jan 10",2020-01-10,Insulin,1410,23:30,2020-01-10 23:30,0.061,,,,,,,,,,,2,Insulin,2020-01-10 23:30,282
5,"Fri, Jan 10",2020-01-10,Insulin,1415,23:35,2020-01-10 23:35,0.053,,,,,,,,,,,2,Insulin,2020-01-10 23:35,283
5,"Fri, Jan 10",2020-01-10,Insulin,1420,23:40,2020-01-10 23:40,0.053,,,,,,,,,,,2,Insulin,2020-01-10 23:40,284
5,"Fri, Jan 10",2020-01-10,Insulin,1425,23:45,2020-01-10 23:45,0,,,,,,,,,,,2,Insulin,2020-01-10 23:45,285
5,"Fri, Jan 10",2020-01-10,Insulin,1430,23:50,2020-01-10 23:50,0.053,,,,,,,,,,,2,Insulin,2020-01-10 23:50,286
5,"Fri, Jan 10",2020-01-10,Insulin,1435,23:55,2020-01-10 23:55,0.056,,,,,,,,,,,2,Insulin,2020-01-10 23:55,287
6,"Thu, Jan 9",2020-01-09,CGM,0,00:00,2020-01-09 00:00,153,,,,,,,,,,,1,CGM,2020-01-09 00:02,0
6,"Thu, Jan 9",2020-01-09,CGM,5,00:05,2020-01-09 00:05,156,,,,,,,,,,,1,CGM,2020-01-09 00:07,1
6,"Thu, Jan 9",2020-01-09,CGM,10,00:10,2020-01-09 00:10,154,,,,,,,,,,,1,CGM,2020-01-09 00:12,2
6,"Thu, Jan 9",2020-01-09,CGM,15,00:15,2020-01-09 00:15,152,,,,,,,,,,,1,CGM,2020-01-09 00:17,3
6,"Thu, Jan 9",2020-01-09,CGM,20,00:20,2020-01-09 00:20,152,,,,,,,,,,,1,CGM,2020-01-09 00:22,4
6,"Thu, Jan 9",2020-01-09,CGM,25,00:25,2020-01-09 00:25,153,,,,,,,,,,,1,CGM,2020-01-09 00:27,5
6,"Thu, Jan 9",2020-01-09,CGM,30,00:30,2020-01-09 00:30,156,,,,,,,,,,,1,CGM,2020-01-09 00:32,6
6,"Thu, Jan 9",2020-01-09,CGM,35,00:35,2020-01-09 00:35,156,,,,,,,,,,,1,CGM,2020-01-09 00:37,7
6,"Thu, Jan 9",2020-01-09,CGM,40,00:40,2020-01-09 00:40,152,,,,,,,,,,,1,CGM,2020-01-09 00:42,8
6,"Thu, Jan 9",2020-01-09,CGM,45,00:45,2020-01-09 00:45,150,,,,,,,,,,,1,CGM,2020-01-09 00:47,9
6,"Thu, Jan 9",2020-01-09,CGM,50,00:50,2020-01-09 00:50,150,,,,,,,,,,,1,CGM,2020-01-09 00:52,10
6,"Thu, Jan 9",2020-01-09,CGM,55,00:55,2020-01-09 00:55,147,,,,,,,,,,,1,CGM,2020-01-09 00:57,11
6,"Thu, Jan 9",2020-01-09,CGM,60,01:00,2020-01-09 01:00,141,,,,,,,,,,,1,CGM,2020-01-09 01:02,12
6,"Thu, Jan 9",2020-01-09,CGM,65,01:05,2020-01-09 01:05,138,,,,,,,,,,,1,CGM,2020-01-09 01:07,13
6,"Thu, Jan 9",2020-01-09,CGM,70,01:10,2020-01-09 01:10,134,,,,,,,,,,,1,CGM,2020-01-09 01:12,14
6,"Thu, Jan 9",2020-01-09,CGM,75,01:15,2020-01-09 01:15,131,,,,,,,,,,,1,CGM,2020-01-09 01:17,15
6,"Thu, Jan 9",2020-01-09,CGM,80,01:20,2020-01-09 01:20,126,,,,,,,,,,,1,CGM,2020-01-09 01:22,16
6,"Thu, Jan 9",2020-01-09,CGM,85,01:25,2020-01-09 01:25,122,,,,,,,,,,,1,CGM,2020-01-09 01:27,17
6,"Thu, Jan 9",2020-01-09,CGM,90,01:30,2020-01-09 01:30,118,,,,,,,,,,,1,CGM,2020-01-09 01:32,18
6,"Thu, Jan 9",2020-01-09,CGM,95,01:35,2020-01-09 01:35,114,,,,,,,,,,,1,CGM,2020-01-09 01:37,19
6,"Thu, Jan 9",2020-01-09,CGM,100,01:40,2020-01-09 01:40,110,,,,,,,,,,,1,CGM,2020-01-09 01:42,20
6,"Thu, Jan 9",2020-01-09,CGM,105,01:45,2020-01-09 01:45,108,,,,,,,,,,,1,CGM,2020-01-09 01:47,21
6,"Thu, Jan 9",2020-01-09,CGM,110,01:50,2020-01-09 01:50,103,,,,,,,,,,,1,CGM,2020-01-09 01:52,22
6,"Thu, Jan 9",2020-01-09,CGM,115,01:55,2020-01-09 01:55,99,,,,,,,,,,,1,CGM,2020-01-09 01:57,23
6,"Thu, Jan 9",2020-01-09,CGM,120,02:00,2020-01-09 02:00,95,,,,,,,,,,,1,CGM,2020-01-09 02:02,24
6,"Thu, Jan 9",2020-01-09,CGM,125,02:05,2020-01-09 02:05,84,,,,,,,,,,,1,CGM,2020-01-09 02:07,25
6,"Thu, Jan 9",2020-01-09,CGM,130,02:10,2020-01-09 02:10,86,,,,,,,,,,,1,CGM,2020-01-09 02:12,26
6,"Thu, Jan 9",2020-01-09,CGM,135,02:15,2020-01-09 02:15,87,,,,,,,,,,,1,CGM,2020-01-09 02:17,27
6,"Thu, Jan 9",2020-01-09,CGM,140,02:20,2020-01-09 02:20,91,,,,,,,,,,,1,CGM,2020-01-09 02:22,28
6,"Thu, Jan 9",2020-01-09,CGM,145,02:25,2020-01-09 02:25,109,,,,,,,,,,,1,CGM,2020-01-09 02:27,29
6,"Thu, Jan 9",2020-01-09,CGM,150,02:30,2020-01-09 02:30,127,,,,,,,,,,,1,CGM,2020-01-09 02:32,30
6,"Thu, Jan 9",2020-01-09,CGM,155,02:35,2020-01-09 02:35,142,,,,,,,,,,,1,CGM,2020-01-09 02:37,31
6,"Thu, Jan 9",2020-01-09,CGM,160,02:40,2020-01-09 02:40,151,,,,,,,,,,,1,CGM,2020-01-09 02:42,32
6,"Thu, Jan 9",2020-01-09,CGM,165,02:45,2020-01-09 02:45,158,,,,,,,,,,,1,CGM,2020-01-09 02:47,33
6,"Thu, Jan 9",2020-01-09,CGM,170,02:50,2020-01-09 02:50,161,,,,,,,,,,,1,CGM,2020-01-09 02:52,34
6,"Thu, Jan 9",2020-01-09,CGM,175,02:55,2020-01-09 02:55,163,,,,,,,,,,,1,CGM,2020-01-09 02:57,35
6,"Thu, Jan 9",2020-01-09,CGM,180,03:00,2020-01-09 03:00,165,,,,,,,,,,,1,CGM,2020-01-09 03:02,36
6,"Thu, Jan 9",2020-01-09,CGM,185,03:05,2020-01-09 03:05,169,,,,,,,,,,,1,CGM,2020-01-09 03:07,37
6,"Thu, Jan 9",2020-01-09,CGM,190,03:10,2020-01-09 03:10,170,,,,,,,,,,,1,CGM,2020-01-09 03:12,38
6,"Thu, Jan 9",2020-01-09,CGM,195,03:15,2020-01-09 03:15,173,,,,,,,,,,,1,CGM,2020-01-09 03:17,39
6,"Thu, Jan 9",2020-01-09,CGM,200,03:20,2020-01-09 03:20,175,,,,,,,,,,,1,CGM,2020-01-09 03:22,40
6,"Thu, Jan 9",2020-01-09,CGM,205,03:25,2020-01-09 03:25,174,,,,,,,,,,,1,CGM,2020-01-09 03:27,41
6,"Thu, Jan 9",2020-01-09,CGM,210,03:30,2020-01-09 03:30,168,,,,,,,,,,,1,CGM,2020-01-09 03:32,42
6,"Thu, Jan 9",2020-01-09,CGM,215,03:35,2020-01-09 03:35,167,,,,,,,,,,,1,CGM,2020-01-09 03:37,43
6,"Thu, Jan 9",2020-01-09,CGM,220,03:40,2020-01-09 03:40,164,,,,,,,,,,,1,CGM,2020-01-09 03:42,44
6,"Thu, Jan 9",2020-01-09,CGM,225,03:45,2020-01-09 03:45,158,,,,,,,,,,,1,CGM,2020-01-09 03:47,45
6,"Thu, Jan 9",2020-01-09,CGM,230,03:50,2020-01-09 03:50,159,,,,,,,,,,,1,CGM,2020-01-09 03:52,46
6,"Thu, Jan 9",2020-01-09,CGM,235,03:55,2020-01-09 03:55,156,,,,,,,,,,,1,CGM,2020-01-09 03:57,47
6,"Thu, Jan 9",2020-01-09,CGM,240,04:00,2020-01-09 04:00,154,,,,,,,,,,,1,CGM,2020-01-09 04:02,48
6,"Thu, Jan 9",2020-01-09,CGM,245,04:05,2020-01-09 04:05,151,,,,,,,,,,,1,CGM,2020-01-09 04:07,49
6,"Thu, Jan 9",2020-01-09,CGM,250,04:10,2020-01-09 04:10,148,,,,,,,,,,,1,CGM,2020-01-09 04:12,50
6,"Thu, Jan 9",2020-01-09,CGM,255,04:15,2020-01-09 04:15,147,,,,,,,,,,,1,CGM,2020-01-09 04:17,51
6,"Thu, Jan 9",2020-01-09,CGM,260,04:20,2020-01-09 04:20,142,,,,,,,,,,,1,CGM,2020-01-09 04:22,52
6,"Thu, Jan 9",2020-01-09,CGM,265,04:25,2020-01-09 04:25,140,,,,,,,,,,,1,CGM,2020-01-09 04:27,53
6,"Thu, Jan 9",2020-01-09,CGM,270,04:30,2020-01-09 04:30,135,,,,,,,,,,,1,CGM,2020-01-09 04:32,54
6,"Thu, Jan 9",2020-01-09,CGM,275,04:35,2020-01-09 04:35,132,,,,,,,,,,,1,CGM,2020-01-09 04:37,55
6,"Thu, Jan 9",2020-01-09,CGM,280,04:40,2020-01-09 04:40,126,,,,,,,,,,,1,CGM,2020-01-09 04:42,56
6,"Thu, Jan 9",2020-01-09,CGM,285,04:45,2020-01-09 04:45,121,,,,,,,,,,,1,CGM,2020-01-09 04:47,57
6,"Thu, Jan 9",2020-01-09,CGM,290,04:50,2020-01-09 04:50,118,,,,,,,,,,,1,CGM,2020-01-09 04:52,58
6,"Thu, Jan 9",2020-01-09,CGM,295,04:55,2020-01-09 04:55,112,,,,,,,,,,,1,CGM,2020-01-09 04:57,59
6,"Thu, Jan 9",2020-01-09,CGM,300,05:00,2020-01-09 05:00,109,,,,,,,,,,,1,CGM,2020-01-09 05:02,60
6,"Thu, Jan 9",2020-01-09,CGM,305,05:05,2020-01-09 05:05,105,,,,,,,,,,,1,CGM,2020-01-09 05:07,61
6,"Thu, Jan 9",2020-01-09,CGM,310,05:10,2020-01-09 05:10,102,,,,,,,,,,,1,CGM,2020-01-09 05:12,62
6,"Thu, Jan 9",2020-01-09,CGM,315,05:15,2020-01-09 05:15,97,,,,,,,,,,,1,CGM,2020-01-09 05:17,63
6,"Thu, Jan 9",2020-01-09,CGM,320,05:20,2020-01-09 05:20,97,,,,,,,,,,,1,CGM,2020-01-09 05:22,64
6,"Thu, Jan 9",2020-01-09,CGM,325,05:25,2020-01-09 05:25,91,,,,,,,,,,,1,CGM,2020-01-09 05:27,65
6,"Thu, Jan 9",2020-01-09,CGM,330,05:30,2020-01-09 05:30,89,,,,,,,,,,,1,CGM,2020-01-09 05:32,66
6,"Thu, Jan 9",2020-01-09,CGM,335,05:35,2020-01-09 05:35,85,,,,,,,,,,,1,CGM,2020-01-09 05:37,67
6,"Thu, Jan 9",2020-01-09,CGM,340,05:40,2020-01-09 05:40,78,,,,,,,,,,,1,CGM,2020-01-09 05:42,68
6,"Thu, Jan 9",2020-01-09,CGM,345,05:45,2020-01-09 05:45,81,,,,,,,,,,,1,CGM,2020-01-09 05:47,69
6,"Thu, Jan 9",2020-01-09,CGM,350,05:50,2020-01-09 05:50,76,,,,,,,,,,,1,CGM,2020-01-09 05:52,70
6,"Thu, Jan 9",2020-01-09,CGM,355,05:55,2020-01-09 05:55,68,,,,,,,,,,,1,CGM,2020-01-09 05:57,71
6,"Thu, Jan 9",2020-01-09,CGM,360,06:00,2020-01-09 06:00,64,,,,,,,,,,,1,CGM,2020-01-09 06:02,72
6,"Thu, Jan 9",2020-01-09,CGM,365,06:05,2020-01-09 06:05,61,,,,,,,,,,,1,CGM,2020-01-09 06:07,73
6,"Thu, Jan 9",2020-01-09,CGM,370,06:10,2020-01-09 06:10,53,,,,,,,,,,,1,CGM,2020-01-09 06:12,74
6,"Thu, Jan 9",2020-01-09,CGM,375,06:15,2020-01-09 06:15,53,,,,,,,,,,,1,CGM,2020-01-09 06:17,75
6,"Thu, Jan 9",2020-01-09,CGM,380,06:20,2020-01-09 06:20,55,,,,,,,,,,,1,CGM,2020-01-09 06:22,76
6,"Thu, Jan 9",2020-01-09,CGM,385,06:25,2020-01-09 06:25,63,,,,,,,,,,,1,CGM,2020-01-09 06:27,77
6,"Thu, Jan 9",2020-01-09,CGM,390,06:30,2020-01-09 06:30,67,,,,,,,,,,,1,CGM,2020-01-09 06:32,78
6,"Thu, Jan 9",2020-01-09,CGM,395,06:35,2020-01-09 06:35,68,,,,,,,,,,,1,CGM,2020-01-09 06:37,79
6,"Thu, Jan 9",2020-01-09,CGM,400,06:40,2020-01-09 06:40,76,,,,,,,,,,,1,CGM,2020-01-09 06:42,80
6,"Thu, Jan 9",2020-01-09,CGM,405,06:45,2020-01-09 06:45,85,,,,,,,,,,,1,CGM,2020-01-09 06:47,81
6,"Thu, Jan 9",2020-01-09,CGM,410,06:50,2020-01-09 06:50,105,,,,,,,,,,,1,CGM,2020-01-09 06:52,82
6,"Thu, Jan 9",2020-01-09,CGM,415,06:55,2020-01-09 06:55,139,,,,,,,,,,,1,CGM,2020-01-09 06:57,83
6,"Thu, Jan 9",2020-01-09,CGM,420,07:00,2020-01-09 07:00,186,,,,,,,,,,,1,CGM,2020-01-09 07:02,84
6,"Thu, Jan 9",2020-01-09,CGM,425,07:05,2020-01-09 07:05,212,,,,,,,,,,,1,CGM,2020-01-09 07:07,85
6,"Thu, Jan 9",2020-01-09,CGM,430,07:10,2020-01-09 07:10,207,,,,,,,,,,,1,CGM,2020-01-09 07:12,86
6,"Thu, Jan 9",2020-01-09,CGM,435,07:15,2020-01-09 07:15,209,,,,,,,,,,,1,CGM,2020-01-09 07:17,87
6,"Thu, Jan 9",2020-01-09,CGM,440,07:20,2020-01-09 07:20,232,,,,,,,,,,,1,CGM,2020-01-09 07:22,88
6,"Thu, Jan 9",2020-01-09,CGM,445,07:25,2020-01-09 07:25,252,,,,,,,,,,,1,CGM,2020-01-09 07:27,89
6,"Thu, Jan 9",2020-01-09,CGM,450,07:30,2020-01-09 07:30,282,,,,,,,,,,,1,CGM,2020-01-09 07:32,90
6,"Thu, Jan 9",2020-01-09,CGM,455,07:35,2020-01-09 07:35,312,,,,,,,,,,,1,CGM,2020-01-09 07:37,91
6,"Thu, Jan 9",2020-01-09,CGM,460,07:40,2020-01-09 07:40,319,,,,,,,,,,,1,CGM,2020-01-09 07:42,92
6,"Thu, Jan 9",2020-01-09,CGM,465,07:45,2020-01-09 07:45,333,,,,,,,,,,,1,CGM,2020-01-09 07:47,93
6,"Thu, Jan 9",2020-01-09,CGM,470,07:50,2020-01-09 07:50,353,,,,,,,,,,,1,CGM,2020-01-09 07:52,94
6,"Thu, Jan 9",2020-01-09,CGM,475,07:55,2020-01-09 07:55,359,,,,,,,,,,,1,CGM,2020-01-09 07:57,95
6,"Thu, Jan 9",2020-01-09,CGM,480,08:00,2020-01-09 08:00,367,,,,,,,,,,,1,CGM,2020-01-09 08:02,96
6,"Thu, Jan 9",2020-01-09,CGM,485,08:05,2020-01-09 08:05,374,,,,,,,,,,,1,CGM,2020-01-09 08:07,97
6,"Thu, Jan 9",2020-01-09,CGM,490,08:10,2020-01-09 08:10,377,,,,,,,,,,,1,CGM,2020-01-09 08:12,98
6,"Thu, Jan 9",2020-01-09,CGM,495,08:15,2020-01-09 08:15,383,,,,,,,,,,,1,CGM,2020-01-09 08:17,99
6,"Thu, Jan 9",2020-01-09,CGM,500,08:20,2020-01-09 08:20,379,,,,,,,,,,,1,CGM,2020-01-09 08:22,100
6,"Thu, Jan 9",2020-01-09,CGM,505,08:25,2020-01-09 08:25,371,,,,,,,,,,,1,CGM,2020-01-09 08:27,101
6,"Thu, Jan 9",2020-01-09,CGM,510,08:30,2020-01-09 08:30,363,,,,,,,,,,,1,CGM,2020-01-09 08:32,102
6,"Thu, Jan 9",2020-01-09,CGM,515,08:35,2020-01-09 08:35,351,,,,,,,,,,,1,CGM,2020-01-09 08:37,103
6,"Thu, Jan 9",2020-01-09,CGM,520,08:40,2020-01-09 08:40,331,,,,,,,,,,,1,CGM,2020-01-09 08:42,104
6,"Thu, Jan 9",2020-01-09,CGM,525,08:45,2020-01-09 08:45,308,,,,,,,,,,,1,CGM,2020-01-09 08:47,105
6,"Thu, Jan 9",2020-01-09,CGM,530,08:50,2020-01-09 08:50,288,,,,,,,,,,,1,CGM,2020-01-09 08:52,106
6,"Thu, Jan 9",2020-01-09,CGM,535,08:55,2020-01-09 08:55,275,,,,,,,,,,,1,CGM,2020-01-09 08:57,107
6,"Thu, Jan 9",2020-01-09,CGM,540,09:00,2020-01-09 09:00,248,,,,,,,,,,,1,CGM,2020-01-09 09:02,108
6,"Thu, Jan 9",2020-01-09,CGM,545,09:05,2020-01-09 09:05,221,,,,,,,,,,,1,CGM,2020-01-09 09:07,109
6,"Thu, Jan 9",2020-01-09,CGM,550,09:10,2020-01-09 09:10,197,,,,,,,,,,,1,CGM,2020-01-09 09:12,110
6,"Thu, Jan 9",2020-01-09,CGM,555,09:15,2020-01-09 09:15,166,,,,,,,,,,,1,CGM,2020-01-09 09:17,111
6,"Thu, Jan 9",2020-01-09,CGM,560,09:20,2020-01-09 09:20,154,,,,,,,,,,,1,CGM,2020-01-09 09:22,112
6,"Thu, Jan 9",2020-01-09,CGM,565,09:25,2020-01-09 09:25,152,,,,,,,,,,,1,CGM,2020-01-09 09:27,113
6,"Thu, Jan 9",2020-01-09,CGM,570,09:30,2020-01-09 09:30,142,,,,,,,,,,,1,CGM,2020-01-09 09:32,114
6,"Thu, Jan 9",2020-01-09,CGM,575,09:35,2020-01-09 09:35,138,,,,,,,,,,,1,CGM,2020-01-09 09:37,115
6,"Thu, Jan 9",2020-01-09,CGM,580,09:40,2020-01-09 09:40,127,,,,,,,,,,,1,CGM,2020-01-09 09:42,116
6,"Thu, Jan 9",2020-01-09,CGM,585,09:45,2020-01-09 09:45,114,,,,,,,,,,,1,CGM,2020-01-09 09:47,117
6,"Thu, Jan 9",2020-01-09,CGM,590,09:50,2020-01-09 09:50,105,,,,,,,,,,,1,CGM,2020-01-09 09:52,118
6,"Thu, Jan 9",2020-01-09,CGM,595,09:55,2020-01-09 09:55,89,,,,,,,,,,,1,CGM,2020-01-09 09:57,119
6,"Thu, Jan 9",2020-01-09,CGM,600,10:00,2020-01-09 10:00,84,,,,,,,,,,,1,CGM,2020-01-09 10:02,120
6,"Thu, Jan 9",2020-01-09,CGM,605,10:05,2020-01-09 10:05,79,,,,,,,,,,,1,CGM,2020-01-09 10:07,121
6,"Thu, Jan 9",2020-01-09,CGM,610,10:10,2020-01-09 10:10,68,,,,,,,,,,,1,CGM,2020-01-09 10:12,122
6,"Thu, Jan 9",2020-01-09,CGM,615,10:15,2020-01-09 10:15,66,,,,,,,,,,,1,CGM,2020-01-09 10:17,123
6,"Thu, Jan 9",2020-01-09,CGM,620,10:20,2020-01-09 10:20,65,,,,,,,,,,,1,CGM,2020-01-09 10:22,124
6,"Thu, Jan 9",2020-01-09,CGM,625,10:25,2020-01-09 10:25,70,,,,,,,,,,,1,CGM,2020-01-09 10:27,125
6,"Thu, Jan 9",2020-01-09,CGM,630,10:30,2020-01-09 10:30,89,,,,,,,,,,,1,CGM,2020-01-09 10:32,126
6,"Thu, Jan 9",2020-01-09,CGM,635,10:35,2020-01-09 10:35,116,,,,,,,,,,,1,CGM,2020-01-09 10:37,127
6,"Thu, Jan 9",2020-01-09,CGM,640,10:40,2020-01-09 10:40,128,,,,,,,,,,,1,CGM,2020-01-09 10:42,128
6,"Thu, Jan 9",2020-01-09,CGM,645,10:45,2020-01-09 10:45,117,,,,,,,,,,,1,CGM,2020-01-09 10:47,129
6,"Thu, Jan 9",2020-01-09,CGM,650,10:50,2020-01-09 10:50,118,,,,,,,,,,,1,CGM,2020-01-09 10:52,130
6,"Thu, Jan 9",2020-01-09,CGM,655,10:55,2020-01-09 10:55,134,,,,,,,,,,,1,CGM,2020-01-09 10:57,131
6,"Thu, Jan 9",2020-01-09,CGM,660,11:00,2020-01-09 11:00,157,,,,,,,,,,,1,CGM,2020-01-09 11:02,132
6,"Thu, Jan 9",2020-01-09,CGM,665,11:05,2020-01-09 11:05,162,,,,,,,,,,,1,CGM,2020-01-09 11:07,133
6,"Thu, Jan 9",2020-01-09,CGM,670,11:10,2020-01-09 11:10,162,,,,,,,,,,,1,CGM,2020-01-09 11:12,134
6,"Thu, Jan 9",2020-01-09,CGM,675,11:15,2020-01-09 11:15,162,,,,,,,,,,,1,CGM,2020-01-09 11:17,135
6,"Thu, Jan 9",2020-01-09,CGM,680,11:20,2020-01-09 11:20,175,,,,,,,,,,,1,CGM,2020-01-09 11:22,136
6,"Thu, Jan 9",2020-01-09,CGM,685,11:25,2020-01-09 11:25,188,,,,,,,,,,,1,CGM,2020-01-09 11:27,137
6,"Thu, Jan 9",2020-01-09,CGM,695,11:35,2020-01-09 11:35,190,,,,,,,,,,,1,CGM,2020-01-09 11:35,138
6,"Thu, Jan 9",2020-01-09,CGM,700,11:40,2020-01-09 11:40,185,,,,,,,,,,,1,CGM,2020-01-09 11:40,139
6,"Thu, Jan 9",2020-01-09,CGM,705,11:45,2020-01-09 11:45,180,,,,,,,,,,,1,CGM,2020-01-09 11:45,140
6,"Thu, Jan 9",2020-01-09,CGM,710,11:50,2020-01-09 11:50,180,,,,,,,,,,,1,CGM,2020-01-09 11:50,141
6,"Thu, Jan 9",2020-01-09,CGM,715,11:55,2020-01-09 11:55,176,,,,,,,,,,,1,CGM,2020-01-09 11:55,142
6,"Thu, Jan 9",2020-01-09,CGM,720,12:00,2020-01-09 12:00,171,,,,,,,,,,,1,CGM,2020-01-09 12:00,143
6,"Thu, Jan 9",2020-01-09,CGM,725,12:05,2020-01-09 12:05,162,,,,,,,,,,,1,CGM,2020-01-09 12:05,144
6,"Thu, Jan 9",2020-01-09,CGM,730,12:10,2020-01-09 12:10,161,,,,,,,,,,,1,CGM,2020-01-09 12:10,145
6,"Thu, Jan 9",2020-01-09,CGM,735,12:15,2020-01-09 12:15,137,,,,,,,,,,,1,CGM,2020-01-09 12:15,146
6,"Thu, Jan 9",2020-01-09,CGM,740,12:20,2020-01-09 12:20,129,,,,,,,,,,,1,CGM,2020-01-09 12:20,147
6,"Thu, Jan 9",2020-01-09,CGM,745,12:25,2020-01-09 12:25,126,,,,,,,,,,,1,CGM,2020-01-09 12:25,148
6,"Thu, Jan 9",2020-01-09,CGM,750,12:30,2020-01-09 12:30,133,,,,,,,,,,,1,CGM,2020-01-09 12:30,149
6,"Thu, Jan 9",2020-01-09,CGM,755,12:35,2020-01-09 12:35,125,,,,,,,,,,,1,CGM,2020-01-09 12:35,150
6,"Thu, Jan 9",2020-01-09,CGM,760,12:40,2020-01-09 12:40,112,,,,,,,,,,,1,CGM,2020-01-09 12:40,151
6,"Thu, Jan 9",2020-01-09,CGM,765,12:45,2020-01-09 12:45,116,,,,,,,,,,,1,CGM,2020-01-09 12:45,152
6,"Thu, Jan 9",2020-01-09,CGM,770,12:50,2020-01-09 12:50,127,,,,,,,,,,,1,CGM,2020-01-09 12:50,153
6,"Thu, Jan 9",2020-01-09,CGM,775,12:55,2020-01-09 12:55,118,,,,,,,,,,,1,CGM,2020-01-09 12:55,154
6,"Thu, Jan 9",2020-01-09,CGM,780,13:00,2020-01-09 13:00,102,,,,,,,,,,,1,CGM,2020-01-09 13:00,155
6,"Thu, Jan 9",2020-01-09,CGM,785,13:05,2020-01-09 13:05,98,,,,,,,,,,,1,CGM,2020-01-09 13:05,156
6,"Thu, Jan 9",2020-01-09,CGM,790,13:10,2020-01-09 13:10,97,,,,,,,,,,,1,CGM,2020-01-09 13:10,157
6,"Thu, Jan 9",2020-01-09,CGM,795,13:15,2020-01-09 13:15,97,,,,,,,,,,,1,CGM,2020-01-09 13:15,158
6,"Thu, Jan 9",2020-01-09,CGM,800,13:20,2020-01-09 13:20,92,,,,,,,,,,,1,CGM,2020-01-09 13:20,159
6,"Thu, Jan 9",2020-01-09,CGM,805,13:25,2020-01-09 13:25,91,,,,,,,,,,,1,CGM,2020-01-09 13:25,160
6,"Thu, Jan 9",2020-01-09,CGM,810,13:30,2020-01-09 13:30,94,,,,,,,,,,,1,CGM,2020-01-09 13:30,161
6,"Thu, Jan 9",2020-01-09,CGM,815,13:35,2020-01-09 13:35,98,,,,,,,,,,,1,CGM,2020-01-09 13:35,162
6,"Thu, Jan 9",2020-01-09,CGM,820,13:40,2020-01-09 13:40,100,,,,,,,,,,,1,CGM,2020-01-09 13:40,163
6,"Thu, Jan 9",2020-01-09,CGM,825,13:45,2020-01-09 13:45,106,,,,,,,,,,,1,CGM,2020-01-09 13:45,164
6,"Thu, Jan 9",2020-01-09,CGM,830,13:50,2020-01-09 13:50,112,,,,,,,,,,,1,CGM,2020-01-09 13:50,165
6,"Thu, Jan 9",2020-01-09,CGM,835,13:55,2020-01-09 13:55,115,,,,,,,,,,,1,CGM,2020-01-09 13:55,166
6,"Thu, Jan 9",2020-01-09,CGM,840,14:00,2020-01-09 14:00,124,,,,,,,,,,,1,CGM,2020-01-09 14:00,167
6,"Thu, Jan 9",2020-01-09,CGM,845,14:05,2020-01-09 14:05,148,,,,,,,,,,,1,CGM,2020-01-09 14:05,168
6,"Thu, Jan 9",2020-01-09,CGM,850,14:10,2020-01-09 14:10,178,,,,,,,,,,,1,CGM,2020-01-09 14:10,169
6,"Thu, Jan 9",2020-01-09,CGM,855,14:15,2020-01-09 14:15,170,,,,,,,,,,,1,CGM,2020-01-09 14:15,170
6,"Thu, Jan 9",2020-01-09,CGM,860,14:20,2020-01-09 14:20,175,,,,,,,,,,,1,CGM,2020-01-09 14:20,171
6,"Thu, Jan 9",2020-01-09,CGM,865,14:25,2020-01-09 14:25,183,,,,,,,,,,,1,CGM,2020-01-09 14:25,172
6,"Thu, Jan 9",2020-01-09,CGM,870,14:30,2020-01-09 14:30,199,,,,,,,,,,,1,CGM,2020-01-09 14:30,173
6,"Thu, Jan 9",2020-01-09,CGM,875,14:35,2020-01-09 14:35,224,,,,,,,,,,,1,CGM,2020-01-09 14:35,174
6,"Thu, Jan 9",2020-01-09,CGM,880,14:40,2020-01-09 14:40,238,,,,,,,,,,,1,CGM,2020-01-09 14:40,175
6,"Thu, Jan 9",2020-01-09,CGM,885,14:45,2020-01-09 14:45,228,,,,,,,,,,,1,CGM,2020-01-09 14:45,176
6,"Thu, Jan 9",2020-01-09,CGM,890,14:50,2020-01-09 14:50,234,,,,,,,,,,,1,CGM,2020-01-09 14:50,177
6,"Thu, Jan 9",2020-01-09,CGM,895,14:55,2020-01-09 14:55,266,,,,,,,,,,,1,CGM,2020-01-09 14:55,178
6,"Thu, Jan 9",2020-01-09,CGM,900,15:00,2020-01-09 15:00,309,,,,,,,,,,,1,CGM,2020-01-09 15:00,179
6,"Thu, Jan 9",2020-01-09,CGM,905,15:05,2020-01-09 15:05,308,,,,,,,,,,,1,CGM,2020-01-09 15:05,180
6,"Thu, Jan 9",2020-01-09,CGM,910,15:10,2020-01-09 15:10,300,,,,,,,,,,,1,CGM,2020-01-09 15:10,181
6,"Thu, Jan 9",2020-01-09,CGM,915,15:15,2020-01-09 15:15,319,,,,,,,,,,,1,CGM,2020-01-09 15:15,182
6,"Thu, Jan 9",2020-01-09,CGM,920,15:20,2020-01-09 15:20,333,,,,,,,,,,,1,CGM,2020-01-09 15:20,183
6,"Thu, Jan 9",2020-01-09,CGM,925,15:25,2020-01-09 15:25,359,,,,,,,,,,,1,CGM,2020-01-09 15:25,184
6,"Thu, Jan 9",2020-01-09,CGM,930,15:30,2020-01-09 15:30,384,,,,,,,,,,,1,CGM,2020-01-09 15:30,185
6,"Thu, Jan 9",2020-01-09,CGM,935,15:35,2020-01-09 15:35,388,,,,,,,,,,,1,CGM,2020-01-09 15:35,186
6,"Thu, Jan 9",2020-01-09,CGM,940,15:40,2020-01-09 15:40,379,,,,,,,,,,,1,CGM,2020-01-09 15:40,187
6,"Thu, Jan 9",2020-01-09,CGM,945,15:45,2020-01-09 15:45,393,,,,,,,,,,,1,CGM,2020-01-09 15:45,188
6,"Thu, Jan 9",2020-01-09,CGM,950,15:50,2020-01-09 15:50,401,,,,,,,,,,,1,CGM,2020-01-09 15:50,189
6,"Thu, Jan 9",2020-01-09,CGM,955,15:55,2020-01-09 15:55,401,,,,,,,,,,,1,CGM,2020-01-09 15:55,190
6,"Thu, Jan 9",2020-01-09,CGM,960,16:00,2020-01-09 16:00,401,,,,,,,,,,,1,CGM,2020-01-09 16:00,191
6,"Thu, Jan 9",2020-01-09,CGM,965,16:05,2020-01-09 16:05,401,,,,,,,,,,,1,CGM,2020-01-09 16:05,192
6,"Thu, Jan 9",2020-01-09,CGM,970,16:10,2020-01-09 16:10,401,,,,,,,,,,,1,CGM,2020-01-09 16:10,193
6,"Thu, Jan 9",2020-01-09,CGM,975,16:15,2020-01-09 16:15,401,,,,,,,,,,,1,CGM,2020-01-09 16:15,194
6,"Thu, Jan 9",2020-01-09,CGM,980,16:20,2020-01-09 16:20,401,,,,,,,,,,,1,CGM,2020-01-09 16:20,195
6,"Thu, Jan 9",2020-01-09,CGM,985,16:25,2020-01-09 16:25,401,,,,,,,,,,,1,CGM,2020-01-09 16:25,196
6,"Thu, Jan 9",2020-01-09,CGM,990,16:30,2020-01-09 16:30,401,,,,,,,,,,,1,CGM,2020-01-09 16:30,197
6,"Thu, Jan 9",2020-01-09,CGM,995,16:35,2020-01-09 16:35,401,,,,,,,,,,,1,CGM,2020-01-09 16:35,198
6,"Thu, Jan 9",2020-01-09,CGM,1000,16:40,2020-01-09 16:40,401,,,,,,,,,,,1,CGM,2020-01-09 16:40,199
6,"Thu, Jan 9",2020-01-09,CGM,1005,16:45,2020-01-09 16:45,401,,,,,,,,,,,1,CGM,2020-01-09 16:45,200
6,"Thu, Jan 9",2020-01-09,CGM,1010,16:50,2020-01-09 16:50,401,,,,,,,,,,,1,CGM,2020-01-09 16:50,201
6,"Thu, Jan 9",2020-01-09,CGM,1015,16:55,2020-01-09 16:55,401,,,,,,,,,,,1,CGM,2020-01-09 16:55,202
6,"Thu, Jan 9",2020-01-09,CGM,1020,17:00,2020-01-09 17:00,401,,,,,,,,,,,1,CGM,2020-01-09 17:00,203
6,"Thu, Jan 9",2020-01-09,CGM,1025,17:05,2020-01-09 17:05,401,,,,,,,,,,,1,CGM,2020-01-09 17:05,204
6,"Thu, Jan 9",2020-01-09,CGM,1030,17:10,2020-01-09 17:10,401,,,,,,,,,,,1,CGM,2020-01-09 17:10,205
6,"Thu, Jan 9",2020-01-09,CGM,1035,17:15,2020-01-09 17:15,401,,,,,,,,,,,1,CGM,2020-01-09 17:15,206
6,"Thu, Jan 9",2020-01-09,CGM,1035,17:15,2020-01-09 17:15,401,,,,,,,,,,,1,CGM,2020-01-09 17:19,207
6,"Thu, Jan 9",2020-01-09,CGM,1045,17:25,2020-01-09 17:25,401,,,,,,,,,,,1,CGM,2020-01-09 17:25,208
6,"Thu, Jan 9",2020-01-09,CGM,1050,17:30,2020-01-09 17:30,401,,,,,,,,,,,1,CGM,2020-01-09 17:30,209
6,"Thu, Jan 9",2020-01-09,CGM,1055,17:35,2020-01-09 17:35,401,,,,,,,,,,,1,CGM,2020-01-09 17:35,210
6,"Thu, Jan 9",2020-01-09,CGM,1060,17:40,2020-01-09 17:40,401,,,,,,,,,,,1,CGM,2020-01-09 17:40,211
6,"Thu, Jan 9",2020-01-09,CGM,1065,17:45,2020-01-09 17:45,401,,,,,,,,,,,1,CGM,2020-01-09 17:45,212
6,"Thu, Jan 9",2020-01-09,CGM,1070,17:50,2020-01-09 17:50,401,,,,,,,,,,,1,CGM,2020-01-09 17:50,213
6,"Thu, Jan 9",2020-01-09,CGM,1075,17:55,2020-01-09 17:55,401,,,,,,,,,,,1,CGM,2020-01-09 17:55,214
6,"Thu, Jan 9",2020-01-09,CGM,1080,18:00,2020-01-09 18:00,401,,,,,,,,,,,1,CGM,2020-01-09 18:00,215
6,"Thu, Jan 9",2020-01-09,CGM,1085,18:05,2020-01-09 18:05,401,,,,,,,,,,,1,CGM,2020-01-09 18:05,216
6,"Thu, Jan 9",2020-01-09,CGM,1090,18:10,2020-01-09 18:10,401,,,,,,,,,,,1,CGM,2020-01-09 18:10,217
6,"Thu, Jan 9",2020-01-09,CGM,1095,18:15,2020-01-09 18:15,401,,,,,,,,,,,1,CGM,2020-01-09 18:15,218
6,"Thu, Jan 9",2020-01-09,CGM,1100,18:20,2020-01-09 18:20,401,,,,,,,,,,,1,CGM,2020-01-09 18:20,219
6,"Thu, Jan 9",2020-01-09,CGM,1105,18:25,2020-01-09 18:25,401,,,,,,,,,,,1,CGM,2020-01-09 18:25,220
6,"Thu, Jan 9",2020-01-09,CGM,1110,18:30,2020-01-09 18:30,401,,,,,,,,,,,1,CGM,2020-01-09 18:30,221
6,"Thu, Jan 9",2020-01-09,CGM,1115,18:35,2020-01-09 18:35,401,,,,,,,,,,,1,CGM,2020-01-09 18:35,222
6,"Thu, Jan 9",2020-01-09,CGM,1120,18:40,2020-01-09 18:40,401,,,,,,,,,,,1,CGM,2020-01-09 18:40,223
6,"Thu, Jan 9",2020-01-09,CGM,1125,18:45,2020-01-09 18:45,401,,,,,,,,,,,1,CGM,2020-01-09 18:45,224
6,"Thu, Jan 9",2020-01-09,CGM,1130,18:50,2020-01-09 18:50,401,,,,,,,,,,,1,CGM,2020-01-09 18:50,225
6,"Thu, Jan 9",2020-01-09,CGM,1135,18:55,2020-01-09 18:55,401,,,,,,,,,,,1,CGM,2020-01-09 18:55,226
6,"Thu, Jan 9",2020-01-09,CGM,1140,19:00,2020-01-09 19:00,401,,,,,,,,,,,1,CGM,2020-01-09 19:00,227
6,"Thu, Jan 9",2020-01-09,CGM,1145,19:05,2020-01-09 19:05,401,,,,,,,,,,,1,CGM,2020-01-09 19:05,228
6,"Thu, Jan 9",2020-01-09,CGM,1150,19:10,2020-01-09 19:10,401,,,,,,,,,,,1,CGM,2020-01-09 19:10,229
6,"Thu, Jan 9",2020-01-09,CGM,1155,19:15,2020-01-09 19:15,401,,,,,,,,,,,1,CGM,2020-01-09 19:15,230
6,"Thu, Jan 9",2020-01-09,CGM,1160,19:20,2020-01-09 19:20,401,,,,,,,,,,,1,CGM,2020-01-09 19:20,231
6,"Thu, Jan 9",2020-01-09,CGM,1165,19:25,2020-01-09 19:25,401,,,,,,,,,,,1,CGM,2020-01-09 19:25,232
6,"Thu, Jan 9",2020-01-09,CGM,1170,19:30,2020-01-09 19:30,401,,,,,,,,,,,1,CGM,2020-01-09 19:30,233
6,"Thu, Jan 9",2020-01-09,CGM,1175,19:35,2020-01-09 19:35,401,,,,,,,,,,,1,CGM,2020-01-09 19:35,234
6,"Thu, Jan 9",2020-01-09,CGM,1180,19:40,2020-01-09 19:40,401,,,,,,,,,,,1,CGM,2020-01-09 19:40,235
6,"Thu, Jan 9",2020-01-09,CGM,1185,19:45,2020-01-09 19:45,401,,,,,,,,,,,1,CGM,2020-01-09 19:45,236
6,"Thu, Jan 9",2020-01-09,CGM,1190,19:50,2020-01-09 19:50,401,,,,,,,,,,,1,CGM,2020-01-09 19:50,237
6,"Thu, Jan 9",2020-01-09,CGM,1195,19:55,2020-01-09 19:55,401,,,,,,,,,,,1,CGM,2020-01-09 19:55,238
6,"Thu, Jan 9",2020-01-09,CGM,1200,20:00,2020-01-09 20:00,401,,,,,,,,,,,1,CGM,2020-01-09 20:00,239
6,"Thu, Jan 9",2020-01-09,CGM,1205,20:05,2020-01-09 20:05,390,,,,,,,,,,,1,CGM,2020-01-09 20:05,240
6,"Thu, Jan 9",2020-01-09,CGM,1210,20:10,2020-01-09 20:10,373,,,,,,,,,,,1,CGM,2020-01-09 20:10,241
6,"Thu, Jan 9",2020-01-09,CGM,1215,20:15,2020-01-09 20:15,385,,,,,,,,,,,1,CGM,2020-01-09 20:15,242
6,"Thu, Jan 9",2020-01-09,CGM,1220,20:20,2020-01-09 20:20,372,,,,,,,,,,,1,CGM,2020-01-09 20:20,243
6,"Thu, Jan 9",2020-01-09,CGM,1225,20:25,2020-01-09 20:25,338,,,,,,,,,,,1,CGM,2020-01-09 20:25,244
6,"Thu, Jan 9",2020-01-09,CGM,1230,20:30,2020-01-09 20:30,303,,,,,,,,,,,1,CGM,2020-01-09 20:30,245
6,"Thu, Jan 9",2020-01-09,CGM,1235,20:35,2020-01-09 20:35,280,,,,,,,,,,,1,CGM,2020-01-09 20:35,246
6,"Thu, Jan 9",2020-01-09,CGM,1240,20:40,2020-01-09 20:40,264,,,,,,,,,,,1,CGM,2020-01-09 20:40,247
6,"Thu, Jan 9",2020-01-09,CGM,1245,20:45,2020-01-09 20:45,242,,,,,,,,,,,1,CGM,2020-01-09 20:45,248
6,"Thu, Jan 9",2020-01-09,CGM,1250,20:50,2020-01-09 20:50,219,,,,,,,,,,,1,CGM,2020-01-09 20:50,249
6,"Thu, Jan 9",2020-01-09,CGM,1255,20:55,2020-01-09 20:55,204,,,,,,,,,,,1,CGM,2020-01-09 20:55,250
6,"Thu, Jan 9",2020-01-09,CGM,1260,21:00,2020-01-09 21:00,192,,,,,,,,,,,1,CGM,2020-01-09 21:00,251
6,"Thu, Jan 9",2020-01-09,CGM,1265,21:05,2020-01-09 21:05,175,,,,,,,,,,,1,CGM,2020-01-09 21:05,252
6,"Thu, Jan 9",2020-01-09,CGM,1270,21:10,2020-01-09 21:10,156,,,,,,,,,,,1,CGM,2020-01-09 21:10,253
6,"Thu, Jan 9",2020-01-09,CGM,1275,21:15,2020-01-09 21:15,147,,,,,,,,,,,1,CGM,2020-01-09 21:15,254
6,"Thu, Jan 9",2020-01-09,CGM,1280,21:20,2020-01-09 21:20,132,,,,,,,,,,,1,CGM,2020-01-09 21:20,255
6,"Thu, Jan 9",2020-01-09,CGM,1285,21:25,2020-01-09 21:25,117,,,,,,,,,,,1,CGM,2020-01-09 21:25,256
6,"Thu, Jan 9",2020-01-09,CGM,1290,21:30,2020-01-09 21:30,109,,,,,,,,,,,1,CGM,2020-01-09 21:30,257
6,"Thu, Jan 9",2020-01-09,CGM,1295,21:35,2020-01-09 21:35,100,,,,,,,,,,,1,CGM,2020-01-09 21:35,258
6,"Thu, Jan 9",2020-01-09,CGM,1300,21:40,2020-01-09 21:40,90,,,,,,,,,,,1,CGM,2020-01-09 21:40,259
6,"Thu, Jan 9",2020-01-09,CGM,1305,21:45,2020-01-09 21:45,86,,,,,,,,,,,1,CGM,2020-01-09 21:45,260
6,"Thu, Jan 9",2020-01-09,CGM,1310,21:50,2020-01-09 21:50,86,,,,,,,,,,,1,CGM,2020-01-09 21:50,261
6,"Thu, Jan 9",2020-01-09,CGM,1315,21:55,2020-01-09 21:55,87,,,,,,,,,,,1,CGM,2020-01-09 21:55,262
6,"Thu, Jan 9",2020-01-09,CGM,1320,22:00,2020-01-09 22:00,86,,,,,,,,,,,1,CGM,2020-01-09 22:00,263
6,"Thu, Jan 9",2020-01-09,CGM,1325,22:05,2020-01-09 22:05,85,,,,,,,,,,,1,CGM,2020-01-09 22:05,264
6,"Thu, Jan 9",2020-01-09,CGM,1330,22:10,2020-01-09 22:10,88,,,,,,,,,,,1,CGM,2020-01-09 22:10,265
6,"Thu, Jan 9",2020-01-09,CGM,1335,22:15,2020-01-09 22:15,95,,,,,,,,,,,1,CGM,2020-01-09 22:15,266
6,"Thu, Jan 9",2020-01-09,CGM,1340,22:20,2020-01-09 22:20,110,,,,,,,,,,,1,CGM,2020-01-09 22:20,267
6,"Thu, Jan 9",2020-01-09,CGM,1345,22:25,2020-01-09 22:25,114,,,,,,,,,,,1,CGM,2020-01-09 22:25,268
6,"Thu, Jan 9",2020-01-09,CGM,1350,22:30,2020-01-09 22:30,117,,,,,,,,,,,1,CGM,2020-01-09 22:30,269
6,"Thu, Jan 9",2020-01-09,CGM,1355,22:35,2020-01-09 22:35,122,,,,,,,,,,,1,CGM,2020-01-09 22:35,270
6,"Thu, Jan 9",2020-01-09,CGM,1360,22:40,2020-01-09 22:40,127,,,,,,,,,,,1,CGM,2020-01-09 22:40,271
6,"Thu, Jan 9",2020-01-09,CGM,1365,22:45,2020-01-09 22:45,129,,,,,,,,,,,1,CGM,2020-01-09 22:45,272
6,"Thu, Jan 9",2020-01-09,CGM,1370,22:50,2020-01-09 22:50,133,,,,,,,,,,,1,CGM,2020-01-09 22:50,273
6,"Thu, Jan 9",2020-01-09,CGM,1375,22:55,2020-01-09 22:55,147,,,,,,,,,,,1,CGM,2020-01-09 22:55,274
6,"Thu, Jan 9",2020-01-09,CGM,1380,23:00,2020-01-09 23:00,146,,,,,,,,,,,1,CGM,2020-01-09 23:00,275
6,"Thu, Jan 9",2020-01-09,CGM,1385,23:05,2020-01-09 23:05,138,,,,,,,,,,,1,CGM,2020-01-09 23:05,276
6,"Thu, Jan 9",2020-01-09,CGM,1390,23:10,2020-01-09 23:10,133,,,,,,,,,,,1,CGM,2020-01-09 23:10,277
6,"Thu, Jan 9",2020-01-09,CGM,1395,23:15,2020-01-09 23:15,132,,,,,,,,,,,1,CGM,2020-01-09 23:15,278
6,"Thu, Jan 9",2020-01-09,CGM,1400,23:20,2020-01-09 23:20,129,,,,,,,,,,,1,CGM,2020-01-09 23:20,279
6,"Thu, Jan 9",2020-01-09,CGM,1405,23:25,2020-01-09 23:25,140,,,,,,,,,,,1,CGM,2020-01-09 23:25,280
6,"Thu, Jan 9",2020-01-09,CGM,1410,23:30,2020-01-09 23:30,141,,,,,,,,,,,1,CGM,2020-01-09 23:30,281
6,"Thu, Jan 9",2020-01-09,CGM,1415,23:35,2020-01-09 23:35,136,,,,,,,,,,,1,CGM,2020-01-09 23:35,282
6,"Thu, Jan 9",2020-01-09,CGM,1420,23:40,2020-01-09 23:40,139,,,,,,,,,,,1,CGM,2020-01-09 23:40,283
6,"Thu, Jan 9",2020-01-09,CGM,1425,23:45,2020-01-09 23:45,142,,,,,,,,,,,1,CGM,2020-01-09 23:45,284
6,"Thu, Jan 9",2020-01-09,CGM,1430,23:50,2020-01-09 23:50,145,,,,,,,,,,,1,CGM,2020-01-09 23:50,285
6,"Thu, Jan 9",2020-01-09,CGM,1435,23:55,2020-01-09 23:55,153,,,,,,,,,,,1,CGM,2020-01-09 23:55,286
6,"Thu, Jan 9",2020-01-09,Insulin,0,00:00,2020-01-09 00:00,0.097,,,,,,,,,,,2,Insulin,2020-01-09 00:02,0
6,"Thu, Jan 9",2020-01-09,Insulin,5,00:05,2020-01-09 00:05,0.122,,,,,,,,,,,2,Insulin,2020-01-09 00:07,1
6,"Thu, Jan 9",2020-01-09,Insulin,10,00:10,2020-01-09 00:10,0.127,,,,,,,,,,,2,Insulin,2020-01-09 00:12,2
6,"Thu, Jan 9",2020-01-09,Insulin,15,00:15,2020-01-09 00:15,0.102,,,,,,,,,,,2,Insulin,2020-01-09 00:17,3
6,"Thu, Jan 9",2020-01-09,Insulin,20,00:20,2020-01-09 00:20,0.104,,,,,,,,,,,2,Insulin,2020-01-09 00:22,4
6,"Thu, Jan 9",2020-01-09,Insulin,25,00:25,2020-01-09 00:25,0.158,,,,,,,,,,,2,Insulin,2020-01-09 00:27,5
6,"Thu, Jan 9",2020-01-09,Insulin,30,00:30,2020-01-09 00:30,0.145,,,,,,,,,,,2,Insulin,2020-01-09 00:32,6
6,"Thu, Jan 9",2020-01-09,Insulin,35,00:35,2020-01-09 00:35,0.381,,,,,,,,,,,2,Insulin,2020-01-09 00:37,7
6,"Thu, Jan 9",2020-01-09,Insulin,40,00:40,2020-01-09 00:40,0.183,,,,,,,,,,,2,Insulin,2020-01-09 00:42,8
6,"Thu, Jan 9",2020-01-09,Insulin,45,00:45,2020-01-09 00:45,0.084,,,,,,,,,,,2,Insulin,2020-01-09 00:47,9
6,"Thu, Jan 9",2020-01-09,Insulin,50,00:50,2020-01-09 00:50,0.114,,,,,,,,,,,2,Insulin,2020-01-09 00:52,10
6,"Thu, Jan 9",2020-01-09,Insulin,55,00:55,2020-01-09 00:55,0.145,,,,,,,,,,,2,Insulin,2020-01-09 00:57,11
6,"Thu, Jan 9",2020-01-09,Insulin,60,01:00,2020-01-09 01:00,0.089,,,,,,,,,,,2,Insulin,2020-01-09 01:02,12
6,"Thu, Jan 9",2020-01-09,Insulin,65,01:05,2020-01-09 01:05,0.056,,,,,,,,,,,2,Insulin,2020-01-09 01:07,13
6,"Thu, Jan 9",2020-01-09,Insulin,70,01:10,2020-01-09 01:10,0.089,,,,,,,,,,,2,Insulin,2020-01-09 01:12,14
6,"Thu, Jan 9",2020-01-09,Insulin,75,01:15,2020-01-09 01:15,0.079,,,,,,,,,,,2,Insulin,2020-01-09 01:17,15
6,"Thu, Jan 9",2020-01-09,Insulin,80,01:20,2020-01-09 01:20,0.088,,,,,,,,,,,2,Insulin,2020-01-09 01:22,16
6,"Thu, Jan 9",2020-01-09,Insulin,85,01:25,2020-01-09 01:25,0.052,,,,,,,,,,,2,Insulin,2020-01-09 01:27,17
6,"Thu, Jan 9",2020-01-09,Insulin,90,01:30,2020-01-09 01:30,0.074,,,,,,,,,,,2,Insulin,2020-01-09 01:32,18
6,"Thu, Jan 9",2020-01-09,Insulin,95,01:35,2020-01-09 01:35,0.061,,,,,,,,,,,2,Insulin,2020-01-09 01:37,19
6,"Thu, Jan 9",2020-01-09,Insulin,100,01:40,2020-01-09 01:40,0.066,,,,,,,,,,,2,Insulin,2020-01-09 01:42,20
6,"Thu, Jan 9",2020-01-09,Insulin,105,01:45,2020-01-09 01:45,0.061,,,,,,,,,,,2,Insulin,2020-01-09 01:47,21
6,"Thu, Jan 9",2020-01-09,Insulin,110,01:50,2020-01-09 01:50,0.081,,,,,,,,,,,2,Insulin,2020-01-09 01:52,22
6,"Thu, Jan 9",2020-01-09,Insulin,115,01:55,2020-01-09 01:55,0,,,,,,,,,,,2,Insulin,2020-01-09 01:57,23
6,"Thu, Jan 9",2020-01-09,Insulin,120,02:00,2020-01-09 02:00,0,,,,,,,,,,,2,Insulin,2020-01-09 02:02,24
6,"Thu, Jan 9",2020-01-09,Insulin,125,02:05,2020-01-09 02:05,0,,,,,,,,,,,2,Insulin,2020-01-09 02:07,25
6,"Thu, Jan 9",2020-01-09,Insulin,130,02:10,2020-01-09 02:10,0,,,,,,,,,,,2,Insulin,2020-01-09 02:12,26
6,"Thu, Jan 9",2020-01-09,Insulin,135,02:15,2020-01-09 02:15,0.071,,,,,,,,,,,2,Insulin,2020-01-09 02:17,27
6,"Thu, Jan 9",2020-01-09,Insulin,140,02:20,2020-01-09 02:20,0.071,,,,,,,,,,,2,Insulin,2020-01-09 02:22,28
6,"Thu, Jan 9",2020-01-09,Insulin,145,02:25,2020-01-09 02:25,0.074,,,,,,,,,,,2,Insulin,2020-01-09 02:27,29
6,"Thu, Jan 9",2020-01-09,Insulin,150,02:30,2020-01-09 02:30,0.086,,,,,,,,,,,2,Insulin,2020-01-09 02:32,30
6,"Thu, Jan 9",2020-01-09,Insulin,155,02:35,2020-01-09 02:35,0.292,,,,,,,,,,,2,Insulin,2020-01-09 02:37,31
6,"Thu, Jan 9",2020-01-09,Insulin,160,02:40,2020-01-09 02:40,0.502,,,,,,,,,,,2,Insulin,2020-01-09 02:42,32
6,"Thu, Jan 9",2020-01-09,Insulin,165,02:45,2020-01-09 02:45,0.467,,,,,,,,,,,2,Insulin,2020-01-09 02:47,33
6,"Thu, Jan 9",2020-01-09,Insulin,170,02:50,2020-01-09 02:50,0.453,,,,,,,,,,,2,Insulin,2020-01-09 02:52,34
6,"Thu, Jan 9",2020-01-09,Insulin,175,02:55,2020-01-09 02:55,0.239,,,,,,,,,,,2,Insulin,2020-01-09 02:57,35
6,"Thu, Jan 9",2020-01-09,Insulin,180,03:00,2020-01-09 03:00,0.132,,,,,,,,,,,2,Insulin,2020-01-09 03:02,36
6,"Thu, Jan 9",2020-01-09,Insulin,185,03:05,2020-01-09 03:05,0.185,,,,,,,,,,,2,Insulin,2020-01-09 03:07,37
6,"Thu, Jan 9",2020-01-09,Insulin,190,03:10,2020-01-09 03:10,0.204,,,,,,,,,,,2,Insulin,2020-01-09 03:12,38
6,"Thu, Jan 9",2020-01-09,Insulin,195,03:15,2020-01-09 03:15,0.137,,,,,,,,,,,2,Insulin,2020-01-09 03:17,39
6,"Thu, Jan 9",2020-01-09,Insulin,200,03:20,2020-01-09 03:20,0.347,,,,,,,,,,,2,Insulin,2020-01-09 03:22,40
6,"Thu, Jan 9",2020-01-09,Insulin,205,03:25,2020-01-09 03:25,0.222,,,,,,,,,,,2,Insulin,2020-01-09 03:27,41
6,"Thu, Jan 9",2020-01-09,Insulin,210,03:30,2020-01-09 03:30,0.132,,,,,,,,,,,2,Insulin,2020-01-09 03:32,42
6,"Thu, Jan 9",2020-01-09,Insulin,215,03:35,2020-01-09 03:35,0.056,,,,,,,,,,,2,Insulin,2020-01-09 03:37,43
6,"Thu, Jan 9",2020-01-09,Insulin,220,03:40,2020-01-09 03:40,0.135,,,,,,,,,,,2,Insulin,2020-01-09 03:42,44
6,"Thu, Jan 9",2020-01-09,Insulin,225,03:45,2020-01-09 03:45,0.102,,,,,,,,,,,2,Insulin,2020-01-09 03:47,45
6,"Thu, Jan 9",2020-01-09,Insulin,230,03:50,2020-01-09 03:50,0.058,,,,,,,,,,,2,Insulin,2020-01-09 03:52,46
6,"Thu, Jan 9",2020-01-09,Insulin,235,03:55,2020-01-09 03:55,0.149,,,,,,,,,,,2,Insulin,2020-01-09 03:57,47
6,"Thu, Jan 9",2020-01-09,Insulin,240,04:00,2020-01-09 04:00,0.095,,,,,,,,,,,2,Insulin,2020-01-09 04:02,48
6,"Thu, Jan 9",2020-01-09,Insulin,245,04:05,2020-01-09 04:05,0.122,,,,,,,,,,,2,Insulin,2020-01-09 04:07,49
6,"Thu, Jan 9",2020-01-09,Insulin,250,04:10,2020-01-09 04:10,0.102,,,,,,,,,,,2,Insulin,2020-01-09 04:12,50
6,"Thu, Jan 9",2020-01-09,Insulin,255,04:15,2020-01-09 04:15,0.109,,,,,,,,,,,2,Insulin,2020-01-09 04:17,51
6,"Thu, Jan 9",2020-01-09,Insulin,260,04:20,2020-01-09 04:20,0.127,,,,,,,,,,,2,Insulin,2020-01-09 04:22,52
6,"Thu, Jan 9",2020-01-09,Insulin,265,04:25,2020-01-09 04:25,0.079,,,,,,,,,,,2,Insulin,2020-01-09 04:27,53
6,"Thu, Jan 9",2020-01-09,Insulin,270,04:30,2020-01-09 04:30,0.117,,,,,,,,,,,2,Insulin,2020-01-09 04:32,54
6,"Thu, Jan 9",2020-01-09,Insulin,275,04:35,2020-01-09 04:35,0.071,,,,,,,,,,,2,Insulin,2020-01-09 04:37,55
6,"Thu, Jan 9",2020-01-09,Insulin,280,04:40,2020-01-09 04:40,0.099,,,,,,,,,,,2,Insulin,2020-01-09 04:42,56
6,"Thu, Jan 9",2020-01-09,Insulin,285,04:45,2020-01-09 04:45,0.053,,,,,,,,,,,2,Insulin,2020-01-09 04:47,57
6,"Thu, Jan 9",2020-01-09,Insulin,290,04:50,2020-01-09 04:50,0.071,,,,,,,,,,,2,Insulin,2020-01-09 04:52,58
6,"Thu, Jan 9",2020-01-09,Insulin,295,04:55,2020-01-09 04:55,0.089,,,,,,,,,,,2,Insulin,2020-01-09 04:57,59
6,"Thu, Jan 9",2020-01-09,Insulin,300,05:00,2020-01-09 05:00,0,,,,,,,,,,,2,Insulin,2020-01-09 05:02,60
6,"Thu, Jan 9",2020-01-09,Insulin,305,05:05,2020-01-09 05:05,0.089,,,,,,,,,,,2,Insulin,2020-01-09 05:07,61
6,"Thu, Jan 9",2020-01-09,Insulin,310,05:10,2020-01-09 05:10,0.069,,,,,,,,,,,2,Insulin,2020-01-09 05:12,62
6,"Thu, Jan 9",2020-01-09,Insulin,315,05:15,2020-01-09 05:15,0.079,,,,,,,,,,,2,Insulin,2020-01-09 05:17,63
6,"Thu, Jan 9",2020-01-09,Insulin,320,05:20,2020-01-09 05:20,0,,,,,,,,,,,2,Insulin,2020-01-09 05:22,64
6,"Thu, Jan 9",2020-01-09,Insulin,325,05:25,2020-01-09 05:25,0.107,,,,,,,,,,,2,Insulin,2020-01-09 05:27,65
6,"Thu, Jan 9",2020-01-09,Insulin,330,05:30,2020-01-09 05:30,0,,,,,,,,,,,2,Insulin,2020-01-09 05:32,66
6,"Thu, Jan 9",2020-01-09,Insulin,335,05:35,2020-01-09 05:35,0,,,,,,,,,,,2,Insulin,2020-01-09 05:37,67
6,"Thu, Jan 9",2020-01-09,Insulin,340,05:40,2020-01-09 05:40,0,,,,,,,,,,,2,Insulin,2020-01-09 05:42,68
6,"Thu, Jan 9",2020-01-09,Insulin,345,05:45,2020-01-09 05:45,0,,,,,,,,,,,2,Insulin,2020-01-09 05:47,69
6,"Thu, Jan 9",2020-01-09,Insulin,350,05:50,2020-01-09 05:50,0.084,,,,,,,,,,,2,Insulin,2020-01-09 05:52,70
6,"Thu, Jan 9",2020-01-09,Insulin,355,05:55,2020-01-09 05:55,0,,,,,,,,,,,2,Insulin,2020-01-09 05:57,71
6,"Thu, Jan 9",2020-01-09,Insulin,360,06:00,2020-01-09 06:00,0,,,,,,,,,,,2,Insulin,2020-01-09 06:02,72
6,"Thu, Jan 9",2020-01-09,Insulin,365,06:05,2020-01-09 06:05,0,,,,,,,,,,,2,Insulin,2020-01-09 06:07,73
6,"Thu, Jan 9",2020-01-09,Insulin,370,06:10,2020-01-09 06:10,0,,,,,,,,,,,2,Insulin,2020-01-09 06:12,74
6,"Thu, Jan 9",2020-01-09,Insulin,375,06:15,2020-01-09 06:15,0,,,,,,,,,,,2,Insulin,2020-01-09 06:17,75
6,"Thu, Jan 9",2020-01-09,Insulin,380,06:20,2020-01-09 06:20,0,,,,,,,,,,,2,Insulin,2020-01-09 06:22,76
6,"Thu, Jan 9",2020-01-09,Insulin,385,06:25,2020-01-09 06:25,0,,,,,,,,,,,2,Insulin,2020-01-09 06:27,77
6,"Thu, Jan 9",2020-01-09,Insulin,390,06:30,2020-01-09 06:30,0,,,,,,,,,,,2,Insulin,2020-01-09 06:32,78
6,"Thu, Jan 9",2020-01-09,Insulin,395,06:35,2020-01-09 06:35,0,,,,,,,,,,,2,Insulin,2020-01-09 06:37,79
6,"Thu, Jan 9",2020-01-09,Insulin,400,06:40,2020-01-09 06:40,0,,,,,,,,,,,2,Insulin,2020-01-09 06:42,80
6,"Thu, Jan 9",2020-01-09,Insulin,405,06:45,2020-01-09 06:45,0,,,,,,,,,,,2,Insulin,2020-01-09 06:47,81
6,"Thu, Jan 9",2020-01-09,Insulin,410,06:50,2020-01-09 06:50,0,,,,,,,,,,,2,Insulin,2020-01-09 06:52,82
6,"Thu, Jan 9",2020-01-09,Insulin,415,06:55,2020-01-09 06:55,0,,,,,,,,,,,2,Insulin,2020-01-09 06:57,83
6,"Thu, Jan 9",2020-01-09,Insulin,420,07:00,2020-01-09 07:00,0.071,,,,,,,,,,,2,Insulin,2020-01-09 07:02,84
6,"Thu, Jan 9",2020-01-09,Insulin,425,07:05,2020-01-09 07:05,0.091,,,,,,,,,,,2,Insulin,2020-01-09 07:07,85
6,"Thu, Jan 9",2020-01-09,Insulin,430,07:10,2020-01-09 07:10,0.091,,,,,,,,,,,2,Insulin,2020-01-09 07:12,86
6,"Thu, Jan 9",2020-01-09,Insulin,435,07:15,2020-01-09 07:15,0.048,,,,,,,,,,,2,Insulin,2020-01-09 07:17,87
6,"Thu, Jan 9",2020-01-09,Insulin,440,07:20,2020-01-09 07:20,0.089,,,,,,,,,,,2,Insulin,2020-01-09 07:22,88
6,"Thu, Jan 9",2020-01-09,Insulin,445,07:25,2020-01-09 07:25,0.097,,,,,,,,,,,2,Insulin,2020-01-09 07:27,89
6,"Thu, Jan 9",2020-01-09,Insulin,450,07:30,2020-01-09 07:30,0.457,,,,,,,,,,,2,Insulin,2020-01-09 07:32,90
6,"Thu, Jan 9",2020-01-09,Insulin,455,07:35,2020-01-09 07:35,1.27,,,,,,,,,,,2,Insulin,2020-01-09 07:37,91
6,"Thu, Jan 9",2020-01-09,Insulin,460,07:40,2020-01-09 07:40,1.77,,,,,,,,,,,2,Insulin,2020-01-09 07:42,92
6,"Thu, Jan 9",2020-01-09,Insulin,465,07:45,2020-01-09 07:45,1.772,,,,,,,,,,,2,Insulin,2020-01-09 07:47,93
6,"Thu, Jan 9",2020-01-09,Insulin,470,07:50,2020-01-09 07:50,1.968,,,,,,,,,,,2,Insulin,2020-01-09 07:52,94
6,"Thu, Jan 9",2020-01-09,Insulin,475,07:55,2020-01-09 07:55,1.559,,,,,,,,,,,2,Insulin,2020-01-09 07:57,95
6,"Thu, Jan 9",2020-01-09,Insulin,480,08:00,2020-01-09 08:00,0.882,,,,,,,,,,,2,Insulin,2020-01-09 08:02,96
6,"Thu, Jan 9",2020-01-09,Insulin,485,08:05,2020-01-09 08:05,0.252,,,,,,,,,,,2,Insulin,2020-01-09 08:07,97
6,"Thu, Jan 9",2020-01-09,Insulin,490,08:10,2020-01-09 08:10,0.132,,,,,,,,,,,2,Insulin,2020-01-09 08:12,98
6,"Thu, Jan 9",2020-01-09,Insulin,495,08:15,2020-01-09 08:15,0.135,,,,,,,,,,,2,Insulin,2020-01-09 08:17,99
6,"Thu, Jan 9",2020-01-09,Insulin,500,08:20,2020-01-09 08:20,0.209,,,,,,,,,,,2,Insulin,2020-01-09 08:22,100
6,"Thu, Jan 9",2020-01-09,Insulin,505,08:25,2020-01-09 08:25,0.117,,,,,,,,,,,2,Insulin,2020-01-09 08:27,101
6,"Thu, Jan 9",2020-01-09,Insulin,510,08:30,2020-01-09 08:30,0.066,,,,,,,,,,,2,Insulin,2020-01-09 08:32,102
6,"Thu, Jan 9",2020-01-09,Insulin,515,08:35,2020-01-09 08:35,0.081,,,,,,,,,,,2,Insulin,2020-01-09 08:37,103
6,"Thu, Jan 9",2020-01-09,Insulin,520,08:40,2020-01-09 08:40,0,,,,,,,,,,,2,Insulin,2020-01-09 08:42,104
6,"Thu, Jan 9",2020-01-09,Insulin,525,08:45,2020-01-09 08:45,0,,,,,,,,,,,2,Insulin,2020-01-09 08:47,105
6,"Thu, Jan 9",2020-01-09,Insulin,530,08:50,2020-01-09 08:50,0,,,,,,,,,,,2,Insulin,2020-01-09 08:52,106
6,"Thu, Jan 9",2020-01-09,Insulin,535,08:55,2020-01-09 08:55,0,,,,,,,,,,,2,Insulin,2020-01-09 08:57,107
6,"Thu, Jan 9",2020-01-09,Insulin,540,09:00,2020-01-09 09:00,0,,,,,,,,,,,2,Insulin,2020-01-09 09:02,108
6,"Thu, Jan 9",2020-01-09,Insulin,545,09:05,2020-01-09 09:05,0,,,,,,,,,,,2,Insulin,2020-01-09 09:07,109
6,"Thu, Jan 9",2020-01-09,Insulin,550,09:10,2020-01-09 09:10,0,,,,,,,,,,,2,Insulin,2020-01-09 09:12,110
6,"Thu, Jan 9",2020-01-09,Insulin,555,09:15,2020-01-09 09:15,0,,,,,,,,,,,2,Insulin,2020-01-09 09:17,111
6,"Thu, Jan 9",2020-01-09,Insulin,560,09:20,2020-01-09 09:20,0,,,,,,,,,,,2,Insulin,2020-01-09 09:22,112
6,"Thu, Jan 9",2020-01-09,Insulin,565,09:25,2020-01-09 09:25,0,,,,,,,,,,,2,Insulin,2020-01-09 09:27,113
6,"Thu, Jan 9",2020-01-09,Insulin,570,09:30,2020-01-09 09:30,0.112,,,,,,,,,,,2,Insulin,2020-01-09 09:32,114
6,"Thu, Jan 9",2020-01-09,Insulin,575,09:35,2020-01-09 09:35,0,,,,,,,,,,,2,Insulin,2020-01-09 09:37,115
6,"Thu, Jan 9",2020-01-09,Insulin,580,09:40,2020-01-09 09:40,0.081,,,,,,,,,,,2,Insulin,2020-01-09 09:42,116
6,"Thu, Jan 9",2020-01-09,Insulin,585,09:45,2020-01-09 09:45,0,,,,,,,,,,,2,Insulin,2020-01-09 09:47,117
6,"Thu, Jan 9",2020-01-09,Insulin,590,09:50,2020-01-09 09:50,0,,,,,,,,,,,2,Insulin,2020-01-09 09:52,118
6,"Thu, Jan 9",2020-01-09,Insulin,595,09:55,2020-01-09 09:55,0,,,,,,,,,,,2,Insulin,2020-01-09 09:57,119
6,"Thu, Jan 9",2020-01-09,Insulin,600,10:00,2020-01-09 10:00,0,,,,,,,,,,,2,Insulin,2020-01-09 10:02,120
6,"Thu, Jan 9",2020-01-09,Insulin,605,10:05,2020-01-09 10:05,0,,,,,,,,,,,2,Insulin,2020-01-09 10:07,121
6,"Thu, Jan 9",2020-01-09,Insulin,610,10:10,2020-01-09 10:10,0,,,,,,,,,,,2,Insulin,2020-01-09 10:12,122
6,"Thu, Jan 9",2020-01-09,Insulin,615,10:15,2020-01-09 10:15,0,,,,,,,,,,,2,Insulin,2020-01-09 10:17,123
6,"Thu, Jan 9",2020-01-09,Insulin,620,10:20,2020-01-09 10:20,0,,,,,,,,,,,2,Insulin,2020-01-09 10:22,124
6,"Thu, Jan 9",2020-01-09,Insulin,625,10:25,2020-01-09 10:25,0,,,,,,,,,,,2,Insulin,2020-01-09 10:27,125
6,"Thu, Jan 9",2020-01-09,Insulin,630,10:30,2020-01-09 10:30,0,,,,,,,,,,,2,Insulin,2020-01-09 10:32,126
6,"Thu, Jan 9",2020-01-09,Insulin,635,10:35,2020-01-09 10:35,0.062,,,,,,,,,,,2,Insulin,2020-01-09 10:37,127
6,"Thu, Jan 9",2020-01-09,Insulin,640,10:40,2020-01-09 10:40,0.077,,,,,,,,,,,2,Insulin,2020-01-09 10:42,128
6,"Thu, Jan 9",2020-01-09,Insulin,645,10:45,2020-01-09 10:45,0.079,,,,,,,,,,,2,Insulin,2020-01-09 10:47,129
6,"Thu, Jan 9",2020-01-09,Insulin,650,10:50,2020-01-09 10:50,0,,,,,,,,,,,2,Insulin,2020-01-09 10:52,130
6,"Thu, Jan 9",2020-01-09,Insulin,655,10:55,2020-01-09 10:55,0.076,,,,,,,,,,,2,Insulin,2020-01-09 10:57,131
6,"Thu, Jan 9",2020-01-09,Insulin,660,11:00,2020-01-09 11:00,0.089,,,,,,,,,,,2,Insulin,2020-01-09 11:02,132
6,"Thu, Jan 9",2020-01-09,Insulin,665,11:05,2020-01-09 11:05,0.221,,,,,,,,,,,2,Insulin,2020-01-09 11:07,133
6,"Thu, Jan 9",2020-01-09,Insulin,670,11:10,2020-01-09 11:10,0.104,,,,,,,,,,,2,Insulin,2020-01-09 11:12,134
6,"Thu, Jan 9",2020-01-09,Insulin,675,11:15,2020-01-09 11:15,0.102,,,,,,,,,,,2,Insulin,2020-01-09 11:17,135
6,"Thu, Jan 9",2020-01-09,Insulin,680,11:20,2020-01-09 11:20,0.107,,,,,,,,,,,2,Insulin,2020-01-09 11:22,136
6,"Thu, Jan 9",2020-01-09,Insulin,685,11:25,2020-01-09 11:25,0.601,,,,,,,,,,,2,Insulin,2020-01-09 11:27,137
6,"Thu, Jan 9",2020-01-09,Insulin,695,11:35,2020-01-09 11:35,0,,,,,,,,,,,2,Insulin,2020-01-09 11:35,138
6,"Thu, Jan 9",2020-01-09,Insulin,700,11:40,2020-01-09 11:40,0.503,,,,,,,,,,,2,Insulin,2020-01-09 11:40,139
6,"Thu, Jan 9",2020-01-09,Insulin,705,11:45,2020-01-09 11:45,0,,,,,,,,,,,2,Insulin,2020-01-09 11:45,140
6,"Thu, Jan 9",2020-01-09,Insulin,710,11:50,2020-01-09 11:50,0,,,,,,,,,,,2,Insulin,2020-01-09 11:50,141
6,"Thu, Jan 9",2020-01-09,Insulin,715,11:55,2020-01-09 11:55,0.167,,,,,,,,,,,2,Insulin,2020-01-09 11:55,142
6,"Thu, Jan 9",2020-01-09,Insulin,720,12:00,2020-01-09 12:00,0.079,,,,,,,,,,,2,Insulin,2020-01-09 12:00,143
6,"Thu, Jan 9",2020-01-09,Insulin,725,12:05,2020-01-09 12:05,0,,,,,,,,,,,2,Insulin,2020-01-09 12:05,144
6,"Thu, Jan 9",2020-01-09,Insulin,730,12:10,2020-01-09 12:10,0,,,,,,,,,,,2,Insulin,2020-01-09 12:10,145
6,"Thu, Jan 9",2020-01-09,Insulin,735,12:15,2020-01-09 12:15,0,,,,,,,,,,,2,Insulin,2020-01-09 12:15,146
6,"Thu, Jan 9",2020-01-09,Insulin,740,12:20,2020-01-09 12:20,0,,,,,,,,,,,2,Insulin,2020-01-09 12:20,147
6,"Thu, Jan 9",2020-01-09,Insulin,745,12:25,2020-01-09 12:25,0,,,,,,,,,,,2,Insulin,2020-01-09 12:25,148
6,"Thu, Jan 9",2020-01-09,Insulin,750,12:30,2020-01-09 12:30,0,,,,,,,,,,,2,Insulin,2020-01-09 12:30,149
6,"Thu, Jan 9",2020-01-09,Insulin,755,12:35,2020-01-09 12:35,0.048,,,,,,,,,,,2,Insulin,2020-01-09 12:35,150
6,"Thu, Jan 9",2020-01-09,Insulin,760,12:40,2020-01-09 12:40,0,,,,,,,,,,,2,Insulin,2020-01-09 12:40,151
6,"Thu, Jan 9",2020-01-09,Insulin,765,12:45,2020-01-09 12:45,0,,,,,,,,,,,2,Insulin,2020-01-09 12:45,152
6,"Thu, Jan 9",2020-01-09,Insulin,770,12:50,2020-01-09 12:50,0,,,,,,,,,,,2,Insulin,2020-01-09 12:50,153
6,"Thu, Jan 9",2020-01-09,Insulin,775,12:55,2020-01-09 12:55,0.048,,,,,,,,,,,2,Insulin,2020-01-09 12:55,154
6,"Thu, Jan 9",2020-01-09,Insulin,780,13:00,2020-01-09 13:00,0,,,,,,,,,,,2,Insulin,2020-01-09 13:00,155
6,"Thu, Jan 9",2020-01-09,Insulin,785,13:05,2020-01-09 13:05,0,,,,,,,,,,,2,Insulin,2020-01-09 13:05,156
6,"Thu, Jan 9",2020-01-09,Insulin,790,13:10,2020-01-09 13:10,0,,,,,,,,,,,2,Insulin,2020-01-09 13:10,157
6,"Thu, Jan 9",2020-01-09,Insulin,795,13:15,2020-01-09 13:15,0,,,,,,,,,,,2,Insulin,2020-01-09 13:15,158
6,"Thu, Jan 9",2020-01-09,Insulin,800,13:20,2020-01-09 13:20,0.048,,,,,,,,,,,2,Insulin,2020-01-09 13:20,159
6,"Thu, Jan 9",2020-01-09,Insulin,805,13:25,2020-01-09 13:25,0,,,,,,,,,,,2,Insulin,2020-01-09 13:25,160
6,"Thu, Jan 9",2020-01-09,Insulin,810,13:30,2020-01-09 13:30,0,,,,,,,,,,,2,Insulin,2020-01-09 13:30,161
6,"Thu, Jan 9",2020-01-09,Insulin,815,13:35,2020-01-09 13:35,0.046,,,,,,,,,,,2,Insulin,2020-01-09 13:35,162
6,"Thu, Jan 9",2020-01-09,Insulin,820,13:40,2020-01-09 13:40,0,,,,,,,,,,,2,Insulin,2020-01-09 13:40,163
6,"Thu, Jan 9",2020-01-09,Insulin,825,13:45,2020-01-09 13:45,0,,,,,,,,,,,2,Insulin,2020-01-09 13:45,164
6,"Thu, Jan 9",2020-01-09,Insulin,830,13:50,2020-01-09 13:50,0,,,,,,,,,,,2,Insulin,2020-01-09 13:50,165
6,"Thu, Jan 9",2020-01-09,Insulin,835,13:55,2020-01-09 13:55,0.048,,,,,,,,,,,2,Insulin,2020-01-09 13:55,166
6,"Thu, Jan 9",2020-01-09,Insulin,840,14:00,2020-01-09 14:00,0,,,,,,,,,,,2,Insulin,2020-01-09 14:00,167
6,"Thu, Jan 9",2020-01-09,Insulin,845,14:05,2020-01-09 14:05,0,,,,,,,,,,,2,Insulin,2020-01-09 14:05,168
6,"Thu, Jan 9",2020-01-09,Insulin,850,14:10,2020-01-09 14:10,0.429,,,,,,,,,,,2,Insulin,2020-01-09 14:10,169
6,"Thu, Jan 9",2020-01-09,Insulin,855,14:15,2020-01-09 14:15,1.122,,,,,,,,,,,2,Insulin,2020-01-09 14:15,170
6,"Thu, Jan 9",2020-01-09,Insulin,860,14:20,2020-01-09 14:20,0,,,,,,,,,,,2,Insulin,2020-01-09 14:20,171
6,"Thu, Jan 9",2020-01-09,Insulin,865,14:25,2020-01-09 14:25,0.046,,,,,,,,,,,2,Insulin,2020-01-09 14:25,172
6,"Thu, Jan 9",2020-01-09,Insulin,870,14:30,2020-01-09 14:30,0,,,,,,,,,,,2,Insulin,2020-01-09 14:30,173
6,"Thu, Jan 9",2020-01-09,Insulin,875,14:35,2020-01-09 14:35,0.198,,,,,,,,,,,2,Insulin,2020-01-09 14:35,174
6,"Thu, Jan 9",2020-01-09,Insulin,880,14:40,2020-01-09 14:40,0.614,,,,,,,,,,,2,Insulin,2020-01-09 14:40,175
6,"Thu, Jan 9",2020-01-09,Insulin,885,14:45,2020-01-09 14:45,0.383,,,,,,,,,,,2,Insulin,2020-01-09 14:45,176
6,"Thu, Jan 9",2020-01-09,Insulin,890,14:50,2020-01-09 14:50,0,,,,,,,,,,,2,Insulin,2020-01-09 14:50,177
6,"Thu, Jan 9",2020-01-09,Insulin,895,14:55,2020-01-09 14:55,0.086,,,,,,,,,,,2,Insulin,2020-01-09 14:55,178
6,"Thu, Jan 9",2020-01-09,Insulin,900,15:00,2020-01-09 15:00,0.873,,,,,,,,,,,2,Insulin,2020-01-09 15:00,179
6,"Thu, Jan 9",2020-01-09,Insulin,905,15:05,2020-01-09 15:05,0.211,,,,,,,,,,,2,Insulin,2020-01-09 15:05,180
6,"Thu, Jan 9",2020-01-09,Insulin,910,15:10,2020-01-09 15:10,0.046,,,,,,,,,,,2,Insulin,2020-01-09 15:10,181
6,"Thu, Jan 9",2020-01-09,Insulin,915,15:15,2020-01-09 15:15,0,,,,,,,,,,,2,Insulin,2020-01-09 15:15,182
6,"Thu, Jan 9",2020-01-09,Insulin,920,15:20,2020-01-09 15:20,0.051,,,,,,,,,,,2,Insulin,2020-01-09 15:20,183
6,"Thu, Jan 9",2020-01-09,Insulin,925,15:25,2020-01-09 15:25,0.173,,,,,,,,,,,2,Insulin,2020-01-09 15:25,184
6,"Thu, Jan 9",2020-01-09,Insulin,930,15:30,2020-01-09 15:30,0.183,,,,,,,,,,,2,Insulin,2020-01-09 15:30,185
6,"Thu, Jan 9",2020-01-09,Insulin,935,15:35,2020-01-09 15:35,0.244,,,,,,,,,,,2,Insulin,2020-01-09 15:35,186
6,"Thu, Jan 9",2020-01-09,Insulin,940,15:40,2020-01-09 15:40,0.209,,,,,,,,,,,2,Insulin,2020-01-09 15:40,187
6,"Thu, Jan 9",2020-01-09,Insulin,945,15:45,2020-01-09 15:45,0,,,,,,,,,,,2,Insulin,2020-01-09 15:45,188
6,"Thu, Jan 9",2020-01-09,Insulin,950,15:50,2020-01-09 15:50,0.132,,,,,,,,,,,2,Insulin,2020-01-09 15:50,189
6,"Thu, Jan 9",2020-01-09,Insulin,955,15:55,2020-01-09 15:55,0.269,,,,,,,,,,,2,Insulin,2020-01-09 15:55,190
6,"Thu, Jan 9",2020-01-09,Insulin,960,16:00,2020-01-09 16:00,0,,,,,,,,,,,2,Insulin,2020-01-09 16:00,191
6,"Thu, Jan 9",2020-01-09,Insulin,965,16:05,2020-01-09 16:05,0,,,,,,,,,,,2,Insulin,2020-01-09 16:05,192
6,"Thu, Jan 9",2020-01-09,Insulin,970,16:10,2020-01-09 16:10,0.168,,,,,,,,,,,2,Insulin,2020-01-09 16:10,193
6,"Thu, Jan 9",2020-01-09,Insulin,975,16:15,2020-01-09 16:15,0.048,,,,,,,,,,,2,Insulin,2020-01-09 16:15,194
6,"Thu, Jan 9",2020-01-09,Insulin,980,16:20,2020-01-09 16:20,0.043,,,,,,,,,,,2,Insulin,2020-01-09 16:20,195
6,"Thu, Jan 9",2020-01-09,Insulin,985,16:25,2020-01-09 16:25,0.045,,,,,,,,,,,2,Insulin,2020-01-09 16:25,196
6,"Thu, Jan 9",2020-01-09,Insulin,990,16:30,2020-01-09 16:30,0.065,,,,,,,,,,,2,Insulin,2020-01-09 16:30,197
6,"Thu, Jan 9",2020-01-09,Insulin,995,16:35,2020-01-09 16:35,0.165,,,,,,,,,,,2,Insulin,2020-01-09 16:35,198
6,"Thu, Jan 9",2020-01-09,Insulin,1000,16:40,2020-01-09 16:40,0.237,,,,,,,,,,,2,Insulin,2020-01-09 16:40,199
6,"Thu, Jan 9",2020-01-09,Insulin,1005,16:45,2020-01-09 16:45,0.258,,,,,,,,,,,2,Insulin,2020-01-09 16:45,200
6,"Thu, Jan 9",2020-01-09,Insulin,1010,16:50,2020-01-09 16:50,0.243,,,,,,,,,,,2,Insulin,2020-01-09 16:50,201
6,"Thu, Jan 9",2020-01-09,Insulin,1015,16:55,2020-01-09 16:55,0.214,,,,,,,,,,,2,Insulin,2020-01-09 16:55,202
6,"Thu, Jan 9",2020-01-09,Insulin,1020,17:00,2020-01-09 17:00,0.193,,,,,,,,,,,2,Insulin,2020-01-09 17:00,203
6,"Thu, Jan 9",2020-01-09,Insulin,1025,17:05,2020-01-09 17:05,0.219,,,,,,,,,,,2,Insulin,2020-01-09 17:05,204
6,"Thu, Jan 9",2020-01-09,Insulin,1030,17:10,2020-01-09 17:10,0.196,,,,,,,,,,,2,Insulin,2020-01-09 17:10,205
6,"Thu, Jan 9",2020-01-09,Insulin,1035,17:15,2020-01-09 17:15,0.201,,,,,,,,,,,2,Insulin,2020-01-09 17:15,206
6,"Thu, Jan 9",2020-01-09,Insulin,1035,17:15,2020-01-09 17:15,0.206,,,,,,,,,,,2,Insulin,2020-01-09 17:19,207
6,"Thu, Jan 9",2020-01-09,Insulin,1045,17:25,2020-01-09 17:25,4.3,,,,,,,,,,,2,Insulin,2020-01-09 17:25,208
6,"Thu, Jan 9",2020-01-09,Insulin,1050,17:30,2020-01-09 17:30,0.071,,,,,,,,,,,2,Insulin,2020-01-09 17:30,209
6,"Thu, Jan 9",2020-01-09,Insulin,1055,17:35,2020-01-09 17:35,0.081,,,,,,,,,,,2,Insulin,2020-01-09 17:35,210
6,"Thu, Jan 9",2020-01-09,Insulin,1060,17:40,2020-01-09 17:40,0.07,,,,,,,,,,,2,Insulin,2020-01-09 17:40,211
6,"Thu, Jan 9",2020-01-09,Insulin,1065,17:45,2020-01-09 17:45,0.083,,,,,,,,,,,2,Insulin,2020-01-09 17:45,212
6,"Thu, Jan 9",2020-01-09,Insulin,1070,17:50,2020-01-09 17:50,0.086,,,,,,,,,,,2,Insulin,2020-01-09 17:50,213
6,"Thu, Jan 9",2020-01-09,Insulin,1075,17:55,2020-01-09 17:55,0.089,,,,,,,,,,,2,Insulin,2020-01-09 17:55,214
6,"Thu, Jan 9",2020-01-09,Insulin,1080,18:00,2020-01-09 18:00,0.086,,,,,,,,,,,2,Insulin,2020-01-09 18:00,215
6,"Thu, Jan 9",2020-01-09,Insulin,1085,18:05,2020-01-09 18:05,0.097,,,,,,,,,,,2,Insulin,2020-01-09 18:05,216
6,"Thu, Jan 9",2020-01-09,Insulin,1090,18:10,2020-01-09 18:10,0.091,,,,,,,,,,,2,Insulin,2020-01-09 18:10,217
6,"Thu, Jan 9",2020-01-09,Insulin,1095,18:15,2020-01-09 18:15,0.102,,,,,,,,,,,2,Insulin,2020-01-09 18:15,218
6,"Thu, Jan 9",2020-01-09,Insulin,1100,18:20,2020-01-09 18:20,0.099,,,,,,,,,,,2,Insulin,2020-01-09 18:20,219
6,"Thu, Jan 9",2020-01-09,Insulin,1105,18:25,2020-01-09 18:25,0.104,,,,,,,,,,,2,Insulin,2020-01-09 18:25,220
6,"Thu, Jan 9",2020-01-09,Insulin,1110,18:30,2020-01-09 18:30,0.137,,,,,,,,,,,2,Insulin,2020-01-09 18:30,221
6,"Thu, Jan 9",2020-01-09,Insulin,1115,18:35,2020-01-09 18:35,0.142,,,,,,,,,,,2,Insulin,2020-01-09 18:35,222
6,"Thu, Jan 9",2020-01-09,Insulin,1120,18:40,2020-01-09 18:40,0.312,,,,,,,,,,,2,Insulin,2020-01-09 18:40,223
6,"Thu, Jan 9",2020-01-09,Insulin,1125,18:45,2020-01-09 18:45,0.401,,,,,,,,,,,2,Insulin,2020-01-09 18:45,224
6,"Thu, Jan 9",2020-01-09,Insulin,1130,18:50,2020-01-09 18:50,0.498,,,,,,,,,,,2,Insulin,2020-01-09 18:50,225
6,"Thu, Jan 9",2020-01-09,Insulin,1135,18:55,2020-01-09 18:55,0.473,,,,,,,,,,,2,Insulin,2020-01-09 18:55,226
6,"Thu, Jan 9",2020-01-09,Insulin,1140,19:00,2020-01-09 19:00,0.468,,,,,,,,,,,2,Insulin,2020-01-09 19:00,227
6,"Thu, Jan 9",2020-01-09,Insulin,1145,19:05,2020-01-09 19:05,0.44,,,,,,,,,,,2,Insulin,2020-01-09 19:05,228
6,"Thu, Jan 9",2020-01-09,Insulin,1150,19:10,2020-01-09 19:10,0.371,,,,,,,,,,,2,Insulin,2020-01-09 19:10,229
6,"Thu, Jan 9",2020-01-09,Insulin,1155,19:15,2020-01-09 19:15,0.381,,,,,,,,,,,2,Insulin,2020-01-09 19:15,230
6,"Thu, Jan 9",2020-01-09,Insulin,1160,19:20,2020-01-09 19:20,0.356,,,,,,,,,,,2,Insulin,2020-01-09 19:20,231
6,"Thu, Jan 9",2020-01-09,Insulin,1165,19:25,2020-01-09 19:25,0.407,,,,,,,,,,,2,Insulin,2020-01-09 19:25,232
6,"Thu, Jan 9",2020-01-09,Insulin,1170,19:30,2020-01-09 19:30,0.447,,,,,,,,,,,2,Insulin,2020-01-09 19:30,233
6,"Thu, Jan 9",2020-01-09,Insulin,1175,19:35,2020-01-09 19:35,0,,,,,,,,,,,2,Insulin,2020-01-09 19:35,234
6,"Thu, Jan 9",2020-01-09,Insulin,1180,19:40,2020-01-09 19:40,0,,,,,,,,,,,2,Insulin,2020-01-09 19:40,235
6,"Thu, Jan 9",2020-01-09,Insulin,1185,19:45,2020-01-09 19:45,0,,,,,,,,,,,2,Insulin,2020-01-09 19:45,236
6,"Thu, Jan 9",2020-01-09,Insulin,1190,19:50,2020-01-09 19:50,0,,,,,,,,,,,2,Insulin,2020-01-09 19:50,237
6,"Thu, Jan 9",2020-01-09,Insulin,1195,19:55,2020-01-09 19:55,0,,,,,,,,,,,2,Insulin,2020-01-09 19:55,238
6,"Thu, Jan 9",2020-01-09,Insulin,1200,20:00,2020-01-09 20:00,0,,,,,,,,,,,2,Insulin,2020-01-09 20:00,239
6,"Thu, Jan 9",2020-01-09,Insulin,1205,20:05,2020-01-09 20:05,0,,,,,,,,,,,2,Insulin,2020-01-09 20:05,240
6,"Thu, Jan 9",2020-01-09,Insulin,1210,20:10,2020-01-09 20:10,0,,,,,,,,,,,2,Insulin,2020-01-09 20:10,241
6,"Thu, Jan 9",2020-01-09,Insulin,1215,20:15,2020-01-09 20:15,0,,,,,,,,,,,2,Insulin,2020-01-09 20:15,242
6,"Thu, Jan 9",2020-01-09,Insulin,1220,20:20,2020-01-09 20:20,0,,,,,,,,,,,2,Insulin,2020-01-09 20:20,243
6,"Thu, Jan 9",2020-01-09,Insulin,1225,20:25,2020-01-09 20:25,0,,,,,,,,,,,2,Insulin,2020-01-09 20:25,244
6,"Thu, Jan 9",2020-01-09,Insulin,1230,20:30,2020-01-09 20:30,0,,,,,,,,,,,2,Insulin,2020-01-09 20:30,245
6,"Thu, Jan 9",2020-01-09,Insulin,1235,20:35,2020-01-09 20:35,0,,,,,,,,,,,2,Insulin,2020-01-09 20:35,246
6,"Thu, Jan 9",2020-01-09,Insulin,1240,20:40,2020-01-09 20:40,0,,,,,,,,,,,2,Insulin,2020-01-09 20:40,247
6,"Thu, Jan 9",2020-01-09,Insulin,1245,20:45,2020-01-09 20:45,0,,,,,,,,,,,2,Insulin,2020-01-09 20:45,248
6,"Thu, Jan 9",2020-01-09,Insulin,1250,20:50,2020-01-09 20:50,0,,,,,,,,,,,2,Insulin,2020-01-09 20:50,249
6,"Thu, Jan 9",2020-01-09,Insulin,1255,20:55,2020-01-09 20:55,0,,,,,,,,,,,2,Insulin,2020-01-09 20:55,250
6,"Thu, Jan 9",2020-01-09,Insulin,1260,21:00,2020-01-09 21:00,0,,,,,,,,,,,2,Insulin,2020-01-09 21:00,251
6,"Thu, Jan 9",2020-01-09,Insulin,1265,21:05,2020-01-09 21:05,0,,,,,,,,,,,2,Insulin,2020-01-09 21:05,252
6,"Thu, Jan 9",2020-01-09,Insulin,1270,21:10,2020-01-09 21:10,0,,,,,,,,,,,2,Insulin,2020-01-09 21:10,253
6,"Thu, Jan 9",2020-01-09,Insulin,1275,21:15,2020-01-09 21:15,0,,,,,,,,,,,2,Insulin,2020-01-09 21:15,254
6,"Thu, Jan 9",2020-01-09,Insulin,1280,21:20,2020-01-09 21:20,0,,,,,,,,,,,2,Insulin,2020-01-09 21:20,255
6,"Thu, Jan 9",2020-01-09,Insulin,1285,21:25,2020-01-09 21:25,0,,,,,,,,,,,2,Insulin,2020-01-09 21:25,256
6,"Thu, Jan 9",2020-01-09,Insulin,1290,21:30,2020-01-09 21:30,0,,,,,,,,,,,2,Insulin,2020-01-09 21:30,257
6,"Thu, Jan 9",2020-01-09,Insulin,1295,21:35,2020-01-09 21:35,0,,,,,,,,,,,2,Insulin,2020-01-09 21:35,258
6,"Thu, Jan 9",2020-01-09,Insulin,1300,21:40,2020-01-09 21:40,0,,,,,,,,,,,2,Insulin,2020-01-09 21:40,259
6,"Thu, Jan 9",2020-01-09,Insulin,1305,21:45,2020-01-09 21:45,0,,,,,,,,,,,2,Insulin,2020-01-09 21:45,260
6,"Thu, Jan 9",2020-01-09,Insulin,1310,21:50,2020-01-09 21:50,0,,,,,,,,,,,2,Insulin,2020-01-09 21:50,261
6,"Thu, Jan 9",2020-01-09,Insulin,1315,21:55,2020-01-09 21:55,0.056,,,,,,,,,,,2,Insulin,2020-01-09 21:55,262
6,"Thu, Jan 9",2020-01-09,Insulin,1320,22:00,2020-01-09 22:00,0.058,,,,,,,,,,,2,Insulin,2020-01-09 22:00,263
6,"Thu, Jan 9",2020-01-09,Insulin,1325,22:05,2020-01-09 22:05,0.046,,,,,,,,,,,2,Insulin,2020-01-09 22:05,264
6,"Thu, Jan 9",2020-01-09,Insulin,1330,22:10,2020-01-09 22:10,0.046,,,,,,,,,,,2,Insulin,2020-01-09 22:10,265
6,"Thu, Jan 9",2020-01-09,Insulin,1335,22:15,2020-01-09 22:15,0.058,,,,,,,,,,,2,Insulin,2020-01-09 22:15,266
6,"Thu, Jan 9",2020-01-09,Insulin,1340,22:20,2020-01-09 22:20,0.056,,,,,,,,,,,2,Insulin,2020-01-09 22:20,267
6,"Thu, Jan 9",2020-01-09,Insulin,1345,22:25,2020-01-09 22:25,0.066,,,,,,,,,,,2,Insulin,2020-01-09 22:25,268
6,"Thu, Jan 9",2020-01-09,Insulin,1350,22:30,2020-01-09 22:30,0.066,,,,,,,,,,,2,Insulin,2020-01-09 22:30,269
6,"Thu, Jan 9",2020-01-09,Insulin,1355,22:35,2020-01-09 22:35,0.066,,,,,,,,,,,2,Insulin,2020-01-09 22:35,270
6,"Thu, Jan 9",2020-01-09,Insulin,1360,22:40,2020-01-09 22:40,0.071,,,,,,,,,,,2,Insulin,2020-01-09 22:40,271
6,"Thu, Jan 9",2020-01-09,Insulin,1365,22:45,2020-01-09 22:45,0.074,,,,,,,,,,,2,Insulin,2020-01-09 22:45,272
6,"Thu, Jan 9",2020-01-09,Insulin,1370,22:50,2020-01-09 22:50,0.071,,,,,,,,,,,2,Insulin,2020-01-09 22:50,273
6,"Thu, Jan 9",2020-01-09,Insulin,1375,22:55,2020-01-09 22:55,0.079,,,,,,,,,,,2,Insulin,2020-01-09 22:55,274
6,"Thu, Jan 9",2020-01-09,Insulin,1380,23:00,2020-01-09 23:00,0.396,,,,,,,,,,,2,Insulin,2020-01-09 23:00,275
6,"Thu, Jan 9",2020-01-09,Insulin,1385,23:05,2020-01-09 23:05,0.071,,,,,,,,,,,2,Insulin,2020-01-09 23:05,276
6,"Thu, Jan 9",2020-01-09,Insulin,1390,23:10,2020-01-09 23:10,0,,,,,,,,,,,2,Insulin,2020-01-09 23:10,277
6,"Thu, Jan 9",2020-01-09,Insulin,1395,23:15,2020-01-09 23:15,0.053,,,,,,,,,,,2,Insulin,2020-01-09 23:15,278
6,"Thu, Jan 9",2020-01-09,Insulin,1400,23:20,2020-01-09 23:20,0.061,,,,,,,,,,,2,Insulin,2020-01-09 23:20,279
6,"Thu, Jan 9",2020-01-09,Insulin,1405,23:25,2020-01-09 23:25,0.051,,,,,,,,,,,2,Insulin,2020-01-09 23:25,280
6,"Thu, Jan 9",2020-01-09,Insulin,1410,23:30,2020-01-09 23:30,0.231,,,,,,,,,,,2,Insulin,2020-01-09 23:30,281
6,"Thu, Jan 9",2020-01-09,Insulin,1415,23:35,2020-01-09 23:35,0.071,,,,,,,,,,,2,Insulin,2020-01-09 23:35,282
6,"Thu, Jan 9",2020-01-09,Insulin,1420,23:40,2020-01-09 23:40,0.046,,,,,,,,,,,2,Insulin,2020-01-09 23:40,283
6,"Thu, Jan 9",2020-01-09,Insulin,1425,23:45,2020-01-09 23:45,0.061,,,,,,,,,,,2,Insulin,2020-01-09 23:45,284
6,"Thu, Jan 9",2020-01-09,Insulin,1430,23:50,2020-01-09 23:50,0.076,,,,,,,,,,,2,Insulin,2020-01-09 23:50,285
6,"Thu, Jan 9",2020-01-09,Insulin,1435,23:55,2020-01-09 23:55,0.079,,,,,,,,,,,2,Insulin,2020-01-09 23:55,286
6,"Thu, Jan 9",2020-01-09,Meal Announcement,1035,17:15,2020-01-09 17:15,0,Meal,,"Lunch, More Than Usual, 5:19 PM","Lunch, More Than Usual, 5:19 PM",Lunch,L,More Than Usual,5:19 PM,,,3,Meal Announcement,2020-01-09 17:19,0
6,"Thu, Jan 9",2020-01-09,Event,1175,19:35,2020-01-09 19:35,0,Event,,"Event: Insulin Paused, 7:35 PM","Event: Insulin Paused, 7:35 PM",,,,,Insulin Paused,7:35 PM,4,Event,2020-01-09 19:35,0
6,"Thu, Jan 9",2020-01-09,Event,695,11:35,2020-01-09 11:35,0,Event,,"Event: Weight Changed, 11:35 AM","Event: Weight Changed, 11:35 AM",,,,,Weight Changed,11:35 AM,4,Event,2020-01-09 11:35,1
7,"Wed, Jan 8",2020-01-08,CGM,0,00:00,2020-01-08 00:00,67,,,,,,,,,,,1,CGM,2020-01-08 00:02,0
7,"Wed, Jan 8",2020-01-08,CGM,5,00:05,2020-01-08 00:05,63,,,,,,,,,,,1,CGM,2020-01-08 00:07,1
7,"Wed, Jan 8",2020-01-08,CGM,10,00:10,2020-01-08 00:10,61,,,,,,,,,,,1,CGM,2020-01-08 00:12,2
7,"Wed, Jan 8",2020-01-08,CGM,15,00:15,2020-01-08 00:15,67,,,,,,,,,,,1,CGM,2020-01-08 00:17,3
7,"Wed, Jan 8",2020-01-08,CGM,20,00:20,2020-01-08 00:20,78,,,,,,,,,,,1,CGM,2020-01-08 00:22,4
7,"Wed, Jan 8",2020-01-08,CGM,25,00:25,2020-01-08 00:25,89,,,,,,,,,,,1,CGM,2020-01-08 00:27,5
7,"Wed, Jan 8",2020-01-08,CGM,30,00:30,2020-01-08 00:30,93,,,,,,,,,,,1,CGM,2020-01-08 00:32,6
7,"Wed, Jan 8",2020-01-08,CGM,35,00:35,2020-01-08 00:35,85,,,,,,,,,,,1,CGM,2020-01-08 00:37,7
7,"Wed, Jan 8",2020-01-08,CGM,40,00:40,2020-01-08 00:40,92,,,,,,,,,,,1,CGM,2020-01-08 00:42,8
7,"Wed, Jan 8",2020-01-08,CGM,45,00:45,2020-01-08 00:45,103,,,,,,,,,,,1,CGM,2020-01-08 00:47,9
7,"Wed, Jan 8",2020-01-08,CGM,50,00:50,2020-01-08 00:50,117,,,,,,,,,,,1,CGM,2020-01-08 00:52,10
7,"Wed, Jan 8",2020-01-08,CGM,55,00:55,2020-01-08 00:55,114,,,,,,,,,,,1,CGM,2020-01-08 00:58,11
7,"Wed, Jan 8",2020-01-08,CGM,60,01:00,2020-01-08 01:00,114,,,,,,,,,,,1,CGM,2020-01-08 01:02,12
7,"Wed, Jan 8",2020-01-08,CGM,65,01:05,2020-01-08 01:05,116,,,,,,,,,,,1,CGM,2020-01-08 01:07,13
7,"Wed, Jan 8",2020-01-08,CGM,70,01:10,2020-01-08 01:10,118,,,,,,,,,,,1,CGM,2020-01-08 01:12,14
7,"Wed, Jan 8",2020-01-08,CGM,75,01:15,2020-01-08 01:15,118,,,,,,,,,,,1,CGM,2020-01-08 01:18,15
7,"Wed, Jan 8",2020-01-08,CGM,80,01:20,2020-01-08 01:20,123,,,,,,,,,,,1,CGM,2020-01-08 01:22,16
7,"Wed, Jan 8",2020-01-08,CGM,85,01:25,2020-01-08 01:25,125,,,,,,,,,,,1,CGM,2020-01-08 01:27,17
7,"Wed, Jan 8",2020-01-08,CGM,90,01:30,2020-01-08 01:30,129,,,,,,,,,,,1,CGM,2020-01-08 01:32,18
7,"Wed, Jan 8",2020-01-08,CGM,95,01:35,2020-01-08 01:35,130,,,,,,,,,,,1,CGM,2020-01-08 01:38,19
7,"Wed, Jan 8",2020-01-08,CGM,100,01:40,2020-01-08 01:40,130,,,,,,,,,,,1,CGM,2020-01-08 01:42,20
7,"Wed, Jan 8",2020-01-08,CGM,105,01:45,2020-01-08 01:45,126,,,,,,,,,,,1,CGM,2020-01-08 01:47,21
7,"Wed, Jan 8",2020-01-08,CGM,110,01:50,2020-01-08 01:50,129,,,,,,,,,,,1,CGM,2020-01-08 01:52,22
7,"Wed, Jan 8",2020-01-08,CGM,115,01:55,2020-01-08 01:55,126,,,,,,,,,,,1,CGM,2020-01-08 01:57,23
7,"Wed, Jan 8",2020-01-08,CGM,120,02:00,2020-01-08 02:00,125,,,,,,,,,,,1,CGM,2020-01-08 02:02,24
7,"Wed, Jan 8",2020-01-08,CGM,125,02:05,2020-01-08 02:05,121,,,,,,,,,,,1,CGM,2020-01-08 02:07,25
7,"Wed, Jan 8",2020-01-08,CGM,130,02:10,2020-01-08 02:10,119,,,,,,,,,,,1,CGM,2020-01-08 02:12,26
7,"Wed, Jan 8",2020-01-08,CGM,135,02:15,2020-01-08 02:15,116,,,,,,,,,,,1,CGM,2020-01-08 02:17,27
7,"Wed, Jan 8",2020-01-08,CGM,140,02:20,2020-01-08 02:20,114,,,,,,,,,,,1,CGM,2020-01-08 02:22,28
7,"Wed, Jan 8",2020-01-08,CGM,145,02:25,2020-01-08 02:25,113,,,,,,,,,,,1,CGM,2020-01-08 02:27,29
7,"Wed, Jan 8",2020-01-08,CGM,150,02:30,2020-01-08 02:30,106,,,,,,,,,,,1,CGM,2020-01-08 02:32,30
7,"Wed, Jan 8",2020-01-08,CGM,155,02:35,2020-01-08 02:35,106,,,,,,,,,,,1,CGM,2020-01-08 02:37,31
7,"Wed, Jan 8",2020-01-08,CGM,160,02:40,2020-01-08 02:40,106,,,,,,,,,,,1,CGM,2020-01-08 02:42,32
7,"Wed, Jan 8",2020-01-08,CGM,165,02:45,2020-01-08 02:45,102,,,,,,,,,,,1,CGM,2020-01-08 02:47,33
7,"Wed, Jan 8",2020-01-08,CGM,170,02:50,2020-01-08 02:50,99,,,,,,,,,,,1,CGM,2020-01-08 02:52,34
7,"Wed, Jan 8",2020-01-08,CGM,175,02:55,2020-01-08 02:55,95,,,,,,,,,,,1,CGM,2020-01-08 02:57,35
7,"Wed, Jan 8",2020-01-08,CGM,180,03:00,2020-01-08 03:00,93,,,,,,,,,,,1,CGM,2020-01-08 03:02,36
7,"Wed, Jan 8",2020-01-08,CGM,185,03:05,2020-01-08 03:05,91,,,,,,,,,,,1,CGM,2020-01-08 03:07,37
7,"Wed, Jan 8",2020-01-08,CGM,190,03:10,2020-01-08 03:10,89,,,,,,,,,,,1,CGM,2020-01-08 03:12,38
7,"Wed, Jan 8",2020-01-08,CGM,195,03:15,2020-01-08 03:15,84,,,,,,,,,,,1,CGM,2020-01-08 03:17,39
7,"Wed, Jan 8",2020-01-08,CGM,200,03:20,2020-01-08 03:20,84,,,,,,,,,,,1,CGM,2020-01-08 03:22,40
7,"Wed, Jan 8",2020-01-08,CGM,205,03:25,2020-01-08 03:25,82,,,,,,,,,,,1,CGM,2020-01-08 03:27,41
7,"Wed, Jan 8",2020-01-08,CGM,210,03:30,2020-01-08 03:30,77,,,,,,,,,,,1,CGM,2020-01-08 03:32,42
7,"Wed, Jan 8",2020-01-08,CGM,215,03:35,2020-01-08 03:35,75,,,,,,,,,,,1,CGM,2020-01-08 03:37,43
7,"Wed, Jan 8",2020-01-08,CGM,220,03:40,2020-01-08 03:40,74,,,,,,,,,,,1,CGM,2020-01-08 03:42,44
7,"Wed, Jan 8",2020-01-08,CGM,225,03:45,2020-01-08 03:45,72,,,,,,,,,,,1,CGM,2020-01-08 03:47,45
7,"Wed, Jan 8",2020-01-08,CGM,230,03:50,2020-01-08 03:50,70,,,,,,,,,,,1,CGM,2020-01-08 03:52,46
7,"Wed, Jan 8",2020-01-08,CGM,235,03:55,2020-01-08 03:55,70,,,,,,,,,,,1,CGM,2020-01-08 03:57,47
7,"Wed, Jan 8",2020-01-08,CGM,240,04:00,2020-01-08 04:00,70,,,,,,,,,,,1,CGM,2020-01-08 04:02,48
7,"Wed, Jan 8",2020-01-08,CGM,245,04:05,2020-01-08 04:05,69,,,,,,,,,,,1,CGM,2020-01-08 04:07,49
7,"Wed, Jan 8",2020-01-08,CGM,250,04:10,2020-01-08 04:10,69,,,,,,,,,,,1,CGM,2020-01-08 04:12,50
7,"Wed, Jan 8",2020-01-08,CGM,255,04:15,2020-01-08 04:15,72,,,,,,,,,,,1,CGM,2020-01-08 04:17,51
7,"Wed, Jan 8",2020-01-08,CGM,260,04:20,2020-01-08 04:20,71,,,,,,,,,,,1,CGM,2020-01-08 04:22,52
7,"Wed, Jan 8",2020-01-08,CGM,265,04:25,2020-01-08 04:25,67,,,,,,,,,,,1,CGM,2020-01-08 04:27,53
7,"Wed, Jan 8",2020-01-08,CGM,270,04:30,2020-01-08 04:30,67,,,,,,,,,,,1,CGM,2020-01-08 04:32,54
7,"Wed, Jan 8",2020-01-08,CGM,275,04:35,2020-01-08 04:35,68,,,,,,,,,,,1,CGM,2020-01-08 04:37,55
7,"Wed, Jan 8",2020-01-08,CGM,280,04:40,2020-01-08 04:40,68,,,,,,,,,,,1,CGM,2020-01-08 04:42,56
7,"Wed, Jan 8",2020-01-08,CGM,285,04:45,2020-01-08 04:45,72,,,,,,,,,,,1,CGM,2020-01-08 04:47,57
7,"Wed, Jan 8",2020-01-08,CGM,290,04:50,2020-01-08 04:50,79,,,,,,,,,,,1,CGM,2020-01-08 04:52,58
7,"Wed, Jan 8",2020-01-08,CGM,295,04:55,2020-01-08 04:55,86,,,,,,,,,,,1,CGM,2020-01-08 04:57,59
7,"Wed, Jan 8",2020-01-08,CGM,300,05:00,2020-01-08 05:00,93,,,,,,,,,,,1,CGM,2020-01-08 05:02,60
7,"Wed, Jan 8",2020-01-08,CGM,305,05:05,2020-01-08 05:05,99,,,,,,,,,,,1,CGM,2020-01-08 05:07,61
7,"Wed, Jan 8",2020-01-08,CGM,310,05:10,2020-01-08 05:10,106,,,,,,,,,,,1,CGM,2020-01-08 05:12,62
7,"Wed, Jan 8",2020-01-08,CGM,315,05:15,2020-01-08 05:15,114,,,,,,,,,,,1,CGM,2020-01-08 05:17,63
7,"Wed, Jan 8",2020-01-08,CGM,320,05:20,2020-01-08 05:20,120,,,,,,,,,,,1,CGM,2020-01-08 05:22,64
7,"Wed, Jan 8",2020-01-08,CGM,325,05:25,2020-01-08 05:25,125,,,,,,,,,,,1,CGM,2020-01-08 05:27,65
7,"Wed, Jan 8",2020-01-08,CGM,330,05:30,2020-01-08 05:30,132,,,,,,,,,,,1,CGM,2020-01-08 05:32,66
7,"Wed, Jan 8",2020-01-08,CGM,335,05:35,2020-01-08 05:35,137,,,,,,,,,,,1,CGM,2020-01-08 05:37,67
7,"Wed, Jan 8",2020-01-08,CGM,340,05:40,2020-01-08 05:40,145,,,,,,,,,,,1,CGM,2020-01-08 05:42,68
7,"Wed, Jan 8",2020-01-08,CGM,345,05:45,2020-01-08 05:45,149,,,,,,,,,,,1,CGM,2020-01-08 05:47,69
7,"Wed, Jan 8",2020-01-08,CGM,350,05:50,2020-01-08 05:50,156,,,,,,,,,,,1,CGM,2020-01-08 05:53,70
7,"Wed, Jan 8",2020-01-08,CGM,355,05:55,2020-01-08 05:55,166,,,,,,,,,,,1,CGM,2020-01-08 05:57,71
7,"Wed, Jan 8",2020-01-08,CGM,360,06:00,2020-01-08 06:00,179,,,,,,,,,,,1,CGM,2020-01-08 06:02,72
7,"Wed, Jan 8",2020-01-08,CGM,365,06:05,2020-01-08 06:05,176,,,,,,,,,,,1,CGM,2020-01-08 06:07,73
7,"Wed, Jan 8",2020-01-08,CGM,370,06:10,2020-01-08 06:10,176,,,,,,,,,,,1,CGM,2020-01-08 06:12,74
7,"Wed, Jan 8",2020-01-08,CGM,375,06:15,2020-01-08 06:15,173,,,,,,,,,,,1,CGM,2020-01-08 06:17,75
7,"Wed, Jan 8",2020-01-08,CGM,380,06:20,2020-01-08 06:20,168,,,,,,,,,,,1,CGM,2020-01-08 06:22,76
7,"Wed, Jan 8",2020-01-08,CGM,385,06:25,2020-01-08 06:25,163,,,,,,,,,,,1,CGM,2020-01-08 06:27,77
7,"Wed, Jan 8",2020-01-08,CGM,390,06:30,2020-01-08 06:30,156,,,,,,,,,,,1,CGM,2020-01-08 06:32,78
7,"Wed, Jan 8",2020-01-08,CGM,395,06:35,2020-01-08 06:35,152,,,,,,,,,,,1,CGM,2020-01-08 06:37,79
7,"Wed, Jan 8",2020-01-08,CGM,400,06:40,2020-01-08 06:40,149,,,,,,,,,,,1,CGM,2020-01-08 06:42,80
7,"Wed, Jan 8",2020-01-08,CGM,405,06:45,2020-01-08 06:45,145,,,,,,,,,,,1,CGM,2020-01-08 06:47,81
7,"Wed, Jan 8",2020-01-08,CGM,410,06:50,2020-01-08 06:50,144,,,,,,,,,,,1,CGM,2020-01-08 06:52,82
7,"Wed, Jan 8",2020-01-08,CGM,415,06:55,2020-01-08 06:55,140,,,,,,,,,,,1,CGM,2020-01-08 06:57,83
7,"Wed, Jan 8",2020-01-08,CGM,420,07:00,2020-01-08 07:00,139,,,,,,,,,,,1,CGM,2020-01-08 07:02,84
7,"Wed, Jan 8",2020-01-08,CGM,425,07:05,2020-01-08 07:05,138,,,,,,,,,,,1,CGM,2020-01-08 07:07,85
7,"Wed, Jan 8",2020-01-08,CGM,430,07:10,2020-01-08 07:10,138,,,,,,,,,,,1,CGM,2020-01-08 07:12,86
7,"Wed, Jan 8",2020-01-08,CGM,435,07:15,2020-01-08 07:15,135,,,,,,,,,,,1,CGM,2020-01-08 07:17,87
7,"Wed, Jan 8",2020-01-08,CGM,440,07:20,2020-01-08 07:20,130,,,,,,,,,,,1,CGM,2020-01-08 07:22,88
7,"Wed, Jan 8",2020-01-08,CGM,445,07:25,2020-01-08 07:25,131,,,,,,,,,,,1,CGM,2020-01-08 07:27,89
7,"Wed, Jan 8",2020-01-08,CGM,450,07:30,2020-01-08 07:30,125,,,,,,,,,,,1,CGM,2020-01-08 07:32,90
7,"Wed, Jan 8",2020-01-08,CGM,455,07:35,2020-01-08 07:35,128,,,,,,,,,,,1,CGM,2020-01-08 07:37,91
7,"Wed, Jan 8",2020-01-08,CGM,460,07:40,2020-01-08 07:40,134,,,,,,,,,,,1,CGM,2020-01-08 07:42,92
7,"Wed, Jan 8",2020-01-08,CGM,465,07:45,2020-01-08 07:45,137,,,,,,,,,,,1,CGM,2020-01-08 07:47,93
7,"Wed, Jan 8",2020-01-08,CGM,470,07:50,2020-01-08 07:50,139,,,,,,,,,,,1,CGM,2020-01-08 07:52,94
7,"Wed, Jan 8",2020-01-08,CGM,475,07:55,2020-01-08 07:55,155,,,,,,,,,,,1,CGM,2020-01-08 07:57,95
7,"Wed, Jan 8",2020-01-08,CGM,480,08:00,2020-01-08 08:00,164,,,,,,,,,,,1,CGM,2020-01-08 08:02,96
7,"Wed, Jan 8",2020-01-08,CGM,485,08:05,2020-01-08 08:05,172,,,,,,,,,,,1,CGM,2020-01-08 08:07,97
7,"Wed, Jan 8",2020-01-08,CGM,490,08:10,2020-01-08 08:10,181,,,,,,,,,,,1,CGM,2020-01-08 08:12,98
7,"Wed, Jan 8",2020-01-08,CGM,495,08:15,2020-01-08 08:15,189,,,,,,,,,,,1,CGM,2020-01-08 08:17,99
7,"Wed, Jan 8",2020-01-08,CGM,500,08:20,2020-01-08 08:20,198,,,,,,,,,,,1,CGM,2020-01-08 08:22,100
7,"Wed, Jan 8",2020-01-08,CGM,505,08:25,2020-01-08 08:25,201,,,,,,,,,,,1,CGM,2020-01-08 08:27,101
7,"Wed, Jan 8",2020-01-08,CGM,510,08:30,2020-01-08 08:30,204,,,,,,,,,,,1,CGM,2020-01-08 08:32,102
7,"Wed, Jan 8",2020-01-08,CGM,515,08:35,2020-01-08 08:35,208,,,,,,,,,,,1,CGM,2020-01-08 08:37,103
7,"Wed, Jan 8",2020-01-08,CGM,520,08:40,2020-01-08 08:40,213,,,,,,,,,,,1,CGM,2020-01-08 08:42,104
7,"Wed, Jan 8",2020-01-08,CGM,525,08:45,2020-01-08 08:45,215,,,,,,,,,,,1,CGM,2020-01-08 08:47,105
7,"Wed, Jan 8",2020-01-08,CGM,530,08:50,2020-01-08 08:50,220,,,,,,,,,,,1,CGM,2020-01-08 08:52,106
7,"Wed, Jan 8",2020-01-08,CGM,535,08:55,2020-01-08 08:55,223,,,,,,,,,,,1,CGM,2020-01-08 08:57,107
7,"Wed, Jan 8",2020-01-08,CGM,540,09:00,2020-01-08 09:00,226,,,,,,,,,,,1,CGM,2020-01-08 09:02,108
7,"Wed, Jan 8",2020-01-08,CGM,545,09:05,2020-01-08 09:05,225,,,,,,,,,,,1,CGM,2020-01-08 09:07,109
7,"Wed, Jan 8",2020-01-08,CGM,550,09:10,2020-01-08 09:10,221,,,,,,,,,,,1,CGM,2020-01-08 09:12,110
7,"Wed, Jan 8",2020-01-08,CGM,555,09:15,2020-01-08 09:15,223,,,,,,,,,,,1,CGM,2020-01-08 09:17,111
7,"Wed, Jan 8",2020-01-08,CGM,560,09:20,2020-01-08 09:20,221,,,,,,,,,,,1,CGM,2020-01-08 09:22,112
7,"Wed, Jan 8",2020-01-08,CGM,565,09:25,2020-01-08 09:25,217,,,,,,,,,,,1,CGM,2020-01-08 09:27,113
7,"Wed, Jan 8",2020-01-08,CGM,570,09:30,2020-01-08 09:30,212,,,,,,,,,,,1,CGM,2020-01-08 09:32,114
7,"Wed, Jan 8",2020-01-08,CGM,575,09:35,2020-01-08 09:35,207,,,,,,,,,,,1,CGM,2020-01-08 09:37,115
7,"Wed, Jan 8",2020-01-08,CGM,580,09:40,2020-01-08 09:40,203,,,,,,,,,,,1,CGM,2020-01-08 09:42,116
7,"Wed, Jan 8",2020-01-08,CGM,585,09:45,2020-01-08 09:45,200,,,,,,,,,,,1,CGM,2020-01-08 09:47,117
7,"Wed, Jan 8",2020-01-08,CGM,590,09:50,2020-01-08 09:50,199,,,,,,,,,,,1,CGM,2020-01-08 09:52,118
7,"Wed, Jan 8",2020-01-08,CGM,595,09:55,2020-01-08 09:55,190,,,,,,,,,,,1,CGM,2020-01-08 09:57,119
7,"Wed, Jan 8",2020-01-08,CGM,600,10:00,2020-01-08 10:00,188,,,,,,,,,,,1,CGM,2020-01-08 10:02,120
7,"Wed, Jan 8",2020-01-08,CGM,605,10:05,2020-01-08 10:05,182,,,,,,,,,,,1,CGM,2020-01-08 10:07,121
7,"Wed, Jan 8",2020-01-08,CGM,610,10:10,2020-01-08 10:10,182,,,,,,,,,,,1,CGM,2020-01-08 10:12,122
7,"Wed, Jan 8",2020-01-08,CGM,615,10:15,2020-01-08 10:15,181,,,,,,,,,,,1,CGM,2020-01-08 10:17,123
7,"Wed, Jan 8",2020-01-08,CGM,620,10:20,2020-01-08 10:20,177,,,,,,,,,,,1,CGM,2020-01-08 10:22,124
7,"Wed, Jan 8",2020-01-08,CGM,625,10:25,2020-01-08 10:25,175,,,,,,,,,,,1,CGM,2020-01-08 10:27,125
7,"Wed, Jan 8",2020-01-08,CGM,630,10:30,2020-01-08 10:30,182,,,,,,,,,,,1,CGM,2020-01-08 10:32,126
7,"Wed, Jan 8",2020-01-08,CGM,635,10:35,2020-01-08 10:35,185,,,,,,,,,,,1,CGM,2020-01-08 10:37,127
7,"Wed, Jan 8",2020-01-08,CGM,640,10:40,2020-01-08 10:40,185,,,,,,,,,,,1,CGM,2020-01-08 10:42,128
7,"Wed, Jan 8",2020-01-08,CGM,645,10:45,2020-01-08 10:45,181,,,,,,,,,,,1,CGM,2020-01-08 10:47,129
7,"Wed, Jan 8",2020-01-08,CGM,650,10:50,2020-01-08 10:50,186,,,,,,,,,,,1,CGM,2020-01-08 10:52,130
7,"Wed, Jan 8",2020-01-08,CGM,655,10:55,2020-01-08 10:55,188,,,,,,,,,,,1,CGM,2020-01-08 10:57,131
7,"Wed, Jan 8",2020-01-08,CGM,660,11:00,2020-01-08 11:00,184,,,,,,,,,,,1,CGM,2020-01-08 11:02,132
7,"Wed, Jan 8",2020-01-08,CGM,665,11:05,2020-01-08 11:05,177,,,,,,,,,,,1,CGM,2020-01-08 11:07,133
7,"Wed, Jan 8",2020-01-08,CGM,670,11:10,2020-01-08 11:10,185,,,,,,,,,,,1,CGM,2020-01-08 11:12,134
7,"Wed, Jan 8",2020-01-08,CGM,675,11:15,2020-01-08 11:15,190,,,,,,,,,,,1,CGM,2020-01-08 11:17,135
7,"Wed, Jan 8",2020-01-08,CGM,680,11:20,2020-01-08 11:20,193,,,,,,,,,,,1,CGM,2020-01-08 11:22,136
7,"Wed, Jan 8",2020-01-08,CGM,685,11:25,2020-01-08 11:25,200,,,,,,,,,,,1,CGM,2020-01-08 11:27,137
7,"Wed, Jan 8",2020-01-08,CGM,690,11:30,2020-01-08 11:30,208,,,,,,,,,,,1,CGM,2020-01-08 11:32,138
7,"Wed, Jan 8",2020-01-08,CGM,695,11:35,2020-01-08 11:35,209,,,,,,,,,,,1,CGM,2020-01-08 11:37,139
7,"Wed, Jan 8",2020-01-08,CGM,700,11:40,2020-01-08 11:40,209,,,,,,,,,,,1,CGM,2020-01-08 11:42,140
7,"Wed, Jan 8",2020-01-08,CGM,705,11:45,2020-01-08 11:45,200,,,,,,,,,,,1,CGM,2020-01-08 11:47,141
7,"Wed, Jan 8",2020-01-08,CGM,710,11:50,2020-01-08 11:50,197,,,,,,,,,,,1,CGM,2020-01-08 11:52,142
7,"Wed, Jan 8",2020-01-08,CGM,715,11:55,2020-01-08 11:55,203,,,,,,,,,,,1,CGM,2020-01-08 11:57,143
7,"Wed, Jan 8",2020-01-08,CGM,720,12:00,2020-01-08 12:00,207,,,,,,,,,,,1,CGM,2020-01-08 12:02,144
7,"Wed, Jan 8",2020-01-08,CGM,725,12:05,2020-01-08 12:05,208,,,,,,,,,,,1,CGM,2020-01-08 12:07,145
7,"Wed, Jan 8",2020-01-08,CGM,730,12:10,2020-01-08 12:10,205,,,,,,,,,,,1,CGM,2020-01-08 12:12,146
7,"Wed, Jan 8",2020-01-08,CGM,735,12:15,2020-01-08 12:15,197,,,,,,,,,,,1,CGM,2020-01-08 12:17,147
7,"Wed, Jan 8",2020-01-08,CGM,740,12:20,2020-01-08 12:20,199,,,,,,,,,,,1,CGM,2020-01-08 12:22,148
7,"Wed, Jan 8",2020-01-08,CGM,745,12:25,2020-01-08 12:25,206,,,,,,,,,,,1,CGM,2020-01-08 12:27,149
7,"Wed, Jan 8",2020-01-08,CGM,750,12:30,2020-01-08 12:30,209,,,,,,,,,,,1,CGM,2020-01-08 12:32,150
7,"Wed, Jan 8",2020-01-08,CGM,755,12:35,2020-01-08 12:35,207,,,,,,,,,,,1,CGM,2020-01-08 12:37,151
7,"Wed, Jan 8",2020-01-08,CGM,760,12:40,2020-01-08 12:40,204,,,,,,,,,,,1,CGM,2020-01-08 12:42,152
7,"Wed, Jan 8",2020-01-08,CGM,765,12:45,2020-01-08 12:45,199,,,,,,,,,,,1,CGM,2020-01-08 12:47,153
7,"Wed, Jan 8",2020-01-08,CGM,770,12:50,2020-01-08 12:50,192,,,,,,,,,,,1,CGM,2020-01-08 12:52,154
7,"Wed, Jan 8",2020-01-08,CGM,775,12:55,2020-01-08 12:55,183,,,,,,,,,,,1,CGM,2020-01-08 12:57,155
7,"Wed, Jan 8",2020-01-08,CGM,780,13:00,2020-01-08 13:00,176,,,,,,,,,,,1,CGM,2020-01-08 13:02,156
7,"Wed, Jan 8",2020-01-08,CGM,785,13:05,2020-01-08 13:05,169,,,,,,,,,,,1,CGM,2020-01-08 13:07,157
7,"Wed, Jan 8",2020-01-08,CGM,790,13:10,2020-01-08 13:10,149,,,,,,,,,,,1,CGM,2020-01-08 13:12,158
7,"Wed, Jan 8",2020-01-08,CGM,795,13:15,2020-01-08 13:15,140,,,,,,,,,,,1,CGM,2020-01-08 13:17,159
7,"Wed, Jan 8",2020-01-08,CGM,800,13:20,2020-01-08 13:20,129,,,,,,,,,,,1,CGM,2020-01-08 13:22,160
7,"Wed, Jan 8",2020-01-08,CGM,805,13:25,2020-01-08 13:25,118,,,,,,,,,,,1,CGM,2020-01-08 13:27,161
7,"Wed, Jan 8",2020-01-08,CGM,810,13:30,2020-01-08 13:30,108,,,,,,,,,,,1,CGM,2020-01-08 13:32,162
7,"Wed, Jan 8",2020-01-08,CGM,815,13:35,2020-01-08 13:35,98,,,,,,,,,,,1,CGM,2020-01-08 13:37,163
7,"Wed, Jan 8",2020-01-08,CGM,820,13:40,2020-01-08 13:40,90,,,,,,,,,,,1,CGM,2020-01-08 13:42,164
7,"Wed, Jan 8",2020-01-08,CGM,825,13:45,2020-01-08 13:45,85,,,,,,,,,,,1,CGM,2020-01-08 13:47,165
7,"Wed, Jan 8",2020-01-08,CGM,830,13:50,2020-01-08 13:50,82,,,,,,,,,,,1,CGM,2020-01-08 13:52,166
7,"Wed, Jan 8",2020-01-08,CGM,835,13:55,2020-01-08 13:55,76,,,,,,,,,,,1,CGM,2020-01-08 13:57,167
7,"Wed, Jan 8",2020-01-08,CGM,840,14:00,2020-01-08 14:00,81,,,,,,,,,,,1,CGM,2020-01-08 14:02,168
7,"Wed, Jan 8",2020-01-08,CGM,845,14:05,2020-01-08 14:05,79,,,,,,,,,,,1,CGM,2020-01-08 14:07,169
7,"Wed, Jan 8",2020-01-08,CGM,850,14:10,2020-01-08 14:10,81,,,,,,,,,,,1,CGM,2020-01-08 14:12,170
7,"Wed, Jan 8",2020-01-08,CGM,855,14:15,2020-01-08 14:15,83,,,,,,,,,,,1,CGM,2020-01-08 14:17,171
7,"Wed, Jan 8",2020-01-08,CGM,860,14:20,2020-01-08 14:20,85,,,,,,,,,,,1,CGM,2020-01-08 14:22,172
7,"Wed, Jan 8",2020-01-08,CGM,865,14:25,2020-01-08 14:25,85,,,,,,,,,,,1,CGM,2020-01-08 14:27,173
7,"Wed, Jan 8",2020-01-08,CGM,870,14:30,2020-01-08 14:30,91,,,,,,,,,,,1,CGM,2020-01-08 14:32,174
7,"Wed, Jan 8",2020-01-08,CGM,875,14:35,2020-01-08 14:35,104,,,,,,,,,,,1,CGM,2020-01-08 14:37,175
7,"Wed, Jan 8",2020-01-08,CGM,880,14:40,2020-01-08 14:40,125,,,,,,,,,,,1,CGM,2020-01-08 14:42,176
7,"Wed, Jan 8",2020-01-08,CGM,885,14:45,2020-01-08 14:45,141,,,,,,,,,,,1,CGM,2020-01-08 14:47,177
7,"Wed, Jan 8",2020-01-08,CGM,890,14:50,2020-01-08 14:50,158,,,,,,,,,,,1,CGM,2020-01-08 14:52,178
7,"Wed, Jan 8",2020-01-08,CGM,895,14:55,2020-01-08 14:55,163,,,,,,,,,,,1,CGM,2020-01-08 14:57,179
7,"Wed, Jan 8",2020-01-08,CGM,900,15:00,2020-01-08 15:00,167,,,,,,,,,,,1,CGM,2020-01-08 15:02,180
7,"Wed, Jan 8",2020-01-08,CGM,905,15:05,2020-01-08 15:05,194,,,,,,,,,,,1,CGM,2020-01-08 15:08,181
7,"Wed, Jan 8",2020-01-08,CGM,910,15:10,2020-01-08 15:10,220,,,,,,,,,,,1,CGM,2020-01-08 15:13,182
7,"Wed, Jan 8",2020-01-08,CGM,915,15:15,2020-01-08 15:15,241,,,,,,,,,,,1,CGM,2020-01-08 15:18,183
7,"Wed, Jan 8",2020-01-08,CGM,920,15:20,2020-01-08 15:20,253,,,,,,,,,,,1,CGM,2020-01-08 15:22,184
7,"Wed, Jan 8",2020-01-08,CGM,925,15:25,2020-01-08 15:25,246,,,,,,,,,,,1,CGM,2020-01-08 15:27,185
7,"Wed, Jan 8",2020-01-08,CGM,930,15:30,2020-01-08 15:30,235,,,,,,,,,,,1,CGM,2020-01-08 15:32,186
7,"Wed, Jan 8",2020-01-08,CGM,935,15:35,2020-01-08 15:35,221,,,,,,,,,,,1,CGM,2020-01-08 15:37,187
7,"Wed, Jan 8",2020-01-08,CGM,940,15:40,2020-01-08 15:40,214,,,,,,,,,,,1,CGM,2020-01-08 15:42,188
7,"Wed, Jan 8",2020-01-08,CGM,945,15:45,2020-01-08 15:45,205,,,,,,,,,,,1,CGM,2020-01-08 15:47,189
7,"Wed, Jan 8",2020-01-08,CGM,950,15:50,2020-01-08 15:50,192,,,,,,,,,,,1,CGM,2020-01-08 15:52,190
7,"Wed, Jan 8",2020-01-08,CGM,955,15:55,2020-01-08 15:55,178,,,,,,,,,,,1,CGM,2020-01-08 15:57,191
7,"Wed, Jan 8",2020-01-08,CGM,960,16:00,2020-01-08 16:00,164,,,,,,,,,,,1,CGM,2020-01-08 16:02,192
7,"Wed, Jan 8",2020-01-08,CGM,965,16:05,2020-01-08 16:05,148,,,,,,,,,,,1,CGM,2020-01-08 16:07,193
7,"Wed, Jan 8",2020-01-08,CGM,970,16:10,2020-01-08 16:10,138,,,,,,,,,,,1,CGM,2020-01-08 16:12,194
7,"Wed, Jan 8",2020-01-08,CGM,975,16:15,2020-01-08 16:15,125,,,,,,,,,,,1,CGM,2020-01-08 16:17,195
7,"Wed, Jan 8",2020-01-08,CGM,980,16:20,2020-01-08 16:20,114,,,,,,,,,,,1,CGM,2020-01-08 16:22,196
7,"Wed, Jan 8",2020-01-08,CGM,985,16:25,2020-01-08 16:25,103,,,,,,,,,,,1,CGM,2020-01-08 16:27,197
7,"Wed, Jan 8",2020-01-08,CGM,990,16:30,2020-01-08 16:30,94,,,,,,,,,,,1,CGM,2020-01-08 16:32,198
7,"Wed, Jan 8",2020-01-08,CGM,995,16:35,2020-01-08 16:35,88,,,,,,,,,,,1,CGM,2020-01-08 16:37,199
7,"Wed, Jan 8",2020-01-08,CGM,1000,16:40,2020-01-08 16:40,80,,,,,,,,,,,1,CGM,2020-01-08 16:42,200
7,"Wed, Jan 8",2020-01-08,CGM,1005,16:45,2020-01-08 16:45,76,,,,,,,,,,,1,CGM,2020-01-08 16:47,201
7,"Wed, Jan 8",2020-01-08,CGM,1010,16:50,2020-01-08 16:50,72,,,,,,,,,,,1,CGM,2020-01-08 16:52,202
7,"Wed, Jan 8",2020-01-08,CGM,1015,16:55,2020-01-08 16:55,60,,,,,,,,,,,1,CGM,2020-01-08 16:57,203
7,"Wed, Jan 8",2020-01-08,CGM,1020,17:00,2020-01-08 17:00,63,,,,,,,,,,,1,CGM,2020-01-08 17:02,204
7,"Wed, Jan 8",2020-01-08,CGM,1025,17:05,2020-01-08 17:05,51,,,,,,,,,,,1,CGM,2020-01-08 17:07,205
7,"Wed, Jan 8",2020-01-08,CGM,1030,17:10,2020-01-08 17:10,54,,,,,,,,,,,1,CGM,2020-01-08 17:12,206
7,"Wed, Jan 8",2020-01-08,CGM,1035,17:15,2020-01-08 17:15,55,,,,,,,,,,,1,CGM,2020-01-08 17:17,207
7,"Wed, Jan 8",2020-01-08,CGM,1040,17:20,2020-01-08 17:20,55,,,,,,,,,,,1,CGM,2020-01-08 17:22,208
7,"Wed, Jan 8",2020-01-08,CGM,1045,17:25,2020-01-08 17:25,68,,,,,,,,,,,1,CGM,2020-01-08 17:27,209
7,"Wed, Jan 8",2020-01-08,CGM,1050,17:30,2020-01-08 17:30,84,,,,,,,,,,,1,CGM,2020-01-08 17:32,210
7,"Wed, Jan 8",2020-01-08,CGM,1055,17:35,2020-01-08 17:35,116,,,,,,,,,,,1,CGM,2020-01-08 17:37,211
7,"Wed, Jan 8",2020-01-08,CGM,1060,17:40,2020-01-08 17:40,135,,,,,,,,,,,1,CGM,2020-01-08 17:42,212
7,"Wed, Jan 8",2020-01-08,CGM,1065,17:45,2020-01-08 17:45,137,,,,,,,,,,,1,CGM,2020-01-08 17:47,213
7,"Wed, Jan 8",2020-01-08,CGM,1070,17:50,2020-01-08 17:50,135,,,,,,,,,,,1,CGM,2020-01-08 17:52,214
7,"Wed, Jan 8",2020-01-08,CGM,1075,17:55,2020-01-08 17:55,154,,,,,,,,,,,1,CGM,2020-01-08 17:57,215
7,"Wed, Jan 8",2020-01-08,CGM,1080,18:00,2020-01-08 18:00,171,,,,,,,,,,,1,CGM,2020-01-08 18:02,216
7,"Wed, Jan 8",2020-01-08,CGM,1085,18:05,2020-01-08 18:05,183,,,,,,,,,,,1,CGM,2020-01-08 18:07,217
7,"Wed, Jan 8",2020-01-08,CGM,1090,18:10,2020-01-08 18:10,196,,,,,,,,,,,1,CGM,2020-01-08 18:12,218
7,"Wed, Jan 8",2020-01-08,CGM,1095,18:15,2020-01-08 18:15,204,,,,,,,,,,,1,CGM,2020-01-08 18:17,219
7,"Wed, Jan 8",2020-01-08,CGM,1100,18:20,2020-01-08 18:20,212,,,,,,,,,,,1,CGM,2020-01-08 18:22,220
7,"Wed, Jan 8",2020-01-08,CGM,1105,18:25,2020-01-08 18:25,216,,,,,,,,,,,1,CGM,2020-01-08 18:27,221
7,"Wed, Jan 8",2020-01-08,CGM,1110,18:30,2020-01-08 18:30,227,,,,,,,,,,,1,CGM,2020-01-08 18:32,222
7,"Wed, Jan 8",2020-01-08,CGM,1115,18:35,2020-01-08 18:35,232,,,,,,,,,,,1,CGM,2020-01-08 18:37,223
7,"Wed, Jan 8",2020-01-08,CGM,1120,18:40,2020-01-08 18:40,243,,,,,,,,,,,1,CGM,2020-01-08 18:42,224
7,"Wed, Jan 8",2020-01-08,CGM,1125,18:45,2020-01-08 18:45,255,,,,,,,,,,,1,CGM,2020-01-08 18:47,225
7,"Wed, Jan 8",2020-01-08,CGM,1130,18:50,2020-01-08 18:50,265,,,,,,,,,,,1,CGM,2020-01-08 18:52,226
7,"Wed, Jan 8",2020-01-08,CGM,1135,18:55,2020-01-08 18:55,270,,,,,,,,,,,1,CGM,2020-01-08 18:57,227
7,"Wed, Jan 8",2020-01-08,CGM,1140,19:00,2020-01-08 19:00,271,,,,,,,,,,,1,CGM,2020-01-08 19:02,228
7,"Wed, Jan 8",2020-01-08,CGM,1145,19:05,2020-01-08 19:05,270,,,,,,,,,,,1,CGM,2020-01-08 19:07,229
7,"Wed, Jan 8",2020-01-08,CGM,1150,19:10,2020-01-08 19:10,275,,,,,,,,,,,1,CGM,2020-01-08 19:12,230
7,"Wed, Jan 8",2020-01-08,CGM,1155,19:15,2020-01-08 19:15,277,,,,,,,,,,,1,CGM,2020-01-08 19:17,231
7,"Wed, Jan 8",2020-01-08,CGM,1160,19:20,2020-01-08 19:20,293,,,,,,,,,,,1,CGM,2020-01-08 19:22,232
7,"Wed, Jan 8",2020-01-08,CGM,1165,19:25,2020-01-08 19:25,300,,,,,,,,,,,1,CGM,2020-01-08 19:27,233
7,"Wed, Jan 8",2020-01-08,CGM,1170,19:30,2020-01-08 19:30,305,,,,,,,,,,,1,CGM,2020-01-08 19:32,234
7,"Wed, Jan 8",2020-01-08,CGM,1175,19:35,2020-01-08 19:35,315,,,,,,,,,,,1,CGM,2020-01-08 19:37,235
7,"Wed, Jan 8",2020-01-08,CGM,1180,19:40,2020-01-08 19:40,315,,,,,,,,,,,1,CGM,2020-01-08 19:42,236
7,"Wed, Jan 8",2020-01-08,CGM,1185,19:45,2020-01-08 19:45,324,,,,,,,,,,,1,CGM,2020-01-08 19:47,237
7,"Wed, Jan 8",2020-01-08,CGM,1190,19:50,2020-01-08 19:50,338,,,,,,,,,,,1,CGM,2020-01-08 19:52,238
7,"Wed, Jan 8",2020-01-08,CGM,1195,19:55,2020-01-08 19:55,348,,,,,,,,,,,1,CGM,2020-01-08 19:57,239
7,"Wed, Jan 8",2020-01-08,CGM,1200,20:00,2020-01-08 20:00,352,,,,,,,,,,,1,CGM,2020-01-08 20:02,240
7,"Wed, Jan 8",2020-01-08,CGM,1205,20:05,2020-01-08 20:05,350,,,,,,,,,,,1,CGM,2020-01-08 20:07,241
7,"Wed, Jan 8",2020-01-08,CGM,1210,20:10,2020-01-08 20:10,347,,,,,,,,,,,1,CGM,2020-01-08 20:12,242
7,"Wed, Jan 8",2020-01-08,CGM,1215,20:15,2020-01-08 20:15,336,,,,,,,,,,,1,CGM,2020-01-08 20:17,243
7,"Wed, Jan 8",2020-01-08,CGM,1220,20:20,2020-01-08 20:20,339,,,,,,,,,,,1,CGM,2020-01-08 20:22,244
7,"Wed, Jan 8",2020-01-08,CGM,1225,20:25,2020-01-08 20:25,342,,,,,,,,,,,1,CGM,2020-01-08 20:27,245
7,"Wed, Jan 8",2020-01-08,CGM,1230,20:30,2020-01-08 20:30,343,,,,,,,,,,,1,CGM,2020-01-08 20:32,246
7,"Wed, Jan 8",2020-01-08,CGM,1235,20:35,2020-01-08 20:35,336,,,,,,,,,,,1,CGM,2020-01-08 20:37,247
7,"Wed, Jan 8",2020-01-08,CGM,1240,20:40,2020-01-08 20:40,338,,,,,,,,,,,1,CGM,2020-01-08 20:42,248
7,"Wed, Jan 8",2020-01-08,CGM,1245,20:45,2020-01-08 20:45,336,,,,,,,,,,,1,CGM,2020-01-08 20:47,249
7,"Wed, Jan 8",2020-01-08,CGM,1250,20:50,2020-01-08 20:50,334,,,,,,,,,,,1,CGM,2020-01-08 20:52,250
7,"Wed, Jan 8",2020-01-08,CGM,1255,20:55,2020-01-08 20:55,329,,,,,,,,,,,1,CGM,2020-01-08 20:57,251
7,"Wed, Jan 8",2020-01-08,CGM,1260,21:00,2020-01-08 21:00,322,,,,,,,,,,,1,CGM,2020-01-08 21:02,252
7,"Wed, Jan 8",2020-01-08,CGM,1265,21:05,2020-01-08 21:05,311,,,,,,,,,,,1,CGM,2020-01-08 21:07,253
7,"Wed, Jan 8",2020-01-08,CGM,1270,21:10,2020-01-08 21:10,307,,,,,,,,,,,1,CGM,2020-01-08 21:12,254
7,"Wed, Jan 8",2020-01-08,CGM,1275,21:15,2020-01-08 21:15,299,,,,,,,,,,,1,CGM,2020-01-08 21:17,255
7,"Wed, Jan 8",2020-01-08,CGM,1280,21:20,2020-01-08 21:20,301,,,,,,,,,,,1,CGM,2020-01-08 21:22,256
7,"Wed, Jan 8",2020-01-08,CGM,1285,21:25,2020-01-08 21:25,293,,,,,,,,,,,1,CGM,2020-01-08 21:27,257
7,"Wed, Jan 8",2020-01-08,CGM,1290,21:30,2020-01-08 21:30,276,,,,,,,,,,,1,CGM,2020-01-08 21:32,258
7,"Wed, Jan 8",2020-01-08,CGM,1295,21:35,2020-01-08 21:35,273,,,,,,,,,,,1,CGM,2020-01-08 21:37,259
7,"Wed, Jan 8",2020-01-08,CGM,1300,21:40,2020-01-08 21:40,274,,,,,,,,,,,1,CGM,2020-01-08 21:42,260
7,"Wed, Jan 8",2020-01-08,CGM,1305,21:45,2020-01-08 21:45,271,,,,,,,,,,,1,CGM,2020-01-08 21:47,261
7,"Wed, Jan 8",2020-01-08,CGM,1310,21:50,2020-01-08 21:50,263,,,,,,,,,,,1,CGM,2020-01-08 21:52,262
7,"Wed, Jan 8",2020-01-08,CGM,1315,21:55,2020-01-08 21:55,262,,,,,,,,,,,1,CGM,2020-01-08 21:57,263
7,"Wed, Jan 8",2020-01-08,CGM,1320,22:00,2020-01-08 22:00,259,,,,,,,,,,,1,CGM,2020-01-08 22:02,264
7,"Wed, Jan 8",2020-01-08,CGM,1325,22:05,2020-01-08 22:05,257,,,,,,,,,,,1,CGM,2020-01-08 22:07,265
7,"Wed, Jan 8",2020-01-08,CGM,1330,22:10,2020-01-08 22:10,245,,,,,,,,,,,1,CGM,2020-01-08 22:12,266
7,"Wed, Jan 8",2020-01-08,CGM,1335,22:15,2020-01-08 22:15,237,,,,,,,,,,,1,CGM,2020-01-08 22:17,267
7,"Wed, Jan 8",2020-01-08,CGM,1340,22:20,2020-01-08 22:20,233,,,,,,,,,,,1,CGM,2020-01-08 22:22,268
7,"Wed, Jan 8",2020-01-08,CGM,1345,22:25,2020-01-08 22:25,230,,,,,,,,,,,1,CGM,2020-01-08 22:27,269
7,"Wed, Jan 8",2020-01-08,CGM,1350,22:30,2020-01-08 22:30,223,,,,,,,,,,,1,CGM,2020-01-08 22:32,270
7,"Wed, Jan 8",2020-01-08,CGM,1355,22:35,2020-01-08 22:35,221,,,,,,,,,,,1,CGM,2020-01-08 22:37,271
7,"Wed, Jan 8",2020-01-08,CGM,1360,22:40,2020-01-08 22:40,220,,,,,,,,,,,1,CGM,2020-01-08 22:42,272
7,"Wed, Jan 8",2020-01-08,CGM,1365,22:45,2020-01-08 22:45,216,,,,,,,,,,,1,CGM,2020-01-08 22:47,273
7,"Wed, Jan 8",2020-01-08,CGM,1370,22:50,2020-01-08 22:50,209,,,,,,,,,,,1,CGM,2020-01-08 22:52,274
7,"Wed, Jan 8",2020-01-08,CGM,1375,22:55,2020-01-08 22:55,201,,,,,,,,,,,1,CGM,2020-01-08 22:57,275
7,"Wed, Jan 8",2020-01-08,CGM,1380,23:00,2020-01-08 23:00,195,,,,,,,,,,,1,CGM,2020-01-08 23:02,276
7,"Wed, Jan 8",2020-01-08,CGM,1385,23:05,2020-01-08 23:05,188,,,,,,,,,,,1,CGM,2020-01-08 23:07,277
7,"Wed, Jan 8",2020-01-08,CGM,1390,23:10,2020-01-08 23:10,181,,,,,,,,,,,1,CGM,2020-01-08 23:12,278
7,"Wed, Jan 8",2020-01-08,CGM,1395,23:15,2020-01-08 23:15,174,,,,,,,,,,,1,CGM,2020-01-08 23:17,279
7,"Wed, Jan 8",2020-01-08,CGM,1400,23:20,2020-01-08 23:20,174,,,,,,,,,,,1,CGM,2020-01-08 23:22,280
7,"Wed, Jan 8",2020-01-08,CGM,1405,23:25,2020-01-08 23:25,177,,,,,,,,,,,1,CGM,2020-01-08 23:27,281
7,"Wed, Jan 8",2020-01-08,CGM,1410,23:30,2020-01-08 23:30,183,,,,,,,,,,,1,CGM,2020-01-08 23:32,282
7,"Wed, Jan 8",2020-01-08,CGM,1415,23:35,2020-01-08 23:35,174,,,,,,,,,,,1,CGM,2020-01-08 23:37,283
7,"Wed, Jan 8",2020-01-08,CGM,1420,23:40,2020-01-08 23:40,159,,,,,,,,,,,1,CGM,2020-01-08 23:42,284
7,"Wed, Jan 8",2020-01-08,CGM,1425,23:45,2020-01-08 23:45,156,,,,,,,,,,,1,CGM,2020-01-08 23:47,285
7,"Wed, Jan 8",2020-01-08,CGM,1430,23:50,2020-01-08 23:50,155,,,,,,,,,,,1,CGM,2020-01-08 23:52,286
7,"Wed, Jan 8",2020-01-08,CGM,1435,23:55,2020-01-08 23:55,153,,,,,,,,,,,1,CGM,2020-01-08 23:57,287
7,"Wed, Jan 8",2020-01-08,Insulin,0,00:00,2020-01-08 00:00,0,,,,,,,,,,,2,Insulin,2020-01-08 00:02,0
7,"Wed, Jan 8",2020-01-08,Insulin,5,00:05,2020-01-08 00:05,0,,,,,,,,,,,2,Insulin,2020-01-08 00:07,1
7,"Wed, Jan 8",2020-01-08,Insulin,10,00:10,2020-01-08 00:10,0,,,,,,,,,,,2,Insulin,2020-01-08 00:12,2
7,"Wed, Jan 8",2020-01-08,Insulin,15,00:15,2020-01-08 00:15,0,,,,,,,,,,,2,Insulin,2020-01-08 00:17,3
7,"Wed, Jan 8",2020-01-08,Insulin,20,00:20,2020-01-08 00:20,0,,,,,,,,,,,2,Insulin,2020-01-08 00:22,4
7,"Wed, Jan 8",2020-01-08,Insulin,25,00:25,2020-01-08 00:25,0,,,,,,,,,,,2,Insulin,2020-01-08 00:27,5
7,"Wed, Jan 8",2020-01-08,Insulin,30,00:30,2020-01-08 00:30,0.071,,,,,,,,,,,2,Insulin,2020-01-08 00:32,6
7,"Wed, Jan 8",2020-01-08,Insulin,35,00:35,2020-01-08 00:35,0.071,,,,,,,,,,,2,Insulin,2020-01-08 00:37,7
7,"Wed, Jan 8",2020-01-08,Insulin,40,00:40,2020-01-08 00:40,0,,,,,,,,,,,2,Insulin,2020-01-08 00:42,8
7,"Wed, Jan 8",2020-01-08,Insulin,45,00:45,2020-01-08 00:45,0.076,,,,,,,,,,,2,Insulin,2020-01-08 00:47,9
7,"Wed, Jan 8",2020-01-08,Insulin,50,00:50,2020-01-08 00:50,0.086,,,,,,,,,,,2,Insulin,2020-01-08 00:52,10
7,"Wed, Jan 8",2020-01-08,Insulin,55,00:55,2020-01-08 00:55,0.1,,,,,,,,,,,2,Insulin,2020-01-08 00:58,11
7,"Wed, Jan 8",2020-01-08,Insulin,60,01:00,2020-01-08 01:00,0.072,,,,,,,,,,,2,Insulin,2020-01-08 01:02,12
7,"Wed, Jan 8",2020-01-08,Insulin,65,01:05,2020-01-08 01:05,0.102,,,,,,,,,,,2,Insulin,2020-01-08 01:07,13
7,"Wed, Jan 8",2020-01-08,Insulin,70,01:10,2020-01-08 01:10,0.099,,,,,,,,,,,2,Insulin,2020-01-08 01:12,14
7,"Wed, Jan 8",2020-01-08,Insulin,75,01:15,2020-01-08 01:15,0.114,,,,,,,,,,,2,Insulin,2020-01-08 01:18,15
7,"Wed, Jan 8",2020-01-08,Insulin,80,01:20,2020-01-08 01:20,0.107,,,,,,,,,,,2,Insulin,2020-01-08 01:22,16
7,"Wed, Jan 8",2020-01-08,Insulin,85,01:25,2020-01-08 01:25,0.117,,,,,,,,,,,2,Insulin,2020-01-08 01:27,17
7,"Wed, Jan 8",2020-01-08,Insulin,90,01:30,2020-01-08 01:30,0.122,,,,,,,,,,,2,Insulin,2020-01-08 01:32,18
7,"Wed, Jan 8",2020-01-08,Insulin,95,01:35,2020-01-08 01:35,0.138,,,,,,,,,,,2,Insulin,2020-01-08 01:38,19
7,"Wed, Jan 8",2020-01-08,Insulin,100,01:40,2020-01-08 01:40,0.127,,,,,,,,,,,2,Insulin,2020-01-08 01:42,20
7,"Wed, Jan 8",2020-01-08,Insulin,105,01:45,2020-01-08 01:45,0.132,,,,,,,,,,,2,Insulin,2020-01-08 01:47,21
7,"Wed, Jan 8",2020-01-08,Insulin,110,01:50,2020-01-08 01:50,0.074,,,,,,,,,,,2,Insulin,2020-01-08 01:52,22
7,"Wed, Jan 8",2020-01-08,Insulin,115,01:55,2020-01-08 01:55,0.18,,,,,,,,,,,2,Insulin,2020-01-08 01:57,23
7,"Wed, Jan 8",2020-01-08,Insulin,120,02:00,2020-01-08 02:00,0.086,,,,,,,,,,,2,Insulin,2020-01-08 02:02,24
7,"Wed, Jan 8",2020-01-08,Insulin,125,02:05,2020-01-08 02:05,0.112,,,,,,,,,,,2,Insulin,2020-01-08 02:07,25
7,"Wed, Jan 8",2020-01-08,Insulin,130,02:10,2020-01-08 02:10,0.069,,,,,,,,,,,2,Insulin,2020-01-08 02:12,26
7,"Wed, Jan 8",2020-01-08,Insulin,135,02:15,2020-01-08 02:15,0.097,,,,,,,,,,,2,Insulin,2020-01-08 02:17,27
7,"Wed, Jan 8",2020-01-08,Insulin,140,02:20,2020-01-08 02:20,0.077,,,,,,,,,,,2,Insulin,2020-01-08 02:22,28
7,"Wed, Jan 8",2020-01-08,Insulin,145,02:25,2020-01-08 02:25,0.088,,,,,,,,,,,2,Insulin,2020-01-08 02:27,29
7,"Wed, Jan 8",2020-01-08,Insulin,150,02:30,2020-01-08 02:30,0.102,,,,,,,,,,,2,Insulin,2020-01-08 02:32,30
7,"Wed, Jan 8",2020-01-08,Insulin,155,02:35,2020-01-08 02:35,0,,,,,,,,,,,2,Insulin,2020-01-08 02:37,31
7,"Wed, Jan 8",2020-01-08,Insulin,160,02:40,2020-01-08 02:40,0.102,,,,,,,,,,,2,Insulin,2020-01-08 02:42,32
7,"Wed, Jan 8",2020-01-08,Insulin,165,02:45,2020-01-08 02:45,0.102,,,,,,,,,,,2,Insulin,2020-01-08 02:47,33
7,"Wed, Jan 8",2020-01-08,Insulin,170,02:50,2020-01-08 02:50,0,,,,,,,,,,,2,Insulin,2020-01-08 02:52,34
7,"Wed, Jan 8",2020-01-08,Insulin,175,02:55,2020-01-08 02:55,0.066,,,,,,,,,,,2,Insulin,2020-01-08 02:57,35
7,"Wed, Jan 8",2020-01-08,Insulin,180,03:00,2020-01-08 03:00,0,,,,,,,,,,,2,Insulin,2020-01-08 03:02,36
7,"Wed, Jan 8",2020-01-08,Insulin,185,03:05,2020-01-08 03:05,0.066,,,,,,,,,,,2,Insulin,2020-01-08 03:07,37
7,"Wed, Jan 8",2020-01-08,Insulin,190,03:10,2020-01-08 03:10,0.066,,,,,,,,,,,2,Insulin,2020-01-08 03:12,38
7,"Wed, Jan 8",2020-01-08,Insulin,195,03:15,2020-01-08 03:15,0,,,,,,,,,,,2,Insulin,2020-01-08 03:17,39
7,"Wed, Jan 8",2020-01-08,Insulin,200,03:20,2020-01-08 03:20,0,,,,,,,,,,,2,Insulin,2020-01-08 03:22,40
7,"Wed, Jan 8",2020-01-08,Insulin,205,03:25,2020-01-08 03:25,0.074,,,,,,,,,,,2,Insulin,2020-01-08 03:27,41
7,"Wed, Jan 8",2020-01-08,Insulin,210,03:30,2020-01-08 03:30,0,,,,,,,,,,,2,Insulin,2020-01-08 03:32,42
7,"Wed, Jan 8",2020-01-08,Insulin,215,03:35,2020-01-08 03:35,0,,,,,,,,,,,2,Insulin,2020-01-08 03:37,43
7,"Wed, Jan 8",2020-01-08,Insulin,220,03:40,2020-01-08 03:40,0,,,,,,,,,,,2,Insulin,2020-01-08 03:42,44
7,"Wed, Jan 8",2020-01-08,Insulin,225,03:45,2020-01-08 03:45,0,,,,,,,,,,,2,Insulin,2020-01-08 03:47,45
7,"Wed, Jan 8",2020-01-08,Insulin,230,03:50,2020-01-08 03:50,0,,,,,,,,,,,2,Insulin,2020-01-08 03:52,46
7,"Wed, Jan 8",2020-01-08,Insulin,235,03:55,2020-01-08 03:55,0,,,,,,,,,,,2,Insulin,2020-01-08 03:57,47
7,"Wed, Jan 8",2020-01-08,Insulin,240,04:00,2020-01-08 04:00,0,,,,,,,,,,,2,Insulin,2020-01-08 04:02,48
7,"Wed, Jan 8",2020-01-08,Insulin,245,04:05,2020-01-08 04:05,0,,,,,,,,,,,2,Insulin,2020-01-08 04:07,49
7,"Wed, Jan 8",2020-01-08,Insulin,250,04:10,2020-01-08 04:10,0,,,,,,,,,,,2,Insulin,2020-01-08 04:12,50
7,"Wed, Jan 8",2020-01-08,Insulin,255,04:15,2020-01-08 04:15,0,,,,,,,,,,,2,Insulin,2020-01-08 04:17,51
7,"Wed, Jan 8",2020-01-08,Insulin,260,04:20,2020-01-08 04:20,0,,,,,,,,,,,2,Insulin,2020-01-08 04:22,52
7,"Wed, Jan 8",2020-01-08,Insulin,265,04:25,2020-01-08 04:25,0,,,,,,,,,,,2,Insulin,2020-01-08 04:27,53
7,"Wed, Jan 8",2020-01-08,Insulin,270,04:30,2020-01-08 04:30,0,,,,,,,,,,,2,Insulin,2020-01-08 04:32,54
7,"Wed, Jan 8",2020-01-08,Insulin,275,04:35,2020-01-08 04:35,0,,,,,,,,,,,2,Insulin,2020-01-08 04:37,55
7,"Wed, Jan 8",2020-01-08,Insulin,280,04:40,2020-01-08 04:40,0,,,,,,,,,,,2,Insulin,2020-01-08 04:42,56
7,"Wed, Jan 8",2020-01-08,Insulin,285,04:45,2020-01-08 04:45,0,,,,,,,,,,,2,Insulin,2020-01-08 04:47,57
7,"Wed, Jan 8",2020-01-08,Insulin,290,04:50,2020-01-08 04:50,0,,,,,,,,,,,2,Insulin,2020-01-08 04:52,58
7,"Wed, Jan 8",2020-01-08,Insulin,295,04:55,2020-01-08 04:55,0,,,,,,,,,,,2,Insulin,2020-01-08 04:57,59
7,"Wed, Jan 8",2020-01-08,Insulin,300,05:00,2020-01-08 05:00,0,,,,,,,,,,,2,Insulin,2020-01-08 05:02,60
7,"Wed, Jan 8",2020-01-08,Insulin,305,05:05,2020-01-08 05:05,0.051,,,,,,,,,,,2,Insulin,2020-01-08 05:07,61
7,"Wed, Jan 8",2020-01-08,Insulin,310,05:10,2020-01-08 05:10,0,,,,,,,,,,,2,Insulin,2020-01-08 05:12,62
7,"Wed, Jan 8",2020-01-08,Insulin,315,05:15,2020-01-08 05:15,0.048,,,,,,,,,,,2,Insulin,2020-01-08 05:17,63
7,"Wed, Jan 8",2020-01-08,Insulin,320,05:20,2020-01-08 05:20,0.043,,,,,,,,,,,2,Insulin,2020-01-08 05:22,64
7,"Wed, Jan 8",2020-01-08,Insulin,325,05:25,2020-01-08 05:25,0,,,,,,,,,,,2,Insulin,2020-01-08 05:27,65
7,"Wed, Jan 8",2020-01-08,Insulin,330,05:30,2020-01-08 05:30,0.043,,,,,,,,,,,2,Insulin,2020-01-08 05:32,66
7,"Wed, Jan 8",2020-01-08,Insulin,335,05:35,2020-01-08 05:35,0,,,,,,,,,,,2,Insulin,2020-01-08 05:37,67
7,"Wed, Jan 8",2020-01-08,Insulin,340,05:40,2020-01-08 05:40,0.051,,,,,,,,,,,2,Insulin,2020-01-08 05:42,68
7,"Wed, Jan 8",2020-01-08,Insulin,345,05:45,2020-01-08 05:45,0.215,,,,,,,,,,,2,Insulin,2020-01-08 05:47,69
7,"Wed, Jan 8",2020-01-08,Insulin,350,05:50,2020-01-08 05:50,0.353,,,,,,,,,,,2,Insulin,2020-01-08 05:53,70
7,"Wed, Jan 8",2020-01-08,Insulin,355,05:55,2020-01-08 05:55,0.7,,,,,,,,,,,2,Insulin,2020-01-08 05:57,71
7,"Wed, Jan 8",2020-01-08,Insulin,360,06:00,2020-01-08 06:00,0.49,,,,,,,,,,,2,Insulin,2020-01-08 06:02,72
7,"Wed, Jan 8",2020-01-08,Insulin,365,06:05,2020-01-08 06:05,0.407,,,,,,,,,,,2,Insulin,2020-01-08 06:07,73
7,"Wed, Jan 8",2020-01-08,Insulin,370,06:10,2020-01-08 06:10,0.046,,,,,,,,,,,2,Insulin,2020-01-08 06:12,74
7,"Wed, Jan 8",2020-01-08,Insulin,375,06:15,2020-01-08 06:15,0,,,,,,,,,,,2,Insulin,2020-01-08 06:17,75
7,"Wed, Jan 8",2020-01-08,Insulin,380,06:20,2020-01-08 06:20,0.051,,,,,,,,,,,2,Insulin,2020-01-08 06:22,76
7,"Wed, Jan 8",2020-01-08,Insulin,385,06:25,2020-01-08 06:25,0,,,,,,,,,,,2,Insulin,2020-01-08 06:27,77
7,"Wed, Jan 8",2020-01-08,Insulin,390,06:30,2020-01-08 06:30,0.048,,,,,,,,,,,2,Insulin,2020-01-08 06:32,78
7,"Wed, Jan 8",2020-01-08,Insulin,395,06:35,2020-01-08 06:35,0,,,,,,,,,,,2,Insulin,2020-01-08 06:37,79
7,"Wed, Jan 8",2020-01-08,Insulin,400,06:40,2020-01-08 06:40,0,,,,,,,,,,,2,Insulin,2020-01-08 06:42,80
7,"Wed, Jan 8",2020-01-08,Insulin,405,06:45,2020-01-08 06:45,0.046,,,,,,,,,,,2,Insulin,2020-01-08 06:47,81
7,"Wed, Jan 8",2020-01-08,Insulin,410,06:50,2020-01-08 06:50,0,,,,,,,,,,,2,Insulin,2020-01-08 06:52,82
7,"Wed, Jan 8",2020-01-08,Insulin,415,06:55,2020-01-08 06:55,0.046,,,,,,,,,,,2,Insulin,2020-01-08 06:57,83
7,"Wed, Jan 8",2020-01-08,Insulin,420,07:00,2020-01-08 07:00,0,,,,,,,,,,,2,Insulin,2020-01-08 07:02,84
7,"Wed, Jan 8",2020-01-08,Insulin,425,07:05,2020-01-08 07:05,0.046,,,,,,,,,,,2,Insulin,2020-01-08 07:07,85
7,"Wed, Jan 8",2020-01-08,Insulin,430,07:10,2020-01-08 07:10,0,,,,,,,,,,,2,Insulin,2020-01-08 07:12,86
7,"Wed, Jan 8",2020-01-08,Insulin,435,07:15,2020-01-08 07:15,0.043,,,,,,,,,,,2,Insulin,2020-01-08 07:17,87
7,"Wed, Jan 8",2020-01-08,Insulin,440,07:20,2020-01-08 07:20,0,,,,,,,,,,,2,Insulin,2020-01-08 07:22,88
7,"Wed, Jan 8",2020-01-08,Insulin,445,07:25,2020-01-08 07:25,0.048,,,,,,,,,,,2,Insulin,2020-01-08 07:27,89
7,"Wed, Jan 8",2020-01-08,Insulin,450,07:30,2020-01-08 07:30,0,,,,,,,,,,,2,Insulin,2020-01-08 07:32,90
7,"Wed, Jan 8",2020-01-08,Insulin,455,07:35,2020-01-08 07:35,0,,,,,,,,,,,2,Insulin,2020-01-08 07:37,91
7,"Wed, Jan 8",2020-01-08,Insulin,460,07:40,2020-01-08 07:40,0.043,,,,,,,,,,,2,Insulin,2020-01-08 07:42,92
7,"Wed, Jan 8",2020-01-08,Insulin,465,07:45,2020-01-08 07:45,0,,,,,,,,,,,2,Insulin,2020-01-08 07:47,93
7,"Wed, Jan 8",2020-01-08,Insulin,470,07:50,2020-01-08 07:50,0.048,,,,,,,,,,,2,Insulin,2020-01-08 07:52,94
7,"Wed, Jan 8",2020-01-08,Insulin,475,07:55,2020-01-08 07:55,0,,,,,,,,,,,2,Insulin,2020-01-08 07:57,95
7,"Wed, Jan 8",2020-01-08,Insulin,480,08:00,2020-01-08 08:00,0.325,,,,,,,,,,,2,Insulin,2020-01-08 08:02,96
7,"Wed, Jan 8",2020-01-08,Insulin,485,08:05,2020-01-08 08:05,0.132,,,,,,,,,,,2,Insulin,2020-01-08 08:07,97
7,"Wed, Jan 8",2020-01-08,Insulin,490,08:10,2020-01-08 08:10,0.18,,,,,,,,,,,2,Insulin,2020-01-08 08:12,98
7,"Wed, Jan 8",2020-01-08,Insulin,495,08:15,2020-01-08 08:15,0.307,,,,,,,,,,,2,Insulin,2020-01-08 08:17,99
7,"Wed, Jan 8",2020-01-08,Insulin,500,08:20,2020-01-08 08:20,0.325,,,,,,,,,,,2,Insulin,2020-01-08 08:22,100
7,"Wed, Jan 8",2020-01-08,Insulin,505,08:25,2020-01-08 08:25,0.371,,,,,,,,,,,2,Insulin,2020-01-08 08:27,101
7,"Wed, Jan 8",2020-01-08,Insulin,510,08:30,2020-01-08 08:30,0.122,,,,,,,,,,,2,Insulin,2020-01-08 08:32,102
7,"Wed, Jan 8",2020-01-08,Insulin,515,08:35,2020-01-08 08:35,0.092,,,,,,,,,,,2,Insulin,2020-01-08 08:37,103
7,"Wed, Jan 8",2020-01-08,Insulin,520,08:40,2020-01-08 08:40,0.163,,,,,,,,,,,2,Insulin,2020-01-08 08:42,104
7,"Wed, Jan 8",2020-01-08,Insulin,525,08:45,2020-01-08 08:45,0.247,,,,,,,,,,,2,Insulin,2020-01-08 08:47,105
7,"Wed, Jan 8",2020-01-08,Insulin,530,08:50,2020-01-08 08:50,0.163,,,,,,,,,,,2,Insulin,2020-01-08 08:52,106
7,"Wed, Jan 8",2020-01-08,Insulin,535,08:55,2020-01-08 08:55,0.282,,,,,,,,,,,2,Insulin,2020-01-08 08:57,107
7,"Wed, Jan 8",2020-01-08,Insulin,540,09:00,2020-01-08 09:00,0.221,,,,,,,,,,,2,Insulin,2020-01-08 09:02,108
7,"Wed, Jan 8",2020-01-08,Insulin,545,09:05,2020-01-08 09:05,0.206,,,,,,,,,,,2,Insulin,2020-01-08 09:07,109
7,"Wed, Jan 8",2020-01-08,Insulin,550,09:10,2020-01-08 09:10,0.064,,,,,,,,,,,2,Insulin,2020-01-08 09:12,110
7,"Wed, Jan 8",2020-01-08,Insulin,555,09:15,2020-01-08 09:15,0.051,,,,,,,,,,,2,Insulin,2020-01-08 09:17,111
7,"Wed, Jan 8",2020-01-08,Insulin,560,09:20,2020-01-08 09:20,0.173,,,,,,,,,,,2,Insulin,2020-01-08 09:22,112
7,"Wed, Jan 8",2020-01-08,Insulin,565,09:25,2020-01-08 09:25,0.066,,,,,,,,,,,2,Insulin,2020-01-08 09:27,113
7,"Wed, Jan 8",2020-01-08,Insulin,570,09:30,2020-01-08 09:30,0.053,,,,,,,,,,,2,Insulin,2020-01-08 09:32,114
7,"Wed, Jan 8",2020-01-08,Insulin,575,09:35,2020-01-08 09:35,0,,,,,,,,,,,2,Insulin,2020-01-08 09:37,115
7,"Wed, Jan 8",2020-01-08,Insulin,580,09:40,2020-01-08 09:40,0.046,,,,,,,,,,,2,Insulin,2020-01-08 09:42,116
7,"Wed, Jan 8",2020-01-08,Insulin,585,09:45,2020-01-08 09:45,0.046,,,,,,,,,,,2,Insulin,2020-01-08 09:47,117
7,"Wed, Jan 8",2020-01-08,Insulin,590,09:50,2020-01-08 09:50,0,,,,,,,,,,,2,Insulin,2020-01-08 09:52,118
7,"Wed, Jan 8",2020-01-08,Insulin,595,09:55,2020-01-08 09:55,0.061,,,,,,,,,,,2,Insulin,2020-01-08 09:57,119
7,"Wed, Jan 8",2020-01-08,Insulin,600,10:00,2020-01-08 10:00,0,,,,,,,,,,,2,Insulin,2020-01-08 10:02,120
7,"Wed, Jan 8",2020-01-08,Insulin,605,10:05,2020-01-08 10:05,0.046,,,,,,,,,,,2,Insulin,2020-01-08 10:07,121
7,"Wed, Jan 8",2020-01-08,Insulin,610,10:10,2020-01-08 10:10,0,,,,,,,,,,,2,Insulin,2020-01-08 10:12,122
7,"Wed, Jan 8",2020-01-08,Insulin,615,10:15,2020-01-08 10:15,0.051,,,,,,,,,,,2,Insulin,2020-01-08 10:17,123
7,"Wed, Jan 8",2020-01-08,Insulin,620,10:20,2020-01-08 10:20,0.053,,,,,,,,,,,2,Insulin,2020-01-08 10:22,124
7,"Wed, Jan 8",2020-01-08,Insulin,625,10:25,2020-01-08 10:25,0.046,,,,,,,,,,,2,Insulin,2020-01-08 10:27,125
7,"Wed, Jan 8",2020-01-08,Insulin,630,10:30,2020-01-08 10:30,0.069,,,,,,,,,,,2,Insulin,2020-01-08 10:32,126
7,"Wed, Jan 8",2020-01-08,Insulin,635,10:35,2020-01-08 10:35,0.376,,,,,,,,,,,2,Insulin,2020-01-08 10:37,127
7,"Wed, Jan 8",2020-01-08,Insulin,640,10:40,2020-01-08 10:40,0.234,,,,,,,,,,,2,Insulin,2020-01-08 10:42,128
7,"Wed, Jan 8",2020-01-08,Insulin,645,10:45,2020-01-08 10:45,0.081,,,,,,,,,,,2,Insulin,2020-01-08 10:47,129
7,"Wed, Jan 8",2020-01-08,Insulin,650,10:50,2020-01-08 10:50,0.046,,,,,,,,,,,2,Insulin,2020-01-08 10:52,130
7,"Wed, Jan 8",2020-01-08,Insulin,655,10:55,2020-01-08 10:55,0.292,,,,,,,,,,,2,Insulin,2020-01-08 10:57,131
7,"Wed, Jan 8",2020-01-08,Insulin,660,11:00,2020-01-08 11:00,0.168,,,,,,,,,,,2,Insulin,2020-01-08 11:02,132
7,"Wed, Jan 8",2020-01-08,Insulin,665,11:05,2020-01-08 11:05,0.051,,,,,,,,,,,2,Insulin,2020-01-08 11:07,133
7,"Wed, Jan 8",2020-01-08,Insulin,670,11:10,2020-01-08 11:10,0.046,,,,,,,,,,,2,Insulin,2020-01-08 11:12,134
7,"Wed, Jan 8",2020-01-08,Insulin,675,11:15,2020-01-08 11:15,0.21,,,,,,,,,,,2,Insulin,2020-01-08 11:17,135
7,"Wed, Jan 8",2020-01-08,Insulin,680,11:20,2020-01-08 11:20,0.231,,,,,,,,,,,2,Insulin,2020-01-08 11:22,136
7,"Wed, Jan 8",2020-01-08,Insulin,685,11:25,2020-01-08 11:25,0.241,,,,,,,,,,,2,Insulin,2020-01-08 11:27,137
7,"Wed, Jan 8",2020-01-08,Insulin,690,11:30,2020-01-08 11:30,0.452,,,,,,,,,,,2,Insulin,2020-01-08 11:32,138
7,"Wed, Jan 8",2020-01-08,Insulin,695,11:35,2020-01-08 11:35,0.503,,,,,,,,,,,2,Insulin,2020-01-08 11:37,139
7,"Wed, Jan 8",2020-01-08,Insulin,700,11:40,2020-01-08 11:40,0.2,,,,,,,,,,,2,Insulin,2020-01-08 11:42,140
7,"Wed, Jan 8",2020-01-08,Insulin,705,11:45,2020-01-08 11:45,0.109,,,,,,,,,,,2,Insulin,2020-01-08 11:47,141
7,"Wed, Jan 8",2020-01-08,Insulin,710,11:50,2020-01-08 11:50,0,,,,,,,,,,,2,Insulin,2020-01-08 11:52,142
7,"Wed, Jan 8",2020-01-08,Insulin,715,11:55,2020-01-08 11:55,0.058,,,,,,,,,,,2,Insulin,2020-01-08 11:57,143
7,"Wed, Jan 8",2020-01-08,Insulin,720,12:00,2020-01-08 12:00,0.165,,,,,,,,,,,2,Insulin,2020-01-08 12:02,144
7,"Wed, Jan 8",2020-01-08,Insulin,725,12:05,2020-01-08 12:05,0.272,,,,,,,,,,,2,Insulin,2020-01-08 12:07,145
7,"Wed, Jan 8",2020-01-08,Insulin,730,12:10,2020-01-08 12:10,0.288,,,,,,,,,,,2,Insulin,2020-01-08 12:12,146
7,"Wed, Jan 8",2020-01-08,Insulin,735,12:15,2020-01-08 12:15,0.096,,,,,,,,,,,2,Insulin,2020-01-08 12:17,147
7,"Wed, Jan 8",2020-01-08,Insulin,740,12:20,2020-01-08 12:20,0.043,,,,,,,,,,,2,Insulin,2020-01-08 12:22,148
7,"Wed, Jan 8",2020-01-08,Insulin,745,12:25,2020-01-08 12:25,0.107,,,,,,,,,,,2,Insulin,2020-01-08 12:27,149
7,"Wed, Jan 8",2020-01-08,Insulin,750,12:30,2020-01-08 12:30,0.407,,,,,,,,,,,2,Insulin,2020-01-08 12:32,150
7,"Wed, Jan 8",2020-01-08,Insulin,755,12:35,2020-01-08 12:35,0.447,,,,,,,,,,,2,Insulin,2020-01-08 12:37,151
7,"Wed, Jan 8",2020-01-08,Insulin,760,12:40,2020-01-08 12:40,0.182,,,,,,,,,,,2,Insulin,2020-01-08 12:42,152
7,"Wed, Jan 8",2020-01-08,Insulin,765,12:45,2020-01-08 12:45,0.104,,,,,,,,,,,2,Insulin,2020-01-08 12:47,153
7,"Wed, Jan 8",2020-01-08,Insulin,770,12:50,2020-01-08 12:50,0.076,,,,,,,,,,,2,Insulin,2020-01-08 12:52,154
7,"Wed, Jan 8",2020-01-08,Insulin,775,12:55,2020-01-08 12:55,0.043,,,,,,,,,,,2,Insulin,2020-01-08 12:57,155
7,"Wed, Jan 8",2020-01-08,Insulin,780,13:00,2020-01-08 13:00,0,,,,,,,,,,,2,Insulin,2020-01-08 13:02,156
7,"Wed, Jan 8",2020-01-08,Insulin,785,13:05,2020-01-08 13:05,0.051,,,,,,,,,,,2,Insulin,2020-01-08 13:07,157
7,"Wed, Jan 8",2020-01-08,Insulin,790,13:10,2020-01-08 13:10,0.051,,,,,,,,,,,2,Insulin,2020-01-08 13:12,158
7,"Wed, Jan 8",2020-01-08,Insulin,795,13:15,2020-01-08 13:15,0,,,,,,,,,,,2,Insulin,2020-01-08 13:17,159
7,"Wed, Jan 8",2020-01-08,Insulin,800,13:20,2020-01-08 13:20,0,,,,,,,,,,,2,Insulin,2020-01-08 13:22,160
7,"Wed, Jan 8",2020-01-08,Insulin,805,13:25,2020-01-08 13:25,0,,,,,,,,,,,2,Insulin,2020-01-08 13:27,161
7,"Wed, Jan 8",2020-01-08,Insulin,810,13:30,2020-01-08 13:30,0,,,,,,,,,,,2,Insulin,2020-01-08 13:32,162
7,"Wed, Jan 8",2020-01-08,Insulin,815,13:35,2020-01-08 13:35,0,,,,,,,,,,,2,Insulin,2020-01-08 13:37,163
7,"Wed, Jan 8",2020-01-08,Insulin,820,13:40,2020-01-08 13:40,0,,,,,,,,,,,2,Insulin,2020-01-08 13:42,164
7,"Wed, Jan 8",2020-01-08,Insulin,825,13:45,2020-01-08 13:45,0,,,,,,,,,,,2,Insulin,2020-01-08 13:47,165
7,"Wed, Jan 8",2020-01-08,Insulin,830,13:50,2020-01-08 13:50,0,,,,,,,,,,,2,Insulin,2020-01-08 13:52,166
7,"Wed, Jan 8",2020-01-08,Insulin,835,13:55,2020-01-08 13:55,0,,,,,,,,,,,2,Insulin,2020-01-08 13:57,167
7,"Wed, Jan 8",2020-01-08,Insulin,840,14:00,2020-01-08 14:00,0,,,,,,,,,,,2,Insulin,2020-01-08 14:02,168
7,"Wed, Jan 8",2020-01-08,Insulin,845,14:05,2020-01-08 14:05,0.066,,,,,,,,,,,2,Insulin,2020-01-08 14:07,169
7,"Wed, Jan 8",2020-01-08,Insulin,850,14:10,2020-01-08 14:10,0,,,,,,,,,,,2,Insulin,2020-01-08 14:12,170
7,"Wed, Jan 8",2020-01-08,Insulin,855,14:15,2020-01-08 14:15,0.067,,,,,,,,,,,2,Insulin,2020-01-08 14:17,171
7,"Wed, Jan 8",2020-01-08,Insulin,860,14:20,2020-01-08 14:20,0.062,,,,,,,,,,,2,Insulin,2020-01-08 14:22,172
7,"Wed, Jan 8",2020-01-08,Insulin,865,14:25,2020-01-08 14:25,0.069,,,,,,,,,,,2,Insulin,2020-01-08 14:27,173
7,"Wed, Jan 8",2020-01-08,Insulin,870,14:30,2020-01-08 14:30,0.064,,,,,,,,,,,2,Insulin,2020-01-08 14:32,174
7,"Wed, Jan 8",2020-01-08,Insulin,875,14:35,2020-01-08 14:35,0.066,,,,,,,,,,,2,Insulin,2020-01-08 14:37,175
7,"Wed, Jan 8",2020-01-08,Insulin,880,14:40,2020-01-08 14:40,0.081,,,,,,,,,,,2,Insulin,2020-01-08 14:42,176
7,"Wed, Jan 8",2020-01-08,Insulin,885,14:45,2020-01-08 14:45,0.145,,,,,,,,,,,2,Insulin,2020-01-08 14:47,177
7,"Wed, Jan 8",2020-01-08,Insulin,890,14:50,2020-01-08 14:50,0.107,,,,,,,,,,,2,Insulin,2020-01-08 14:52,178
7,"Wed, Jan 8",2020-01-08,Insulin,895,14:55,2020-01-08 14:55,0.632,,,,,,,,,,,2,Insulin,2020-01-08 14:57,179
7,"Wed, Jan 8",2020-01-08,Insulin,900,15:00,2020-01-08 15:00,0.333,,,,,,,,,,,2,Insulin,2020-01-08 15:02,180
7,"Wed, Jan 8",2020-01-08,Insulin,905,15:05,2020-01-08 15:05,0.305,,,,,,,,,,,2,Insulin,2020-01-08 15:08,181
7,"Wed, Jan 8",2020-01-08,Insulin,910,15:10,2020-01-08 15:10,1.448,,,,,,,,,,,2,Insulin,2020-01-08 15:13,182
7,"Wed, Jan 8",2020-01-08,Insulin,915,15:15,2020-01-08 15:15,1.715,,,,,,,,,,,2,Insulin,2020-01-08 15:18,183
7,"Wed, Jan 8",2020-01-08,Insulin,920,15:20,2020-01-08 15:20,1.504,,,,,,,,,,,2,Insulin,2020-01-08 15:22,184
7,"Wed, Jan 8",2020-01-08,Insulin,925,15:25,2020-01-08 15:25,0.892,,,,,,,,,,,2,Insulin,2020-01-08 15:27,185
7,"Wed, Jan 8",2020-01-08,Insulin,930,15:30,2020-01-08 15:30,0.051,,,,,,,,,,,2,Insulin,2020-01-08 15:32,186
7,"Wed, Jan 8",2020-01-08,Insulin,935,15:35,2020-01-08 15:35,0,,,,,,,,,,,2,Insulin,2020-01-08 15:37,187
7,"Wed, Jan 8",2020-01-08,Insulin,940,15:40,2020-01-08 15:40,0,,,,,,,,,,,2,Insulin,2020-01-08 15:42,188
7,"Wed, Jan 8",2020-01-08,Insulin,945,15:45,2020-01-08 15:45,0,,,,,,,,,,,2,Insulin,2020-01-08 15:47,189
7,"Wed, Jan 8",2020-01-08,Insulin,950,15:50,2020-01-08 15:50,0,,,,,,,,,,,2,Insulin,2020-01-08 15:52,190
7,"Wed, Jan 8",2020-01-08,Insulin,955,15:55,2020-01-08 15:55,0,,,,,,,,,,,2,Insulin,2020-01-08 15:57,191
7,"Wed, Jan 8",2020-01-08,Insulin,960,16:00,2020-01-08 16:00,0,,,,,,,,,,,2,Insulin,2020-01-08 16:02,192
7,"Wed, Jan 8",2020-01-08,Insulin,965,16:05,2020-01-08 16:05,0,,,,,,,,,,,2,Insulin,2020-01-08 16:07,193
7,"Wed, Jan 8",2020-01-08,Insulin,970,16:10,2020-01-08 16:10,0,,,,,,,,,,,2,Insulin,2020-01-08 16:12,194
7,"Wed, Jan 8",2020-01-08,Insulin,975,16:15,2020-01-08 16:15,0,,,,,,,,,,,2,Insulin,2020-01-08 16:17,195
7,"Wed, Jan 8",2020-01-08,Insulin,980,16:20,2020-01-08 16:20,0,,,,,,,,,,,2,Insulin,2020-01-08 16:22,196
7,"Wed, Jan 8",2020-01-08,Insulin,985,16:25,2020-01-08 16:25,0,,,,,,,,,,,2,Insulin,2020-01-08 16:27,197
7,"Wed, Jan 8",2020-01-08,Insulin,990,16:30,2020-01-08 16:30,0,,,,,,,,,,,2,Insulin,2020-01-08 16:32,198
7,"Wed, Jan 8",2020-01-08,Insulin,995,16:35,2020-01-08 16:35,0,,,,,,,,,,,2,Insulin,2020-01-08 16:37,199
7,"Wed, Jan 8",2020-01-08,Insulin,1000,16:40,2020-01-08 16:40,0,,,,,,,,,,,2,Insulin,2020-01-08 16:42,200
7,"Wed, Jan 8",2020-01-08,Insulin,1005,16:45,2020-01-08 16:45,0,,,,,,,,,,,2,Insulin,2020-01-08 16:47,201
7,"Wed, Jan 8",2020-01-08,Insulin,1010,16:50,2020-01-08 16:50,0,,,,,,,,,,,2,Insulin,2020-01-08 16:52,202
7,"Wed, Jan 8",2020-01-08,Insulin,1015,16:55,2020-01-08 16:55,0,,,,,,,,,,,2,Insulin,2020-01-08 16:57,203
7,"Wed, Jan 8",2020-01-08,Insulin,1020,17:00,2020-01-08 17:00,0,,,,,,,,,,,2,Insulin,2020-01-08 17:02,204
7,"Wed, Jan 8",2020-01-08,Insulin,1025,17:05,2020-01-08 17:05,0,,,,,,,,,,,2,Insulin,2020-01-08 17:07,205
7,"Wed, Jan 8",2020-01-08,Insulin,1030,17:10,2020-01-08 17:10,0,,,,,,,,,,,2,Insulin,2020-01-08 17:12,206
7,"Wed, Jan 8",2020-01-08,Insulin,1035,17:15,2020-01-08 17:15,0,,,,,,,,,,,2,Insulin,2020-01-08 17:17,207
7,"Wed, Jan 8",2020-01-08,Insulin,1040,17:20,2020-01-08 17:20,0,,,,,,,,,,,2,Insulin,2020-01-08 17:22,208
7,"Wed, Jan 8",2020-01-08,Insulin,1045,17:25,2020-01-08 17:25,0,,,,,,,,,,,2,Insulin,2020-01-08 17:27,209
7,"Wed, Jan 8",2020-01-08,Insulin,1050,17:30,2020-01-08 17:30,0,,,,,,,,,,,2,Insulin,2020-01-08 17:32,210
7,"Wed, Jan 8",2020-01-08,Insulin,1055,17:35,2020-01-08 17:35,0,,,,,,,,,,,2,Insulin,2020-01-08 17:37,211
7,"Wed, Jan 8",2020-01-08,Insulin,1060,17:40,2020-01-08 17:40,0,,,,,,,,,,,2,Insulin,2020-01-08 17:42,212
7,"Wed, Jan 8",2020-01-08,Insulin,1065,17:45,2020-01-08 17:45,0.069,,,,,,,,,,,2,Insulin,2020-01-08 17:47,213
7,"Wed, Jan 8",2020-01-08,Insulin,1070,17:50,2020-01-08 17:50,0.066,,,,,,,,,,,2,Insulin,2020-01-08 17:52,214
7,"Wed, Jan 8",2020-01-08,Insulin,1075,17:55,2020-01-08 17:55,0.056,,,,,,,,,,,2,Insulin,2020-01-08 17:57,215
7,"Wed, Jan 8",2020-01-08,Insulin,1080,18:00,2020-01-08 18:00,0.079,,,,,,,,,,,2,Insulin,2020-01-08 18:02,216
7,"Wed, Jan 8",2020-01-08,Insulin,1085,18:05,2020-01-08 18:05,0.084,,,,,,,,,,,2,Insulin,2020-01-08 18:07,217
7,"Wed, Jan 8",2020-01-08,Insulin,1090,18:10,2020-01-08 18:10,0.081,,,,,,,,,,,2,Insulin,2020-01-08 18:12,218
7,"Wed, Jan 8",2020-01-08,Insulin,1095,18:15,2020-01-08 18:15,0.091,,,,,,,,,,,2,Insulin,2020-01-08 18:17,219
7,"Wed, Jan 8",2020-01-08,Insulin,1100,18:20,2020-01-08 18:20,0.09,,,,,,,,,,,2,Insulin,2020-01-08 18:22,220
7,"Wed, Jan 8",2020-01-08,Insulin,1105,18:25,2020-01-08 18:25,0.093,,,,,,,,,,,2,Insulin,2020-01-08 18:27,221
7,"Wed, Jan 8",2020-01-08,Insulin,1110,18:30,2020-01-08 18:30,0.234,,,,,,,,,,,2,Insulin,2020-01-08 18:32,222
7,"Wed, Jan 8",2020-01-08,Insulin,1115,18:35,2020-01-08 18:35,0.5,,,,,,,,,,,2,Insulin,2020-01-08 18:37,223
7,"Wed, Jan 8",2020-01-08,Insulin,1120,18:40,2020-01-08 18:40,0.627,,,,,,,,,,,2,Insulin,2020-01-08 18:42,224
7,"Wed, Jan 8",2020-01-08,Insulin,1125,18:45,2020-01-08 18:45,0.995,,,,,,,,,,,2,Insulin,2020-01-08 18:47,225
7,"Wed, Jan 8",2020-01-08,Insulin,1130,18:50,2020-01-08 18:50,1.206,,,,,,,,,,,2,Insulin,2020-01-08 18:52,226
7,"Wed, Jan 8",2020-01-08,Insulin,1135,18:55,2020-01-08 18:55,1.186,,,,,,,,,,,2,Insulin,2020-01-08 18:57,227
7,"Wed, Jan 8",2020-01-08,Insulin,1140,19:00,2020-01-08 19:00,0.69,,,,,,,,,,,2,Insulin,2020-01-08 19:02,228
7,"Wed, Jan 8",2020-01-08,Insulin,1145,19:05,2020-01-08 19:05,0.134,,,,,,,,,,,2,Insulin,2020-01-08 19:07,229
7,"Wed, Jan 8",2020-01-08,Insulin,1150,19:10,2020-01-08 19:10,0.099,,,,,,,,,,,2,Insulin,2020-01-08 19:12,230
7,"Wed, Jan 8",2020-01-08,Insulin,1155,19:15,2020-01-08 19:15,0.198,,,,,,,,,,,2,Insulin,2020-01-08 19:17,231
7,"Wed, Jan 8",2020-01-08,Insulin,1160,19:20,2020-01-08 19:20,0.112,,,,,,,,,,,2,Insulin,2020-01-08 19:22,232
7,"Wed, Jan 8",2020-01-08,Insulin,1165,19:25,2020-01-08 19:25,0.856,,,,,,,,,,,2,Insulin,2020-01-08 19:27,233
7,"Wed, Jan 8",2020-01-08,Insulin,1170,19:30,2020-01-08 19:30,0.5,,,,,,,,,,,2,Insulin,2020-01-08 19:32,234
7,"Wed, Jan 8",2020-01-08,Insulin,1175,19:35,2020-01-08 19:35,0.393,,,,,,,,,,,2,Insulin,2020-01-08 19:37,235
7,"Wed, Jan 8",2020-01-08,Insulin,1180,19:40,2020-01-08 19:40,0.612,,,,,,,,,,,2,Insulin,2020-01-08 19:42,236
7,"Wed, Jan 8",2020-01-08,Insulin,1185,19:45,2020-01-08 19:45,0.251,,,,,,,,,,,2,Insulin,2020-01-08 19:47,237
7,"Wed, Jan 8",2020-01-08,Insulin,1190,19:50,2020-01-08 19:50,0.478,,,,,,,,,,,2,Insulin,2020-01-08 19:52,238
7,"Wed, Jan 8",2020-01-08,Insulin,1195,19:55,2020-01-08 19:55,0.252,,,,,,,,,,,2,Insulin,2020-01-08 19:57,239
7,"Wed, Jan 8",2020-01-08,Insulin,1200,20:00,2020-01-08 20:00,0.211,,,,,,,,,,,2,Insulin,2020-01-08 20:02,240
7,"Wed, Jan 8",2020-01-08,Insulin,1205,20:05,2020-01-08 20:05,0.222,,,,,,,,,,,2,Insulin,2020-01-08 20:07,241
7,"Wed, Jan 8",2020-01-08,Insulin,1210,20:10,2020-01-08 20:10,0.208,,,,,,,,,,,2,Insulin,2020-01-08 20:12,242
7,"Wed, Jan 8",2020-01-08,Insulin,1215,20:15,2020-01-08 20:15,0.203,,,,,,,,,,,2,Insulin,2020-01-08 20:17,243
7,"Wed, Jan 8",2020-01-08,Insulin,1220,20:20,2020-01-08 20:20,0,,,,,,,,,,,2,Insulin,2020-01-08 20:22,244
7,"Wed, Jan 8",2020-01-08,Insulin,1225,20:25,2020-01-08 20:25,0.325,,,,,,,,,,,2,Insulin,2020-01-08 20:27,245
7,"Wed, Jan 8",2020-01-08,Insulin,1230,20:30,2020-01-08 20:30,0.503,,,,,,,,,,,2,Insulin,2020-01-08 20:32,246
7,"Wed, Jan 8",2020-01-08,Insulin,1235,20:35,2020-01-08 20:35,0.559,,,,,,,,,,,2,Insulin,2020-01-08 20:37,247
7,"Wed, Jan 8",2020-01-08,Insulin,1240,20:40,2020-01-08 20:40,0.153,,,,,,,,,,,2,Insulin,2020-01-08 20:42,248
7,"Wed, Jan 8",2020-01-08,Insulin,1245,20:45,2020-01-08 20:45,0.313,,,,,,,,,,,2,Insulin,2020-01-08 20:47,249
7,"Wed, Jan 8",2020-01-08,Insulin,1250,20:50,2020-01-08 20:50,0.33,,,,,,,,,,,2,Insulin,2020-01-08 20:52,250
7,"Wed, Jan 8",2020-01-08,Insulin,1255,20:55,2020-01-08 20:55,0.335,,,,,,,,,,,2,Insulin,2020-01-08 20:57,251
7,"Wed, Jan 8",2020-01-08,Insulin,1260,21:00,2020-01-08 21:00,0.211,,,,,,,,,,,2,Insulin,2020-01-08 21:02,252
7,"Wed, Jan 8",2020-01-08,Insulin,1265,21:05,2020-01-08 21:05,0.123,,,,,,,,,,,2,Insulin,2020-01-08 21:07,253
7,"Wed, Jan 8",2020-01-08,Insulin,1270,21:10,2020-01-08 21:10,0,,,,,,,,,,,2,Insulin,2020-01-08 21:12,254
7,"Wed, Jan 8",2020-01-08,Insulin,1275,21:15,2020-01-08 21:15,0.046,,,,,,,,,,,2,Insulin,2020-01-08 21:17,255
7,"Wed, Jan 8",2020-01-08,Insulin,1280,21:20,2020-01-08 21:20,0,,,,,,,,,,,2,Insulin,2020-01-08 21:22,256
7,"Wed, Jan 8",2020-01-08,Insulin,1285,21:25,2020-01-08 21:25,0.168,,,,,,,,,,,2,Insulin,2020-01-08 21:27,257
7,"Wed, Jan 8",2020-01-08,Insulin,1290,21:30,2020-01-08 21:30,0.043,,,,,,,,,,,2,Insulin,2020-01-08 21:32,258
7,"Wed, Jan 8",2020-01-08,Insulin,1295,21:35,2020-01-08 21:35,0,,,,,,,,,,,2,Insulin,2020-01-08 21:37,259
7,"Wed, Jan 8",2020-01-08,Insulin,1300,21:40,2020-01-08 21:40,0,,,,,,,,,,,2,Insulin,2020-01-08 21:42,260
7,"Wed, Jan 8",2020-01-08,Insulin,1305,21:45,2020-01-08 21:45,0,,,,,,,,,,,2,Insulin,2020-01-08 21:47,261
7,"Wed, Jan 8",2020-01-08,Insulin,1310,21:50,2020-01-08 21:50,0.099,,,,,,,,,,,2,Insulin,2020-01-08 21:52,262
7,"Wed, Jan 8",2020-01-08,Insulin,1315,21:55,2020-01-08 21:55,0.046,,,,,,,,,,,2,Insulin,2020-01-08 21:57,263
7,"Wed, Jan 8",2020-01-08,Insulin,1320,22:00,2020-01-08 22:00,0.091,,,,,,,,,,,2,Insulin,2020-01-08 22:02,264
7,"Wed, Jan 8",2020-01-08,Insulin,1325,22:05,2020-01-08 22:05,0.082,,,,,,,,,,,2,Insulin,2020-01-08 22:07,265
7,"Wed, Jan 8",2020-01-08,Insulin,1330,22:10,2020-01-08 22:10,0.239,,,,,,,,,,,2,Insulin,2020-01-08 22:12,266
7,"Wed, Jan 8",2020-01-08,Insulin,1335,22:15,2020-01-08 22:15,0,,,,,,,,,,,2,Insulin,2020-01-08 22:17,267
7,"Wed, Jan 8",2020-01-08,Insulin,1340,22:20,2020-01-08 22:20,0,,,,,,,,,,,2,Insulin,2020-01-08 22:22,268
7,"Wed, Jan 8",2020-01-08,Insulin,1345,22:25,2020-01-08 22:25,0,,,,,,,,,,,2,Insulin,2020-01-08 22:27,269
7,"Wed, Jan 8",2020-01-08,Insulin,1350,22:30,2020-01-08 22:30,0.043,,,,,,,,,,,2,Insulin,2020-01-08 22:32,270
7,"Wed, Jan 8",2020-01-08,Insulin,1355,22:35,2020-01-08 22:35,0.048,,,,,,,,,,,2,Insulin,2020-01-08 22:37,271
7,"Wed, Jan 8",2020-01-08,Insulin,1360,22:40,2020-01-08 22:40,0.045,,,,,,,,,,,2,Insulin,2020-01-08 22:42,272
7,"Wed, Jan 8",2020-01-08,Insulin,1365,22:45,2020-01-08 22:45,0.082,,,,,,,,,,,2,Insulin,2020-01-08 22:47,273
7,"Wed, Jan 8",2020-01-08,Insulin,1370,22:50,2020-01-08 22:50,0.079,,,,,,,,,,,2,Insulin,2020-01-08 22:52,274
7,"Wed, Jan 8",2020-01-08,Insulin,1375,22:55,2020-01-08 22:55,0.048,,,,,,,,,,,2,Insulin,2020-01-08 22:57,275
7,"Wed, Jan 8",2020-01-08,Insulin,1380,23:00,2020-01-08 23:00,0,,,,,,,,,,,2,Insulin,2020-01-08 23:02,276
7,"Wed, Jan 8",2020-01-08,Insulin,1385,23:05,2020-01-08 23:05,0,,,,,,,,,,,2,Insulin,2020-01-08 23:07,277
7,"Wed, Jan 8",2020-01-08,Insulin,1390,23:10,2020-01-08 23:10,0,,,,,,,,,,,2,Insulin,2020-01-08 23:12,278
7,"Wed, Jan 8",2020-01-08,Insulin,1395,23:15,2020-01-08 23:15,0,,,,,,,,,,,2,Insulin,2020-01-08 23:17,279
7,"Wed, Jan 8",2020-01-08,Insulin,1400,23:20,2020-01-08 23:20,0.046,,,,,,,,,,,2,Insulin,2020-01-08 23:22,280
7,"Wed, Jan 8",2020-01-08,Insulin,1405,23:25,2020-01-08 23:25,0.117,,,,,,,,,,,2,Insulin,2020-01-08 23:27,281
7,"Wed, Jan 8",2020-01-08,Insulin,1410,23:30,2020-01-08 23:30,0.211,,,,,,,,,,,2,Insulin,2020-01-08 23:32,282
7,"Wed, Jan 8",2020-01-08,Insulin,1415,23:35,2020-01-08 23:35,0.343,,,,,,,,,,,2,Insulin,2020-01-08 23:37,283
7,"Wed, Jan 8",2020-01-08,Insulin,1420,23:40,2020-01-08 23:40,0,,,,,,,,,,,2,Insulin,2020-01-08 23:42,284
7,"Wed, Jan 8",2020-01-08,Insulin,1425,23:45,2020-01-08 23:45,0,,,,,,,,,,,2,Insulin,2020-01-08 23:47,285
7,"Wed, Jan 8",2020-01-08,Insulin,1430,23:50,2020-01-08 23:50,0.081,,,,,,,,,,,2,Insulin,2020-01-08 23:52,286
7,"Wed, Jan 8",2020-01-08,Insulin,1435,23:55,2020-01-08 23:55,0.107,,,,,,,,,,,2,Insulin,2020-01-08 23:57,287
8,"Tue, Jan 7",2020-01-07,CGM,0,00:00,2020-01-07 00:00,123,,,,,,,,,,,1,CGM,2020-01-07 00:03,0
8,"Tue, Jan 7",2020-01-07,CGM,5,00:05,2020-01-07 00:05,125,,,,,,,,,,,1,CGM,2020-01-07 00:08,1
8,"Tue, Jan 7",2020-01-07,CGM,10,00:10,2020-01-07 00:10,116,,,,,,,,,,,1,CGM,2020-01-07 00:13,2
8,"Tue, Jan 7",2020-01-07,CGM,15,00:15,2020-01-07 00:15,107,,,,,,,,,,,1,CGM,2020-01-07 00:18,3
8,"Tue, Jan 7",2020-01-07,CGM,20,00:20,2020-01-07 00:20,103,,,,,,,,,,,1,CGM,2020-01-07 00:23,4
8,"Tue, Jan 7",2020-01-07,CGM,25,00:25,2020-01-07 00:25,83,,,,,,,,,,,1,CGM,2020-01-07 00:28,5
8,"Tue, Jan 7",2020-01-07,CGM,30,00:30,2020-01-07 00:30,81,,,,,,,,,,,1,CGM,2020-01-07 00:33,6
8,"Tue, Jan 7",2020-01-07,CGM,35,00:35,2020-01-07 00:35,63,,,,,,,,,,,1,CGM,2020-01-07 00:38,7
8,"Tue, Jan 7",2020-01-07,CGM,40,00:40,2020-01-07 00:40,64,,,,,,,,,,,1,CGM,2020-01-07 00:43,8
8,"Tue, Jan 7",2020-01-07,CGM,45,00:45,2020-01-07 00:45,67,,,,,,,,,,,1,CGM,2020-01-07 00:48,9
8,"Tue, Jan 7",2020-01-07,CGM,50,00:50,2020-01-07 00:50,71,,,,,,,,,,,1,CGM,2020-01-07 00:53,10
8,"Tue, Jan 7",2020-01-07,CGM,55,00:55,2020-01-07 00:55,77,,,,,,,,,,,1,CGM,2020-01-07 00:58,11
8,"Tue, Jan 7",2020-01-07,CGM,60,01:00,2020-01-07 01:00,68,,,,,,,,,,,1,CGM,2020-01-07 01:03,12
8,"Tue, Jan 7",2020-01-07,CGM,65,01:05,2020-01-07 01:05,65,,,,,,,,,,,1,CGM,2020-01-07 01:08,13
8,"Tue, Jan 7",2020-01-07,CGM,70,01:10,2020-01-07 01:10,73,,,,,,,,,,,1,CGM,2020-01-07 01:13,14
8,"Tue, Jan 7",2020-01-07,CGM,75,01:15,2020-01-07 01:15,81,,,,,,,,,,,1,CGM,2020-01-07 01:18,15
8,"Tue, Jan 7",2020-01-07,CGM,80,01:20,2020-01-07 01:20,93,,,,,,,,,,,1,CGM,2020-01-07 01:23,16
8,"Tue, Jan 7",2020-01-07,CGM,85,01:25,2020-01-07 01:25,101,,,,,,,,,,,1,CGM,2020-01-07 01:28,17
8,"Tue, Jan 7",2020-01-07,CGM,90,01:30,2020-01-07 01:30,114,,,,,,,,,,,1,CGM,2020-01-07 01:33,18
8,"Tue, Jan 7",2020-01-07,CGM,95,01:35,2020-01-07 01:35,134,,,,,,,,,,,1,CGM,2020-01-07 01:38,19
8,"Tue, Jan 7",2020-01-07,CGM,100,01:40,2020-01-07 01:40,145,,,,,,,,,,,1,CGM,2020-01-07 01:43,20
8,"Tue, Jan 7",2020-01-07,CGM,105,01:45,2020-01-07 01:45,162,,,,,,,,,,,1,CGM,2020-01-07 01:48,21
8,"Tue, Jan 7",2020-01-07,CGM,110,01:50,2020-01-07 01:50,163,,,,,,,,,,,1,CGM,2020-01-07 01:53,22
8,"Tue, Jan 7",2020-01-07,CGM,115,01:55,2020-01-07 01:55,163,,,,,,,,,,,1,CGM,2020-01-07 01:58,23
8,"Tue, Jan 7",2020-01-07,CGM,120,02:00,2020-01-07 02:00,163,,,,,,,,,,,1,CGM,2020-01-07 02:03,24
8,"Tue, Jan 7",2020-01-07,CGM,125,02:05,2020-01-07 02:05,159,,,,,,,,,,,1,CGM,2020-01-07 02:08,25
8,"Tue, Jan 7",2020-01-07,CGM,130,02:10,2020-01-07 02:10,160,,,,,,,,,,,1,CGM,2020-01-07 02:13,26
8,"Tue, Jan 7",2020-01-07,CGM,135,02:15,2020-01-07 02:15,155,,,,,,,,,,,1,CGM,2020-01-07 02:18,27
8,"Tue, Jan 7",2020-01-07,CGM,140,02:20,2020-01-07 02:20,153,,,,,,,,,,,1,CGM,2020-01-07 02:23,28
8,"Tue, Jan 7",2020-01-07,CGM,145,02:25,2020-01-07 02:25,153,,,,,,,,,,,1,CGM,2020-01-07 02:28,29
8,"Tue, Jan 7",2020-01-07,CGM,150,02:30,2020-01-07 02:30,155,,,,,,,,,,,1,CGM,2020-01-07 02:33,30
8,"Tue, Jan 7",2020-01-07,CGM,155,02:35,2020-01-07 02:35,162,,,,,,,,,,,1,CGM,2020-01-07 02:38,31
8,"Tue, Jan 7",2020-01-07,CGM,160,02:40,2020-01-07 02:40,171,,,,,,,,,,,1,CGM,2020-01-07 02:43,32
8,"Tue, Jan 7",2020-01-07,CGM,165,02:45,2020-01-07 02:45,183,,,,,,,,,,,1,CGM,2020-01-07 02:48,33
8,"Tue, Jan 7",2020-01-07,CGM,170,02:50,2020-01-07 02:50,202,,,,,,,,,,,1,CGM,2020-01-07 02:53,34
8,"Tue, Jan 7",2020-01-07,CGM,175,02:55,2020-01-07 02:55,211,,,,,,,,,,,1,CGM,2020-01-07 02:58,35
8,"Tue, Jan 7",2020-01-07,CGM,180,03:00,2020-01-07 03:00,227,,,,,,,,,,,1,CGM,2020-01-07 03:03,36
8,"Tue, Jan 7",2020-01-07,CGM,185,03:05,2020-01-07 03:05,240,,,,,,,,,,,1,CGM,2020-01-07 03:08,37
8,"Tue, Jan 7",2020-01-07,CGM,190,03:10,2020-01-07 03:10,246,,,,,,,,,,,1,CGM,2020-01-07 03:13,38
8,"Tue, Jan 7",2020-01-07,CGM,195,03:15,2020-01-07 03:15,243,,,,,,,,,,,1,CGM,2020-01-07 03:18,39
8,"Tue, Jan 7",2020-01-07,CGM,200,03:20,2020-01-07 03:20,249,,,,,,,,,,,1,CGM,2020-01-07 03:23,40
8,"Tue, Jan 7",2020-01-07,CGM,205,03:25,2020-01-07 03:25,251,,,,,,,,,,,1,CGM,2020-01-07 03:28,41
8,"Tue, Jan 7",2020-01-07,CGM,210,03:30,2020-01-07 03:30,246,,,,,,,,,,,1,CGM,2020-01-07 03:33,42
8,"Tue, Jan 7",2020-01-07,CGM,215,03:35,2020-01-07 03:35,250,,,,,,,,,,,1,CGM,2020-01-07 03:38,43
8,"Tue, Jan 7",2020-01-07,CGM,220,03:40,2020-01-07 03:40,251,,,,,,,,,,,1,CGM,2020-01-07 03:43,44
8,"Tue, Jan 7",2020-01-07,CGM,225,03:45,2020-01-07 03:45,252,,,,,,,,,,,1,CGM,2020-01-07 03:48,45
8,"Tue, Jan 7",2020-01-07,CGM,230,03:50,2020-01-07 03:50,253,,,,,,,,,,,1,CGM,2020-01-07 03:53,46
8,"Tue, Jan 7",2020-01-07,CGM,235,03:55,2020-01-07 03:55,253,,,,,,,,,,,1,CGM,2020-01-07 03:58,47
8,"Tue, Jan 7",2020-01-07,CGM,240,04:00,2020-01-07 04:00,255,,,,,,,,,,,1,CGM,2020-01-07 04:03,48
8,"Tue, Jan 7",2020-01-07,CGM,245,04:05,2020-01-07 04:05,254,,,,,,,,,,,1,CGM,2020-01-07 04:08,49
8,"Tue, Jan 7",2020-01-07,CGM,250,04:10,2020-01-07 04:10,250,,,,,,,,,,,1,CGM,2020-01-07 04:13,50
8,"Tue, Jan 7",2020-01-07,CGM,255,04:15,2020-01-07 04:15,248,,,,,,,,,,,1,CGM,2020-01-07 04:18,51
8,"Tue, Jan 7",2020-01-07,CGM,260,04:20,2020-01-07 04:20,248,,,,,,,,,,,1,CGM,2020-01-07 04:23,52
8,"Tue, Jan 7",2020-01-07,CGM,265,04:25,2020-01-07 04:25,244,,,,,,,,,,,1,CGM,2020-01-07 04:28,53
8,"Tue, Jan 7",2020-01-07,CGM,270,04:30,2020-01-07 04:30,237,,,,,,,,,,,1,CGM,2020-01-07 04:33,54
8,"Tue, Jan 7",2020-01-07,CGM,275,04:35,2020-01-07 04:35,234,,,,,,,,,,,1,CGM,2020-01-07 04:38,55
8,"Tue, Jan 7",2020-01-07,CGM,280,04:40,2020-01-07 04:40,228,,,,,,,,,,,1,CGM,2020-01-07 04:43,56
8,"Tue, Jan 7",2020-01-07,CGM,285,04:45,2020-01-07 04:45,220,,,,,,,,,,,1,CGM,2020-01-07 04:48,57
8,"Tue, Jan 7",2020-01-07,CGM,290,04:50,2020-01-07 04:50,218,,,,,,,,,,,1,CGM,2020-01-07 04:53,58
8,"Tue, Jan 7",2020-01-07,CGM,295,04:55,2020-01-07 04:55,214,,,,,,,,,,,1,CGM,2020-01-07 04:58,59
8,"Tue, Jan 7",2020-01-07,CGM,300,05:00,2020-01-07 05:00,209,,,,,,,,,,,1,CGM,2020-01-07 05:03,60
8,"Tue, Jan 7",2020-01-07,CGM,305,05:05,2020-01-07 05:05,200,,,,,,,,,,,1,CGM,2020-01-07 05:08,61
8,"Tue, Jan 7",2020-01-07,CGM,310,05:10,2020-01-07 05:10,196,,,,,,,,,,,1,CGM,2020-01-07 05:13,62
8,"Tue, Jan 7",2020-01-07,CGM,315,05:15,2020-01-07 05:15,192,,,,,,,,,,,1,CGM,2020-01-07 05:18,63
8,"Tue, Jan 7",2020-01-07,CGM,320,05:20,2020-01-07 05:20,188,,,,,,,,,,,1,CGM,2020-01-07 05:23,64
8,"Tue, Jan 7",2020-01-07,CGM,325,05:25,2020-01-07 05:25,183,,,,,,,,,,,1,CGM,2020-01-07 05:28,65
8,"Tue, Jan 7",2020-01-07,CGM,330,05:30,2020-01-07 05:30,180,,,,,,,,,,,1,CGM,2020-01-07 05:33,66
8,"Tue, Jan 7",2020-01-07,CGM,335,05:35,2020-01-07 05:35,182,,,,,,,,,,,1,CGM,2020-01-07 05:38,67
8,"Tue, Jan 7",2020-01-07,CGM,340,05:40,2020-01-07 05:40,178,,,,,,,,,,,1,CGM,2020-01-07 05:43,68
8,"Tue, Jan 7",2020-01-07,CGM,345,05:45,2020-01-07 05:45,177,,,,,,,,,,,1,CGM,2020-01-07 05:48,69
8,"Tue, Jan 7",2020-01-07,CGM,350,05:50,2020-01-07 05:50,179,,,,,,,,,,,1,CGM,2020-01-07 05:53,70
8,"Tue, Jan 7",2020-01-07,CGM,355,05:55,2020-01-07 05:55,177,,,,,,,,,,,1,CGM,2020-01-07 05:58,71
8,"Tue, Jan 7",2020-01-07,CGM,360,06:00,2020-01-07 06:00,171,,,,,,,,,,,1,CGM,2020-01-07 06:03,72
8,"Tue, Jan 7",2020-01-07,CGM,365,06:05,2020-01-07 06:05,172,,,,,,,,,,,1,CGM,2020-01-07 06:08,73
8,"Tue, Jan 7",2020-01-07,CGM,370,06:10,2020-01-07 06:10,169,,,,,,,,,,,1,CGM,2020-01-07 06:13,74
8,"Tue, Jan 7",2020-01-07,CGM,375,06:15,2020-01-07 06:15,167,,,,,,,,,,,1,CGM,2020-01-07 06:18,75
8,"Tue, Jan 7",2020-01-07,CGM,380,06:20,2020-01-07 06:20,162,,,,,,,,,,,1,CGM,2020-01-07 06:23,76
8,"Tue, Jan 7",2020-01-07,CGM,385,06:25,2020-01-07 06:25,159,,,,,,,,,,,1,CGM,2020-01-07 06:28,77
8,"Tue, Jan 7",2020-01-07,CGM,390,06:30,2020-01-07 06:30,163,,,,,,,,,,,1,CGM,2020-01-07 06:33,78
8,"Tue, Jan 7",2020-01-07,CGM,395,06:35,2020-01-07 06:35,167,,,,,,,,,,,1,CGM,2020-01-07 06:38,79
8,"Tue, Jan 7",2020-01-07,CGM,400,06:40,2020-01-07 06:40,167,,,,,,,,,,,1,CGM,2020-01-07 06:43,80
8,"Tue, Jan 7",2020-01-07,CGM,405,06:45,2020-01-07 06:45,168,,,,,,,,,,,1,CGM,2020-01-07 06:48,81
8,"Tue, Jan 7",2020-01-07,CGM,410,06:50,2020-01-07 06:50,170,,,,,,,,,,,1,CGM,2020-01-07 06:53,82
8,"Tue, Jan 7",2020-01-07,CGM,415,06:55,2020-01-07 06:55,169,,,,,,,,,,,1,CGM,2020-01-07 06:58,83
8,"Tue, Jan 7",2020-01-07,CGM,420,07:00,2020-01-07 07:00,170,,,,,,,,,,,1,CGM,2020-01-07 07:03,84
8,"Tue, Jan 7",2020-01-07,CGM,425,07:05,2020-01-07 07:05,166,,,,,,,,,,,1,CGM,2020-01-07 07:08,85
8,"Tue, Jan 7",2020-01-07,CGM,430,07:10,2020-01-07 07:10,171,,,,,,,,,,,1,CGM,2020-01-07 07:13,86
8,"Tue, Jan 7",2020-01-07,CGM,435,07:15,2020-01-07 07:15,172,,,,,,,,,,,1,CGM,2020-01-07 07:18,87
8,"Tue, Jan 7",2020-01-07,CGM,440,07:20,2020-01-07 07:20,174,,,,,,,,,,,1,CGM,2020-01-07 07:23,88
8,"Tue, Jan 7",2020-01-07,CGM,445,07:25,2020-01-07 07:25,168,,,,,,,,,,,1,CGM,2020-01-07 07:28,89
8,"Tue, Jan 7",2020-01-07,CGM,450,07:30,2020-01-07 07:30,161,,,,,,,,,,,1,CGM,2020-01-07 07:33,90
8,"Tue, Jan 7",2020-01-07,CGM,455,07:35,2020-01-07 07:35,161,,,,,,,,,,,1,CGM,2020-01-07 07:38,91
8,"Tue, Jan 7",2020-01-07,CGM,460,07:40,2020-01-07 07:40,155,,,,,,,,,,,1,CGM,2020-01-07 07:43,92
8,"Tue, Jan 7",2020-01-07,CGM,465,07:45,2020-01-07 07:45,148,,,,,,,,,,,1,CGM,2020-01-07 07:48,93
8,"Tue, Jan 7",2020-01-07,CGM,470,07:50,2020-01-07 07:50,145,,,,,,,,,,,1,CGM,2020-01-07 07:53,94
8,"Tue, Jan 7",2020-01-07,CGM,475,07:55,2020-01-07 07:55,134,,,,,,,,,,,1,CGM,2020-01-07 07:58,95
8,"Tue, Jan 7",2020-01-07,CGM,480,08:00,2020-01-07 08:00,136,,,,,,,,,,,1,CGM,2020-01-07 08:03,96
8,"Tue, Jan 7",2020-01-07,CGM,485,08:05,2020-01-07 08:05,134,,,,,,,,,,,1,CGM,2020-01-07 08:08,97
8,"Tue, Jan 7",2020-01-07,CGM,490,08:10,2020-01-07 08:10,132,,,,,,,,,,,1,CGM,2020-01-07 08:13,98
8,"Tue, Jan 7",2020-01-07,CGM,495,08:15,2020-01-07 08:15,132,,,,,,,,,,,1,CGM,2020-01-07 08:18,99
8,"Tue, Jan 7",2020-01-07,CGM,500,08:20,2020-01-07 08:20,132,,,,,,,,,,,1,CGM,2020-01-07 08:23,100
8,"Tue, Jan 7",2020-01-07,CGM,505,08:25,2020-01-07 08:25,135,,,,,,,,,,,1,CGM,2020-01-07 08:28,101
8,"Tue, Jan 7",2020-01-07,CGM,510,08:30,2020-01-07 08:30,134,,,,,,,,,,,1,CGM,2020-01-07 08:33,102
8,"Tue, Jan 7",2020-01-07,CGM,515,08:35,2020-01-07 08:35,137,,,,,,,,,,,1,CGM,2020-01-07 08:38,103
8,"Tue, Jan 7",2020-01-07,CGM,520,08:40,2020-01-07 08:40,144,,,,,,,,,,,1,CGM,2020-01-07 08:43,104
8,"Tue, Jan 7",2020-01-07,CGM,525,08:45,2020-01-07 08:45,145,,,,,,,,,,,1,CGM,2020-01-07 08:48,105
8,"Tue, Jan 7",2020-01-07,CGM,530,08:50,2020-01-07 08:50,152,,,,,,,,,,,1,CGM,2020-01-07 08:53,106
8,"Tue, Jan 7",2020-01-07,CGM,535,08:55,2020-01-07 08:55,156,,,,,,,,,,,1,CGM,2020-01-07 08:58,107
8,"Tue, Jan 7",2020-01-07,CGM,540,09:00,2020-01-07 09:00,157,,,,,,,,,,,1,CGM,2020-01-07 09:03,108
8,"Tue, Jan 7",2020-01-07,CGM,545,09:05,2020-01-07 09:05,154,,,,,,,,,,,1,CGM,2020-01-07 09:08,109
8,"Tue, Jan 7",2020-01-07,CGM,550,09:10,2020-01-07 09:10,157,,,,,,,,,,,1,CGM,2020-01-07 09:13,110
8,"Tue, Jan 7",2020-01-07,CGM,555,09:15,2020-01-07 09:15,157,,,,,,,,,,,1,CGM,2020-01-07 09:18,111
8,"Tue, Jan 7",2020-01-07,CGM,560,09:20,2020-01-07 09:20,168,,,,,,,,,,,1,CGM,2020-01-07 09:23,112
8,"Tue, Jan 7",2020-01-07,CGM,565,09:25,2020-01-07 09:25,173,,,,,,,,,,,1,CGM,2020-01-07 09:28,113
8,"Tue, Jan 7",2020-01-07,CGM,570,09:30,2020-01-07 09:30,182,,,,,,,,,,,1,CGM,2020-01-07 09:33,114
8,"Tue, Jan 7",2020-01-07,CGM,575,09:35,2020-01-07 09:35,189,,,,,,,,,,,1,CGM,2020-01-07 09:38,115
8,"Tue, Jan 7",2020-01-07,CGM,580,09:40,2020-01-07 09:40,193,,,,,,,,,,,1,CGM,2020-01-07 09:43,116
8,"Tue, Jan 7",2020-01-07,CGM,585,09:45,2020-01-07 09:45,198,,,,,,,,,,,1,CGM,2020-01-07 09:48,117
8,"Tue, Jan 7",2020-01-07,CGM,590,09:50,2020-01-07 09:50,206,,,,,,,,,,,1,CGM,2020-01-07 09:53,118
8,"Tue, Jan 7",2020-01-07,CGM,595,09:55,2020-01-07 09:55,210,,,,,,,,,,,1,CGM,2020-01-07 09:58,119
8,"Tue, Jan 7",2020-01-07,CGM,600,10:00,2020-01-07 10:00,214,,,,,,,,,,,1,CGM,2020-01-07 10:03,120
8,"Tue, Jan 7",2020-01-07,CGM,605,10:05,2020-01-07 10:05,220,,,,,,,,,,,1,CGM,2020-01-07 10:08,121
8,"Tue, Jan 7",2020-01-07,CGM,610,10:10,2020-01-07 10:10,219,,,,,,,,,,,1,CGM,2020-01-07 10:13,122
8,"Tue, Jan 7",2020-01-07,CGM,615,10:15,2020-01-07 10:15,214,,,,,,,,,,,1,CGM,2020-01-07 10:18,123
8,"Tue, Jan 7",2020-01-07,CGM,620,10:20,2020-01-07 10:20,211,,,,,,,,,,,1,CGM,2020-01-07 10:23,124
8,"Tue, Jan 7",2020-01-07,CGM,625,10:25,2020-01-07 10:25,216,,,,,,,,,,,1,CGM,2020-01-07 10:28,125
8,"Tue, Jan 7",2020-01-07,CGM,630,10:30,2020-01-07 10:30,208,,,,,,,,,,,1,CGM,2020-01-07 10:33,126
8,"Tue, Jan 7",2020-01-07,CGM,635,10:35,2020-01-07 10:35,199,,,,,,,,,,,1,CGM,2020-01-07 10:38,127
8,"Tue, Jan 7",2020-01-07,CGM,640,10:40,2020-01-07 10:40,194,,,,,,,,,,,1,CGM,2020-01-07 10:43,128
8,"Tue, Jan 7",2020-01-07,CGM,645,10:45,2020-01-07 10:45,184,,,,,,,,,,,1,CGM,2020-01-07 10:48,129
8,"Tue, Jan 7",2020-01-07,CGM,650,10:50,2020-01-07 10:50,165,,,,,,,,,,,1,CGM,2020-01-07 10:53,130
8,"Tue, Jan 7",2020-01-07,CGM,655,10:55,2020-01-07 10:55,166,,,,,,,,,,,1,CGM,2020-01-07 10:58,131
8,"Tue, Jan 7",2020-01-07,CGM,660,11:00,2020-01-07 11:00,154,,,,,,,,,,,1,CGM,2020-01-07 11:03,132
8,"Tue, Jan 7",2020-01-07,CGM,665,11:05,2020-01-07 11:05,143,,,,,,,,,,,1,CGM,2020-01-07 11:08,133
8,"Tue, Jan 7",2020-01-07,CGM,670,11:10,2020-01-07 11:10,138,,,,,,,,,,,1,CGM,2020-01-07 11:13,134
8,"Tue, Jan 7",2020-01-07,CGM,675,11:15,2020-01-07 11:15,131,,,,,,,,,,,1,CGM,2020-01-07 11:18,135
8,"Tue, Jan 7",2020-01-07,CGM,680,11:20,2020-01-07 11:20,128,,,,,,,,,,,1,CGM,2020-01-07 11:23,136
8,"Tue, Jan 7",2020-01-07,CGM,685,11:25,2020-01-07 11:25,124,,,,,,,,,,,1,CGM,2020-01-07 11:28,137
8,"Tue, Jan 7",2020-01-07,CGM,690,11:30,2020-01-07 11:30,123,,,,,,,,,,,1,CGM,2020-01-07 11:33,138
8,"Tue, Jan 7",2020-01-07,CGM,695,11:35,2020-01-07 11:35,114,,,,,,,,,,,1,CGM,2020-01-07 11:38,139
8,"Tue, Jan 7",2020-01-07,CGM,700,11:40,2020-01-07 11:40,111,,,,,,,,,,,1,CGM,2020-01-07 11:43,140
8,"Tue, Jan 7",2020-01-07,CGM,705,11:45,2020-01-07 11:45,96,,,,,,,,,,,1,CGM,2020-01-07 11:48,141
8,"Tue, Jan 7",2020-01-07,CGM,710,11:50,2020-01-07 11:50,92,,,,,,,,,,,1,CGM,2020-01-07 11:53,142
8,"Tue, Jan 7",2020-01-07,CGM,715,11:55,2020-01-07 11:55,87,,,,,,,,,,,1,CGM,2020-01-07 11:58,143
8,"Tue, Jan 7",2020-01-07,CGM,720,12:00,2020-01-07 12:00,79,,,,,,,,,,,1,CGM,2020-01-07 12:03,144
8,"Tue, Jan 7",2020-01-07,CGM,725,12:05,2020-01-07 12:05,83,,,,,,,,,,,1,CGM,2020-01-07 12:08,145
8,"Tue, Jan 7",2020-01-07,CGM,730,12:10,2020-01-07 12:10,85,,,,,,,,,,,1,CGM,2020-01-07 12:13,146
8,"Tue, Jan 7",2020-01-07,CGM,735,12:15,2020-01-07 12:15,83,,,,,,,,,,,1,CGM,2020-01-07 12:18,147
8,"Tue, Jan 7",2020-01-07,CGM,740,12:20,2020-01-07 12:20,88,,,,,,,,,,,1,CGM,2020-01-07 12:23,148
8,"Tue, Jan 7",2020-01-07,CGM,745,12:25,2020-01-07 12:25,86,,,,,,,,,,,1,CGM,2020-01-07 12:28,149
8,"Tue, Jan 7",2020-01-07,CGM,750,12:30,2020-01-07 12:30,91,,,,,,,,,,,1,CGM,2020-01-07 12:33,150
8,"Tue, Jan 7",2020-01-07,CGM,755,12:35,2020-01-07 12:35,96,,,,,,,,,,,1,CGM,2020-01-07 12:38,151
8,"Tue, Jan 7",2020-01-07,CGM,760,12:40,2020-01-07 12:40,98,,,,,,,,,,,1,CGM,2020-01-07 12:43,152
8,"Tue, Jan 7",2020-01-07,CGM,765,12:45,2020-01-07 12:45,102,,,,,,,,,,,1,CGM,2020-01-07 12:48,153
8,"Tue, Jan 7",2020-01-07,CGM,770,12:50,2020-01-07 12:50,103,,,,,,,,,,,1,CGM,2020-01-07 12:53,154
8,"Tue, Jan 7",2020-01-07,CGM,775,12:55,2020-01-07 12:55,102,,,,,,,,,,,1,CGM,2020-01-07 12:58,155
8,"Tue, Jan 7",2020-01-07,CGM,780,13:00,2020-01-07 13:00,108,,,,,,,,,,,1,CGM,2020-01-07 13:03,156
8,"Tue, Jan 7",2020-01-07,CGM,785,13:05,2020-01-07 13:05,112,,,,,,,,,,,1,CGM,2020-01-07 13:08,157
8,"Tue, Jan 7",2020-01-07,CGM,790,13:10,2020-01-07 13:10,118,,,,,,,,,,,1,CGM,2020-01-07 13:13,158
8,"Tue, Jan 7",2020-01-07,CGM,795,13:15,2020-01-07 13:15,121,,,,,,,,,,,1,CGM,2020-01-07 13:18,159
8,"Tue, Jan 7",2020-01-07,CGM,800,13:20,2020-01-07 13:20,125,,,,,,,,,,,1,CGM,2020-01-07 13:23,160
8,"Tue, Jan 7",2020-01-07,CGM,805,13:25,2020-01-07 13:25,123,,,,,,,,,,,1,CGM,2020-01-07 13:28,161
8,"Tue, Jan 7",2020-01-07,CGM,810,13:30,2020-01-07 13:30,119,,,,,,,,,,,1,CGM,2020-01-07 13:33,162
8,"Tue, Jan 7",2020-01-07,CGM,815,13:35,2020-01-07 13:35,118,,,,,,,,,,,1,CGM,2020-01-07 13:38,163
8,"Tue, Jan 7",2020-01-07,CGM,820,13:40,2020-01-07 13:40,118,,,,,,,,,,,1,CGM,2020-01-07 13:43,164
8,"Tue, Jan 7",2020-01-07,CGM,825,13:45,2020-01-07 13:45,117,,,,,,,,,,,1,CGM,2020-01-07 13:48,165
8,"Tue, Jan 7",2020-01-07,CGM,830,13:50,2020-01-07 13:50,115,,,,,,,,,,,1,CGM,2020-01-07 13:53,166
8,"Tue, Jan 7",2020-01-07,CGM,835,13:55,2020-01-07 13:55,114,,,,,,,,,,,1,CGM,2020-01-07 13:58,167
8,"Tue, Jan 7",2020-01-07,CGM,840,14:00,2020-01-07 14:00,114,,,,,,,,,,,1,CGM,2020-01-07 14:03,168
8,"Tue, Jan 7",2020-01-07,CGM,845,14:05,2020-01-07 14:05,111,,,,,,,,,,,1,CGM,2020-01-07 14:08,169
8,"Tue, Jan 7",2020-01-07,CGM,850,14:10,2020-01-07 14:10,110,,,,,,,,,,,1,CGM,2020-01-07 14:13,170
8,"Tue, Jan 7",2020-01-07,CGM,855,14:15,2020-01-07 14:15,108,,,,,,,,,,,1,CGM,2020-01-07 14:18,171
8,"Tue, Jan 7",2020-01-07,CGM,860,14:20,2020-01-07 14:20,110,,,,,,,,,,,1,CGM,2020-01-07 14:23,172
8,"Tue, Jan 7",2020-01-07,CGM,865,14:25,2020-01-07 14:25,111,,,,,,,,,,,1,CGM,2020-01-07 14:28,173
8,"Tue, Jan 7",2020-01-07,CGM,870,14:30,2020-01-07 14:30,112,,,,,,,,,,,1,CGM,2020-01-07 14:33,174
8,"Tue, Jan 7",2020-01-07,CGM,875,14:35,2020-01-07 14:35,114,,,,,,,,,,,1,CGM,2020-01-07 14:38,175
8,"Tue, Jan 7",2020-01-07,CGM,880,14:40,2020-01-07 14:40,119,,,,,,,,,,,1,CGM,2020-01-07 14:43,176
8,"Tue, Jan 7",2020-01-07,CGM,885,14:45,2020-01-07 14:45,122,,,,,,,,,,,1,CGM,2020-01-07 14:48,177
8,"Tue, Jan 7",2020-01-07,CGM,890,14:50,2020-01-07 14:50,121,,,,,,,,,,,1,CGM,2020-01-07 14:53,178
8,"Tue, Jan 7",2020-01-07,CGM,895,14:55,2020-01-07 14:55,118,,,,,,,,,,,1,CGM,2020-01-07 14:58,179
8,"Tue, Jan 7",2020-01-07,CGM,900,15:00,2020-01-07 15:00,118,,,,,,,,,,,1,CGM,2020-01-07 15:03,180
8,"Tue, Jan 7",2020-01-07,CGM,905,15:05,2020-01-07 15:05,115,,,,,,,,,,,1,CGM,2020-01-07 15:08,181
8,"Tue, Jan 7",2020-01-07,CGM,910,15:10,2020-01-07 15:10,112,,,,,,,,,,,1,CGM,2020-01-07 15:13,182
8,"Tue, Jan 7",2020-01-07,CGM,915,15:15,2020-01-07 15:15,110,,,,,,,,,,,1,CGM,2020-01-07 15:18,183
8,"Tue, Jan 7",2020-01-07,CGM,920,15:20,2020-01-07 15:20,112,,,,,,,,,,,1,CGM,2020-01-07 15:23,184
8,"Tue, Jan 7",2020-01-07,CGM,925,15:25,2020-01-07 15:25,109,,,,,,,,,,,1,CGM,2020-01-07 15:28,185
8,"Tue, Jan 7",2020-01-07,CGM,930,15:30,2020-01-07 15:30,99,,,,,,,,,,,1,CGM,2020-01-07 15:33,186
8,"Tue, Jan 7",2020-01-07,CGM,935,15:35,2020-01-07 15:35,99,,,,,,,,,,,1,CGM,2020-01-07 15:38,187
8,"Tue, Jan 7",2020-01-07,CGM,940,15:40,2020-01-07 15:40,100,,,,,,,,,,,1,CGM,2020-01-07 15:43,188
8,"Tue, Jan 7",2020-01-07,CGM,945,15:45,2020-01-07 15:45,97,,,,,,,,,,,1,CGM,2020-01-07 15:48,189
8,"Tue, Jan 7",2020-01-07,CGM,950,15:50,2020-01-07 15:50,96,,,,,,,,,,,1,CGM,2020-01-07 15:53,190
8,"Tue, Jan 7",2020-01-07,CGM,955,15:55,2020-01-07 15:55,93,,,,,,,,,,,1,CGM,2020-01-07 15:58,191
8,"Tue, Jan 7",2020-01-07,CGM,960,16:00,2020-01-07 16:00,89,,,,,,,,,,,1,CGM,2020-01-07 16:03,192
8,"Tue, Jan 7",2020-01-07,CGM,965,16:05,2020-01-07 16:05,88,,,,,,,,,,,1,CGM,2020-01-07 16:08,193
8,"Tue, Jan 7",2020-01-07,CGM,970,16:10,2020-01-07 16:10,86,,,,,,,,,,,1,CGM,2020-01-07 16:13,194
8,"Tue, Jan 7",2020-01-07,CGM,975,16:15,2020-01-07 16:15,85,,,,,,,,,,,1,CGM,2020-01-07 16:18,195
8,"Tue, Jan 7",2020-01-07,CGM,980,16:20,2020-01-07 16:20,86,,,,,,,,,,,1,CGM,2020-01-07 16:23,196
8,"Tue, Jan 7",2020-01-07,CGM,985,16:25,2020-01-07 16:25,85,,,,,,,,,,,1,CGM,2020-01-07 16:28,197
8,"Tue, Jan 7",2020-01-07,CGM,990,16:30,2020-01-07 16:30,86,,,,,,,,,,,1,CGM,2020-01-07 16:33,198
8,"Tue, Jan 7",2020-01-07,CGM,995,16:35,2020-01-07 16:35,87,,,,,,,,,,,1,CGM,2020-01-07 16:38,199
8,"Tue, Jan 7",2020-01-07,CGM,1000,16:40,2020-01-07 16:40,88,,,,,,,,,,,1,CGM,2020-01-07 16:43,200
8,"Tue, Jan 7",2020-01-07,CGM,1005,16:45,2020-01-07 16:45,86,,,,,,,,,,,1,CGM,2020-01-07 16:48,201
8,"Tue, Jan 7",2020-01-07,CGM,1010,16:50,2020-01-07 16:50,88,,,,,,,,,,,1,CGM,2020-01-07 16:53,202
8,"Tue, Jan 7",2020-01-07,CGM,1015,16:55,2020-01-07 16:55,89,,,,,,,,,,,1,CGM,2020-01-07 16:58,203
8,"Tue, Jan 7",2020-01-07,CGM,1020,17:00,2020-01-07 17:00,88,,,,,,,,,,,1,CGM,2020-01-07 17:03,204
8,"Tue, Jan 7",2020-01-07,CGM,1025,17:05,2020-01-07 17:05,86,,,,,,,,,,,1,CGM,2020-01-07 17:08,205
8,"Tue, Jan 7",2020-01-07,CGM,1030,17:10,2020-01-07 17:10,85,,,,,,,,,,,1,CGM,2020-01-07 17:13,206
8,"Tue, Jan 7",2020-01-07,CGM,1035,17:15,2020-01-07 17:15,85,,,,,,,,,,,1,CGM,2020-01-07 17:18,207
8,"Tue, Jan 7",2020-01-07,CGM,1040,17:20,2020-01-07 17:20,85,,,,,,,,,,,1,CGM,2020-01-07 17:23,208
8,"Tue, Jan 7",2020-01-07,CGM,1045,17:25,2020-01-07 17:25,84,,,,,,,,,,,1,CGM,2020-01-07 17:28,209
8,"Tue, Jan 7",2020-01-07,CGM,1050,17:30,2020-01-07 17:30,90,,,,,,,,,,,1,CGM,2020-01-07 17:33,210
8,"Tue, Jan 7",2020-01-07,CGM,1055,17:35,2020-01-07 17:35,106,,,,,,,,,,,1,CGM,2020-01-07 17:38,211
8,"Tue, Jan 7",2020-01-07,CGM,1060,17:40,2020-01-07 17:40,108,,,,,,,,,,,1,CGM,2020-01-07 17:43,212
8,"Tue, Jan 7",2020-01-07,CGM,1065,17:45,2020-01-07 17:45,115,,,,,,,,,,,1,CGM,2020-01-07 17:48,213
8,"Tue, Jan 7",2020-01-07,CGM,1070,17:50,2020-01-07 17:50,119,,,,,,,,,,,1,CGM,2020-01-07 17:53,214
8,"Tue, Jan 7",2020-01-07,CGM,1075,17:55,2020-01-07 17:55,120,,,,,,,,,,,1,CGM,2020-01-07 17:58,215
8,"Tue, Jan 7",2020-01-07,CGM,1080,18:00,2020-01-07 18:00,132,,,,,,,,,,,1,CGM,2020-01-07 18:03,216
8,"Tue, Jan 7",2020-01-07,CGM,1085,18:05,2020-01-07 18:05,137,,,,,,,,,,,1,CGM,2020-01-07 18:08,217
8,"Tue, Jan 7",2020-01-07,CGM,1090,18:10,2020-01-07 18:10,144,,,,,,,,,,,1,CGM,2020-01-07 18:13,218
8,"Tue, Jan 7",2020-01-07,CGM,1095,18:15,2020-01-07 18:15,158,,,,,,,,,,,1,CGM,2020-01-07 18:18,219
8,"Tue, Jan 7",2020-01-07,CGM,1100,18:20,2020-01-07 18:20,161,,,,,,,,,,,1,CGM,2020-01-07 18:23,220
8,"Tue, Jan 7",2020-01-07,CGM,1105,18:25,2020-01-07 18:25,177,,,,,,,,,,,1,CGM,2020-01-07 18:28,221
8,"Tue, Jan 7",2020-01-07,CGM,1110,18:30,2020-01-07 18:30,169,,,,,,,,,,,1,CGM,2020-01-07 18:33,222
8,"Tue, Jan 7",2020-01-07,CGM,1115,18:35,2020-01-07 18:35,163,,,,,,,,,,,1,CGM,2020-01-07 18:38,223
8,"Tue, Jan 7",2020-01-07,CGM,1120,18:40,2020-01-07 18:40,178,,,,,,,,,,,1,CGM,2020-01-07 18:43,224
8,"Tue, Jan 7",2020-01-07,CGM,1125,18:45,2020-01-07 18:45,193,,,,,,,,,,,1,CGM,2020-01-07 18:48,225
8,"Tue, Jan 7",2020-01-07,CGM,1130,18:50,2020-01-07 18:50,209,,,,,,,,,,,1,CGM,2020-01-07 18:53,226
8,"Tue, Jan 7",2020-01-07,CGM,1135,18:55,2020-01-07 18:55,218,,,,,,,,,,,1,CGM,2020-01-07 18:58,227
8,"Tue, Jan 7",2020-01-07,CGM,1140,19:00,2020-01-07 19:00,219,,,,,,,,,,,1,CGM,2020-01-07 19:03,228
8,"Tue, Jan 7",2020-01-07,CGM,1145,19:05,2020-01-07 19:05,217,,,,,,,,,,,1,CGM,2020-01-07 19:08,229
8,"Tue, Jan 7",2020-01-07,CGM,1150,19:10,2020-01-07 19:10,232,,,,,,,,,,,1,CGM,2020-01-07 19:13,230
8,"Tue, Jan 7",2020-01-07,CGM,1155,19:15,2020-01-07 19:15,240,,,,,,,,,,,1,CGM,2020-01-07 19:18,231
8,"Tue, Jan 7",2020-01-07,CGM,1160,19:20,2020-01-07 19:20,234,,,,,,,,,,,1,CGM,2020-01-07 19:23,232
8,"Tue, Jan 7",2020-01-07,CGM,1165,19:25,2020-01-07 19:25,227,,,,,,,,,,,1,CGM,2020-01-07 19:28,233
8,"Tue, Jan 7",2020-01-07,CGM,1170,19:30,2020-01-07 19:30,227,,,,,,,,,,,1,CGM,2020-01-07 19:33,234
8,"Tue, Jan 7",2020-01-07,CGM,1175,19:35,2020-01-07 19:35,230,,,,,,,,,,,1,CGM,2020-01-07 19:38,235
8,"Tue, Jan 7",2020-01-07,CGM,1180,19:40,2020-01-07 19:40,238,,,,,,,,,,,1,CGM,2020-01-07 19:43,236
8,"Tue, Jan 7",2020-01-07,CGM,1185,19:45,2020-01-07 19:45,237,,,,,,,,,,,1,CGM,2020-01-07 19:48,237
8,"Tue, Jan 7",2020-01-07,CGM,1190,19:50,2020-01-07 19:50,236,,,,,,,,,,,1,CGM,2020-01-07 19:53,238
8,"Tue, Jan 7",2020-01-07,CGM,1195,19:55,2020-01-07 19:55,235,,,,,,,,,,,1,CGM,2020-01-07 19:58,239
8,"Tue, Jan 7",2020-01-07,CGM,1200,20:00,2020-01-07 20:00,237,,,,,,,,,,,1,CGM,2020-01-07 20:03,240
8,"Tue, Jan 7",2020-01-07,CGM,1205,20:05,2020-01-07 20:05,238,,,,,,,,,,,1,CGM,2020-01-07 20:08,241
8,"Tue, Jan 7",2020-01-07,CGM,1210,20:10,2020-01-07 20:10,238,,,,,,,,,,,1,CGM,2020-01-07 20:13,242
8,"Tue, Jan 7",2020-01-07,CGM,1215,20:15,2020-01-07 20:15,239,,,,,,,,,,,1,CGM,2020-01-07 20:18,243
8,"Tue, Jan 7",2020-01-07,CGM,1220,20:20,2020-01-07 20:20,238,,,,,,,,,,,1,CGM,2020-01-07 20:23,244
8,"Tue, Jan 7",2020-01-07,CGM,1225,20:25,2020-01-07 20:25,237,,,,,,,,,,,1,CGM,2020-01-07 20:28,245
8,"Tue, Jan 7",2020-01-07,CGM,1230,20:30,2020-01-07 20:30,236,,,,,,,,,,,1,CGM,2020-01-07 20:33,246
8,"Tue, Jan 7",2020-01-07,CGM,1235,20:35,2020-01-07 20:35,235,,,,,,,,,,,1,CGM,2020-01-07 20:38,247
8,"Tue, Jan 7",2020-01-07,CGM,1240,20:40,2020-01-07 20:40,234,,,,,,,,,,,1,CGM,2020-01-07 20:43,248
8,"Tue, Jan 7",2020-01-07,CGM,1245,20:45,2020-01-07 20:45,233,,,,,,,,,,,1,CGM,2020-01-07 20:48,249
8,"Tue, Jan 7",2020-01-07,CGM,1250,20:50,2020-01-07 20:50,233,,,,,,,,,,,1,CGM,2020-01-07 20:53,250
8,"Tue, Jan 7",2020-01-07,CGM,1255,20:55,2020-01-07 20:55,237,,,,,,,,,,,1,CGM,2020-01-07 20:58,251
8,"Tue, Jan 7",2020-01-07,CGM,1260,21:00,2020-01-07 21:00,227,,,,,,,,,,,1,CGM,2020-01-07 21:02,252
8,"Tue, Jan 7",2020-01-07,CGM,1265,21:05,2020-01-07 21:05,223,,,,,,,,,,,1,CGM,2020-01-07 21:08,253
8,"Tue, Jan 7",2020-01-07,CGM,1270,21:10,2020-01-07 21:10,230,,,,,,,,,,,1,CGM,2020-01-07 21:13,254
8,"Tue, Jan 7",2020-01-07,CGM,1275,21:15,2020-01-07 21:15,233,,,,,,,,,,,1,CGM,2020-01-07 21:18,255
8,"Tue, Jan 7",2020-01-07,CGM,1280,21:20,2020-01-07 21:20,235,,,,,,,,,,,1,CGM,2020-01-07 21:23,256
8,"Tue, Jan 7",2020-01-07,CGM,1285,21:25,2020-01-07 21:25,234,,,,,,,,,,,1,CGM,2020-01-07 21:28,257
8,"Tue, Jan 7",2020-01-07,CGM,1290,21:30,2020-01-07 21:30,239,,,,,,,,,,,1,CGM,2020-01-07 21:33,258
8,"Tue, Jan 7",2020-01-07,CGM,1295,21:35,2020-01-07 21:35,255,,,,,,,,,,,1,CGM,2020-01-07 21:38,259
8,"Tue, Jan 7",2020-01-07,CGM,1300,21:40,2020-01-07 21:40,248,,,,,,,,,,,1,CGM,2020-01-07 21:43,260
8,"Tue, Jan 7",2020-01-07,CGM,1305,21:45,2020-01-07 21:45,240,,,,,,,,,,,1,CGM,2020-01-07 21:48,261
8,"Tue, Jan 7",2020-01-07,CGM,1310,21:50,2020-01-07 21:50,226,,,,,,,,,,,1,CGM,2020-01-07 21:52,262
8,"Tue, Jan 7",2020-01-07,CGM,1315,21:55,2020-01-07 21:55,219,,,,,,,,,,,1,CGM,2020-01-07 21:57,263
8,"Tue, Jan 7",2020-01-07,CGM,1320,22:00,2020-01-07 22:00,217,,,,,,,,,,,1,CGM,2020-01-07 22:02,264
8,"Tue, Jan 7",2020-01-07,CGM,1325,22:05,2020-01-07 22:05,212,,,,,,,,,,,1,CGM,2020-01-07 22:08,265
8,"Tue, Jan 7",2020-01-07,CGM,1330,22:10,2020-01-07 22:10,208,,,,,,,,,,,1,CGM,2020-01-07 22:13,266
8,"Tue, Jan 7",2020-01-07,CGM,1335,22:15,2020-01-07 22:15,199,,,,,,,,,,,1,CGM,2020-01-07 22:17,267
8,"Tue, Jan 7",2020-01-07,CGM,1340,22:20,2020-01-07 22:20,189,,,,,,,,,,,1,CGM,2020-01-07 22:22,268
8,"Tue, Jan 7",2020-01-07,CGM,1345,22:25,2020-01-07 22:25,181,,,,,,,,,,,1,CGM,2020-01-07 22:27,269
8,"Tue, Jan 7",2020-01-07,CGM,1350,22:30,2020-01-07 22:30,171,,,,,,,,,,,1,CGM,2020-01-07 22:32,270
8,"Tue, Jan 7",2020-01-07,CGM,1355,22:35,2020-01-07 22:35,161,,,,,,,,,,,1,CGM,2020-01-07 22:37,271
8,"Tue, Jan 7",2020-01-07,CGM,1360,22:40,2020-01-07 22:40,154,,,,,,,,,,,1,CGM,2020-01-07 22:43,272
8,"Tue, Jan 7",2020-01-07,CGM,1365,22:45,2020-01-07 22:45,153,,,,,,,,,,,1,CGM,2020-01-07 22:48,273
8,"Tue, Jan 7",2020-01-07,CGM,1370,22:50,2020-01-07 22:50,141,,,,,,,,,,,1,CGM,2020-01-07 22:52,274
8,"Tue, Jan 7",2020-01-07,CGM,1375,22:55,2020-01-07 22:55,131,,,,,,,,,,,1,CGM,2020-01-07 22:57,275
8,"Tue, Jan 7",2020-01-07,CGM,1380,23:00,2020-01-07 23:00,136,,,,,,,,,,,1,CGM,2020-01-07 23:03,276
8,"Tue, Jan 7",2020-01-07,CGM,1385,23:05,2020-01-07 23:05,126,,,,,,,,,,,1,CGM,2020-01-07 23:07,277
8,"Tue, Jan 7",2020-01-07,CGM,1390,23:10,2020-01-07 23:10,111,,,,,,,,,,,1,CGM,2020-01-07 23:12,278
8,"Tue, Jan 7",2020-01-07,CGM,1395,23:15,2020-01-07 23:15,109,,,,,,,,,,,1,CGM,2020-01-07 23:17,279
8,"Tue, Jan 7",2020-01-07,CGM,1400,23:20,2020-01-07 23:20,105,,,,,,,,,,,1,CGM,2020-01-07 23:22,280
8,"Tue, Jan 7",2020-01-07,CGM,1405,23:25,2020-01-07 23:25,91,,,,,,,,,,,1,CGM,2020-01-07 23:27,281
8,"Tue, Jan 7",2020-01-07,CGM,1410,23:30,2020-01-07 23:30,90,,,,,,,,,,,1,CGM,2020-01-07 23:32,282
8,"Tue, Jan 7",2020-01-07,CGM,1415,23:35,2020-01-07 23:35,87,,,,,,,,,,,1,CGM,2020-01-07 23:37,283
8,"Tue, Jan 7",2020-01-07,CGM,1420,23:40,2020-01-07 23:40,82,,,,,,,,,,,1,CGM,2020-01-07 23:42,284
8,"Tue, Jan 7",2020-01-07,CGM,1425,23:45,2020-01-07 23:45,78,,,,,,,,,,,1,CGM,2020-01-07 23:47,285
8,"Tue, Jan 7",2020-01-07,CGM,1430,23:50,2020-01-07 23:50,71,,,,,,,,,,,1,CGM,2020-01-07 23:52,286
8,"Tue, Jan 7",2020-01-07,CGM,1435,23:55,2020-01-07 23:55,67,,,,,,,,,,,1,CGM,2020-01-07 23:57,287
8,"Tue, Jan 7",2020-01-07,Insulin,0,00:00,2020-01-07 00:00,0,,,,,,,,,,,2,Insulin,2020-01-07 00:03,0
8,"Tue, Jan 7",2020-01-07,Insulin,5,00:05,2020-01-07 00:05,0.051,,,,,,,,,,,2,Insulin,2020-01-07 00:08,1
8,"Tue, Jan 7",2020-01-07,Insulin,10,00:10,2020-01-07 00:10,0.122,,,,,,,,,,,2,Insulin,2020-01-07 00:13,2
8,"Tue, Jan 7",2020-01-07,Insulin,15,00:15,2020-01-07 00:15,0,,,,,,,,,,,2,Insulin,2020-01-07 00:18,3
8,"Tue, Jan 7",2020-01-07,Insulin,20,00:20,2020-01-07 00:20,0,,,,,,,,,,,2,Insulin,2020-01-07 00:23,4
8,"Tue, Jan 7",2020-01-07,Insulin,25,00:25,2020-01-07 00:25,0,,,,,,,,,,,2,Insulin,2020-01-07 00:28,5
8,"Tue, Jan 7",2020-01-07,Insulin,30,00:30,2020-01-07 00:30,0,,,,,,,,,,,2,Insulin,2020-01-07 00:33,6
8,"Tue, Jan 7",2020-01-07,Insulin,35,00:35,2020-01-07 00:35,0,,,,,,,,,,,2,Insulin,2020-01-07 00:38,7
8,"Tue, Jan 7",2020-01-07,Insulin,40,00:40,2020-01-07 00:40,0,,,,,,,,,,,2,Insulin,2020-01-07 00:43,8
8,"Tue, Jan 7",2020-01-07,Insulin,45,00:45,2020-01-07 00:45,0,,,,,,,,,,,2,Insulin,2020-01-07 00:48,9
8,"Tue, Jan 7",2020-01-07,Insulin,50,00:50,2020-01-07 00:50,0,,,,,,,,,,,2,Insulin,2020-01-07 00:53,10
8,"Tue, Jan 7",2020-01-07,Insulin,55,00:55,2020-01-07 00:55,0,,,,,,,,,,,2,Insulin,2020-01-07 00:58,11
8,"Tue, Jan 7",2020-01-07,Insulin,60,01:00,2020-01-07 01:00,0,,,,,,,,,,,2,Insulin,2020-01-07 01:03,12
8,"Tue, Jan 7",2020-01-07,Insulin,65,01:05,2020-01-07 01:05,0,,,,,,,,,,,2,Insulin,2020-01-07 01:08,13
8,"Tue, Jan 7",2020-01-07,Insulin,70,01:10,2020-01-07 01:10,0,,,,,,,,,,,2,Insulin,2020-01-07 01:13,14
8,"Tue, Jan 7",2020-01-07,Insulin,75,01:15,2020-01-07 01:15,0,,,,,,,,,,,2,Insulin,2020-01-07 01:18,15
8,"Tue, Jan 7",2020-01-07,Insulin,80,01:20,2020-01-07 01:20,0.051,,,,,,,,,,,2,Insulin,2020-01-07 01:23,16
8,"Tue, Jan 7",2020-01-07,Insulin,85,01:25,2020-01-07 01:25,0.048,,,,,,,,,,,2,Insulin,2020-01-07 01:28,17
8,"Tue, Jan 7",2020-01-07,Insulin,90,01:30,2020-01-07 01:30,0.046,,,,,,,,,,,2,Insulin,2020-01-07 01:33,18
8,"Tue, Jan 7",2020-01-07,Insulin,95,01:35,2020-01-07 01:35,0.046,,,,,,,,,,,2,Insulin,2020-01-07 01:38,19
8,"Tue, Jan 7",2020-01-07,Insulin,100,01:40,2020-01-07 01:40,0.064,,,,,,,,,,,2,Insulin,2020-01-07 01:43,20
8,"Tue, Jan 7",2020-01-07,Insulin,105,01:45,2020-01-07 01:45,0.061,,,,,,,,,,,2,Insulin,2020-01-07 01:48,21
8,"Tue, Jan 7",2020-01-07,Insulin,110,01:50,2020-01-07 01:50,0.318,,,,,,,,,,,2,Insulin,2020-01-07 01:53,22
8,"Tue, Jan 7",2020-01-07,Insulin,115,01:55,2020-01-07 01:55,0.071,,,,,,,,,,,2,Insulin,2020-01-07 01:58,23
8,"Tue, Jan 7",2020-01-07,Insulin,120,02:00,2020-01-07 02:00,0.071,,,,,,,,,,,2,Insulin,2020-01-07 02:03,24
8,"Tue, Jan 7",2020-01-07,Insulin,125,02:05,2020-01-07 02:05,0.066,,,,,,,,,,,2,Insulin,2020-01-07 02:08,25
8,"Tue, Jan 7",2020-01-07,Insulin,130,02:10,2020-01-07 02:10,0.046,,,,,,,,,,,2,Insulin,2020-01-07 02:13,26
8,"Tue, Jan 7",2020-01-07,Insulin,135,02:15,2020-01-07 02:15,0.064,,,,,,,,,,,2,Insulin,2020-01-07 02:18,27
8,"Tue, Jan 7",2020-01-07,Insulin,140,02:20,2020-01-07 02:20,0.053,,,,,,,,,,,2,Insulin,2020-01-07 02:23,28
8,"Tue, Jan 7",2020-01-07,Insulin,145,02:25,2020-01-07 02:25,0.043,,,,,,,,,,,2,Insulin,2020-01-07 02:28,29
8,"Tue, Jan 7",2020-01-07,Insulin,150,02:30,2020-01-07 02:30,0.046,,,,,,,,,,,2,Insulin,2020-01-07 02:33,30
8,"Tue, Jan 7",2020-01-07,Insulin,155,02:35,2020-01-07 02:35,0.071,,,,,,,,,,,2,Insulin,2020-01-07 02:38,31
8,"Tue, Jan 7",2020-01-07,Insulin,160,02:40,2020-01-07 02:40,0.267,,,,,,,,,,,2,Insulin,2020-01-07 02:43,32
8,"Tue, Jan 7",2020-01-07,Insulin,165,02:45,2020-01-07 02:45,0.419,,,,,,,,,,,2,Insulin,2020-01-07 02:48,33
8,"Tue, Jan 7",2020-01-07,Insulin,170,02:50,2020-01-07 02:50,0.584,,,,,,,,,,,2,Insulin,2020-01-07 02:53,34
8,"Tue, Jan 7",2020-01-07,Insulin,175,02:55,2020-01-07 02:55,0.874,,,,,,,,,,,2,Insulin,2020-01-07 02:58,35
8,"Tue, Jan 7",2020-01-07,Insulin,180,03:00,2020-01-07 03:00,0.412,,,,,,,,,,,2,Insulin,2020-01-07 03:03,36
8,"Tue, Jan 7",2020-01-07,Insulin,185,03:05,2020-01-07 03:05,0.584,,,,,,,,,,,2,Insulin,2020-01-07 03:08,37
8,"Tue, Jan 7",2020-01-07,Insulin,190,03:10,2020-01-07 03:10,0.462,,,,,,,,,,,2,Insulin,2020-01-07 03:13,38
8,"Tue, Jan 7",2020-01-07,Insulin,195,03:15,2020-01-07 03:15,0.16,,,,,,,,,,,2,Insulin,2020-01-07 03:18,39
8,"Tue, Jan 7",2020-01-07,Insulin,200,03:20,2020-01-07 03:20,0.056,,,,,,,,,,,2,Insulin,2020-01-07 03:23,40
8,"Tue, Jan 7",2020-01-07,Insulin,205,03:25,2020-01-07 03:25,0.282,,,,,,,,,,,2,Insulin,2020-01-07 03:28,41
8,"Tue, Jan 7",2020-01-07,Insulin,210,03:30,2020-01-07 03:30,0.081,,,,,,,,,,,2,Insulin,2020-01-07 03:33,42
8,"Tue, Jan 7",2020-01-07,Insulin,215,03:35,2020-01-07 03:35,0.046,,,,,,,,,,,2,Insulin,2020-01-07 03:38,43
8,"Tue, Jan 7",2020-01-07,Insulin,220,03:40,2020-01-07 03:40,0.249,,,,,,,,,,,2,Insulin,2020-01-07 03:43,44
8,"Tue, Jan 7",2020-01-07,Insulin,225,03:45,2020-01-07 03:45,0.145,,,,,,,,,,,2,Insulin,2020-01-07 03:48,45
8,"Tue, Jan 7",2020-01-07,Insulin,230,03:50,2020-01-07 03:50,0.175,,,,,,,,,,,2,Insulin,2020-01-07 03:53,46
8,"Tue, Jan 7",2020-01-07,Insulin,235,03:55,2020-01-07 03:55,0.201,,,,,,,,,,,2,Insulin,2020-01-07 03:58,47
8,"Tue, Jan 7",2020-01-07,Insulin,240,04:00,2020-01-07 04:00,0.18,,,,,,,,,,,2,Insulin,2020-01-07 04:03,48
8,"Tue, Jan 7",2020-01-07,Insulin,245,04:05,2020-01-07 04:05,0.277,,,,,,,,,,,2,Insulin,2020-01-07 04:08,49
8,"Tue, Jan 7",2020-01-07,Insulin,250,04:10,2020-01-07 04:10,0.137,,,,,,,,,,,2,Insulin,2020-01-07 04:13,50
8,"Tue, Jan 7",2020-01-07,Insulin,255,04:15,2020-01-07 04:15,0.064,,,,,,,,,,,2,Insulin,2020-01-07 04:18,51
8,"Tue, Jan 7",2020-01-07,Insulin,260,04:20,2020-01-07 04:20,0.092,,,,,,,,,,,2,Insulin,2020-01-07 04:23,52
8,"Tue, Jan 7",2020-01-07,Insulin,265,04:25,2020-01-07 04:25,0.117,,,,,,,,,,,2,Insulin,2020-01-07 04:28,53
8,"Tue, Jan 7",2020-01-07,Insulin,270,04:30,2020-01-07 04:30,0.064,,,,,,,,,,,2,Insulin,2020-01-07 04:33,54
8,"Tue, Jan 7",2020-01-07,Insulin,275,04:35,2020-01-07 04:35,0.046,,,,,,,,,,,2,Insulin,2020-01-07 04:38,55
8,"Tue, Jan 7",2020-01-07,Insulin,280,04:40,2020-01-07 04:40,0,,,,,,,,,,,2,Insulin,2020-01-07 04:43,56
8,"Tue, Jan 7",2020-01-07,Insulin,285,04:45,2020-01-07 04:45,0.046,,,,,,,,,,,2,Insulin,2020-01-07 04:48,57
8,"Tue, Jan 7",2020-01-07,Insulin,290,04:50,2020-01-07 04:50,0,,,,,,,,,,,2,Insulin,2020-01-07 04:53,58
8,"Tue, Jan 7",2020-01-07,Insulin,295,04:55,2020-01-07 04:55,0.043,,,,,,,,,,,2,Insulin,2020-01-07 04:58,59
8,"Tue, Jan 7",2020-01-07,Insulin,300,05:00,2020-01-07 05:00,0,,,,,,,,,,,2,Insulin,2020-01-07 05:03,60
8,"Tue, Jan 7",2020-01-07,Insulin,305,05:05,2020-01-07 05:05,0.064,,,,,,,,,,,2,Insulin,2020-01-07 05:08,61
8,"Tue, Jan 7",2020-01-07,Insulin,310,05:10,2020-01-07 05:10,0,,,,,,,,,,,2,Insulin,2020-01-07 05:13,62
8,"Tue, Jan 7",2020-01-07,Insulin,315,05:15,2020-01-07 05:15,0,,,,,,,,,,,2,Insulin,2020-01-07 05:18,63
8,"Tue, Jan 7",2020-01-07,Insulin,320,05:20,2020-01-07 05:20,0.046,,,,,,,,,,,2,Insulin,2020-01-07 05:23,64
8,"Tue, Jan 7",2020-01-07,Insulin,325,05:25,2020-01-07 05:25,0.046,,,,,,,,,,,2,Insulin,2020-01-07 05:28,65
8,"Tue, Jan 7",2020-01-07,Insulin,330,05:30,2020-01-07 05:30,0,,,,,,,,,,,2,Insulin,2020-01-07 05:33,66
8,"Tue, Jan 7",2020-01-07,Insulin,335,05:35,2020-01-07 05:35,0.058,,,,,,,,,,,2,Insulin,2020-01-07 05:38,67
8,"Tue, Jan 7",2020-01-07,Insulin,340,05:40,2020-01-07 05:40,0.127,,,,,,,,,,,2,Insulin,2020-01-07 05:43,68
8,"Tue, Jan 7",2020-01-07,Insulin,345,05:45,2020-01-07 05:45,0.064,,,,,,,,,,,2,Insulin,2020-01-07 05:48,69
8,"Tue, Jan 7",2020-01-07,Insulin,350,05:50,2020-01-07 05:50,0.081,,,,,,,,,,,2,Insulin,2020-01-07 05:53,70
8,"Tue, Jan 7",2020-01-07,Insulin,355,05:55,2020-01-07 05:55,0.195,,,,,,,,,,,2,Insulin,2020-01-07 05:58,71
8,"Tue, Jan 7",2020-01-07,Insulin,360,06:00,2020-01-07 06:00,0.081,,,,,,,,,,,2,Insulin,2020-01-07 06:03,72
8,"Tue, Jan 7",2020-01-07,Insulin,365,06:05,2020-01-07 06:05,0.051,,,,,,,,,,,2,Insulin,2020-01-07 06:08,73
8,"Tue, Jan 7",2020-01-07,Insulin,370,06:10,2020-01-07 06:10,0.124,,,,,,,,,,,2,Insulin,2020-01-07 06:13,74
8,"Tue, Jan 7",2020-01-07,Insulin,375,06:15,2020-01-07 06:15,0.071,,,,,,,,,,,2,Insulin,2020-01-07 06:18,75
8,"Tue, Jan 7",2020-01-07,Insulin,380,06:20,2020-01-07 06:20,0.076,,,,,,,,,,,2,Insulin,2020-01-07 06:23,76
8,"Tue, Jan 7",2020-01-07,Insulin,385,06:25,2020-01-07 06:25,0.046,,,,,,,,,,,2,Insulin,2020-01-07 06:28,77
8,"Tue, Jan 7",2020-01-07,Insulin,390,06:30,2020-01-07 06:30,0.066,,,,,,,,,,,2,Insulin,2020-01-07 06:33,78
8,"Tue, Jan 7",2020-01-07,Insulin,395,06:35,2020-01-07 06:35,0.185,,,,,,,,,,,2,Insulin,2020-01-07 06:38,79
8,"Tue, Jan 7",2020-01-07,Insulin,400,06:40,2020-01-07 06:40,0.188,,,,,,,,,,,2,Insulin,2020-01-07 06:43,80
8,"Tue, Jan 7",2020-01-07,Insulin,405,06:45,2020-01-07 06:45,0.102,,,,,,,,,,,2,Insulin,2020-01-07 06:48,81
8,"Tue, Jan 7",2020-01-07,Insulin,410,06:50,2020-01-07 06:50,0.216,,,,,,,,,,,2,Insulin,2020-01-07 06:53,82
8,"Tue, Jan 7",2020-01-07,Insulin,415,06:55,2020-01-07 06:55,0.16,,,,,,,,,,,2,Insulin,2020-01-07 06:58,83
8,"Tue, Jan 7",2020-01-07,Insulin,420,07:00,2020-01-07 07:00,0.091,,,,,,,,,,,2,Insulin,2020-01-07 07:03,84
8,"Tue, Jan 7",2020-01-07,Insulin,425,07:05,2020-01-07 07:05,0.203,,,,,,,,,,,2,Insulin,2020-01-07 07:08,85
8,"Tue, Jan 7",2020-01-07,Insulin,430,07:10,2020-01-07 07:10,0.061,,,,,,,,,,,2,Insulin,2020-01-07 07:13,86
8,"Tue, Jan 7",2020-01-07,Insulin,435,07:15,2020-01-07 07:15,0.316,,,,,,,,,,,2,Insulin,2020-01-07 07:18,87
8,"Tue, Jan 7",2020-01-07,Insulin,440,07:20,2020-01-07 07:20,0.113,,,,,,,,,,,2,Insulin,2020-01-07 07:23,88
8,"Tue, Jan 7",2020-01-07,Insulin,445,07:25,2020-01-07 07:25,0.226,,,,,,,,,,,2,Insulin,2020-01-07 07:28,89
8,"Tue, Jan 7",2020-01-07,Insulin,450,07:30,2020-01-07 07:30,0.048,,,,,,,,,,,2,Insulin,2020-01-07 07:33,90
8,"Tue, Jan 7",2020-01-07,Insulin,455,07:35,2020-01-07 07:35,0.044,,,,,,,,,,,2,Insulin,2020-01-07 07:38,91
8,"Tue, Jan 7",2020-01-07,Insulin,460,07:40,2020-01-07 07:40,0.088,,,,,,,,,,,2,Insulin,2020-01-07 07:43,92
8,"Tue, Jan 7",2020-01-07,Insulin,465,07:45,2020-01-07 07:45,0.046,,,,,,,,,,,2,Insulin,2020-01-07 07:48,93
8,"Tue, Jan 7",2020-01-07,Insulin,470,07:50,2020-01-07 07:50,0.043,,,,,,,,,,,2,Insulin,2020-01-07 07:53,94
8,"Tue, Jan 7",2020-01-07,Insulin,475,07:55,2020-01-07 07:55,0.057,,,,,,,,,,,2,Insulin,2020-01-07 07:58,95
8,"Tue, Jan 7",2020-01-07,Insulin,480,08:00,2020-01-07 08:00,0,,,,,,,,,,,2,Insulin,2020-01-07 08:03,96
8,"Tue, Jan 7",2020-01-07,Insulin,485,08:05,2020-01-07 08:05,0.093,,,,,,,,,,,2,Insulin,2020-01-07 08:08,97
8,"Tue, Jan 7",2020-01-07,Insulin,490,08:10,2020-01-07 08:10,0.071,,,,,,,,,,,2,Insulin,2020-01-07 08:13,98
8,"Tue, Jan 7",2020-01-07,Insulin,495,08:15,2020-01-07 08:15,0.071,,,,,,,,,,,2,Insulin,2020-01-07 08:18,99
8,"Tue, Jan 7",2020-01-07,Insulin,500,08:20,2020-01-07 08:20,0.091,,,,,,,,,,,2,Insulin,2020-01-07 08:23,100
8,"Tue, Jan 7",2020-01-07,Insulin,505,08:25,2020-01-07 08:25,0.091,,,,,,,,,,,2,Insulin,2020-01-07 08:28,101
8,"Tue, Jan 7",2020-01-07,Insulin,510,08:30,2020-01-07 08:30,0.091,,,,,,,,,,,2,Insulin,2020-01-07 08:33,102
8,"Tue, Jan 7",2020-01-07,Insulin,515,08:35,2020-01-07 08:35,0.081,,,,,,,,,,,2,Insulin,2020-01-07 08:38,103
8,"Tue, Jan 7",2020-01-07,Insulin,520,08:40,2020-01-07 08:40,0.091,,,,,,,,,,,2,Insulin,2020-01-07 08:43,104
8,"Tue, Jan 7",2020-01-07,Insulin,525,08:45,2020-01-07 08:45,0.212,,,,,,,,,,,2,Insulin,2020-01-07 08:48,105
8,"Tue, Jan 7",2020-01-07,Insulin,530,08:50,2020-01-07 08:50,0.098,,,,,,,,,,,2,Insulin,2020-01-07 08:53,106
8,"Tue, Jan 7",2020-01-07,Insulin,535,08:55,2020-01-07 08:55,0.378,,,,,,,,,,,2,Insulin,2020-01-07 08:58,107
8,"Tue, Jan 7",2020-01-07,Insulin,540,09:00,2020-01-07 09:00,0.19,,,,,,,,,,,2,Insulin,2020-01-07 09:03,108
8,"Tue, Jan 7",2020-01-07,Insulin,545,09:05,2020-01-07 09:05,0.107,,,,,,,,,,,2,Insulin,2020-01-07 09:08,109
8,"Tue, Jan 7",2020-01-07,Insulin,550,09:10,2020-01-07 09:10,0.071,,,,,,,,,,,2,Insulin,2020-01-07 09:13,110
8,"Tue, Jan 7",2020-01-07,Insulin,555,09:15,2020-01-07 09:15,0.165,,,,,,,,,,,2,Insulin,2020-01-07 09:18,111
8,"Tue, Jan 7",2020-01-07,Insulin,560,09:20,2020-01-07 09:20,0.099,,,,,,,,,,,2,Insulin,2020-01-07 09:23,112
8,"Tue, Jan 7",2020-01-07,Insulin,565,09:25,2020-01-07 09:25,0.622,,,,,,,,,,,2,Insulin,2020-01-07 09:28,113
8,"Tue, Jan 7",2020-01-07,Insulin,570,09:30,2020-01-07 09:30,0.332,,,,,,,,,,,2,Insulin,2020-01-07 09:33,114
8,"Tue, Jan 7",2020-01-07,Insulin,575,09:35,2020-01-07 09:35,0.452,,,,,,,,,,,2,Insulin,2020-01-07 09:38,115
8,"Tue, Jan 7",2020-01-07,Insulin,580,09:40,2020-01-07 09:40,0.358,,,,,,,,,,,2,Insulin,2020-01-07 09:43,116
8,"Tue, Jan 7",2020-01-07,Insulin,585,09:45,2020-01-07 09:45,0.162,,,,,,,,,,,2,Insulin,2020-01-07 09:48,117
8,"Tue, Jan 7",2020-01-07,Insulin,590,09:50,2020-01-07 09:50,0.172,,,,,,,,,,,2,Insulin,2020-01-07 09:53,118
8,"Tue, Jan 7",2020-01-07,Insulin,595,09:55,2020-01-07 09:55,0.335,,,,,,,,,,,2,Insulin,2020-01-07 09:58,119
8,"Tue, Jan 7",2020-01-07,Insulin,600,10:00,2020-01-07 10:00,0.218,,,,,,,,,,,2,Insulin,2020-01-07 10:03,120
8,"Tue, Jan 7",2020-01-07,Insulin,605,10:05,2020-01-07 10:05,0.218,,,,,,,,,,,2,Insulin,2020-01-07 10:08,121
8,"Tue, Jan 7",2020-01-07,Insulin,610,10:10,2020-01-07 10:10,0.33,,,,,,,,,,,2,Insulin,2020-01-07 10:13,122
8,"Tue, Jan 7",2020-01-07,Insulin,615,10:15,2020-01-07 10:15,0.099,,,,,,,,,,,2,Insulin,2020-01-07 10:18,123
8,"Tue, Jan 7",2020-01-07,Insulin,620,10:20,2020-01-07 10:20,0.056,,,,,,,,,,,2,Insulin,2020-01-07 10:23,124
8,"Tue, Jan 7",2020-01-07,Insulin,625,10:25,2020-01-07 10:25,0.066,,,,,,,,,,,2,Insulin,2020-01-07 10:28,125
8,"Tue, Jan 7",2020-01-07,Insulin,630,10:30,2020-01-07 10:30,0.222,,,,,,,,,,,2,Insulin,2020-01-07 10:33,126
8,"Tue, Jan 7",2020-01-07,Insulin,635,10:35,2020-01-07 10:35,0.044,,,,,,,,,,,2,Insulin,2020-01-07 10:38,127
8,"Tue, Jan 7",2020-01-07,Insulin,640,10:40,2020-01-07 10:40,0,,,,,,,,,,,2,Insulin,2020-01-07 10:43,128
8,"Tue, Jan 7",2020-01-07,Insulin,645,10:45,2020-01-07 10:45,0,,,,,,,,,,,2,Insulin,2020-01-07 10:48,129
8,"Tue, Jan 7",2020-01-07,Insulin,650,10:50,2020-01-07 10:50,0,,,,,,,,,,,2,Insulin,2020-01-07 10:53,130
8,"Tue, Jan 7",2020-01-07,Insulin,655,10:55,2020-01-07 10:55,0,,,,,,,,,,,2,Insulin,2020-01-07 10:58,131
8,"Tue, Jan 7",2020-01-07,Insulin,660,11:00,2020-01-07 11:00,0.119,,,,,,,,,,,2,Insulin,2020-01-07 11:03,132
8,"Tue, Jan 7",2020-01-07,Insulin,665,11:05,2020-01-07 11:05,0,,,,,,,,,,,2,Insulin,2020-01-07 11:08,133
8,"Tue, Jan 7",2020-01-07,Insulin,670,11:10,2020-01-07 11:10,0,,,,,,,,,,,2,Insulin,2020-01-07 11:13,134
8,"Tue, Jan 7",2020-01-07,Insulin,675,11:15,2020-01-07 11:15,0.051,,,,,,,,,,,2,Insulin,2020-01-07 11:18,135
8,"Tue, Jan 7",2020-01-07,Insulin,680,11:20,2020-01-07 11:20,0.046,,,,,,,,,,,2,Insulin,2020-01-07 11:23,136
8,"Tue, Jan 7",2020-01-07,Insulin,685,11:25,2020-01-07 11:25,0.051,,,,,,,,,,,2,Insulin,2020-01-07 11:28,137
8,"Tue, Jan 7",2020-01-07,Insulin,690,11:30,2020-01-07 11:30,0.061,,,,,,,,,,,2,Insulin,2020-01-07 11:33,138
8,"Tue, Jan 7",2020-01-07,Insulin,695,11:35,2020-01-07 11:35,0.091,,,,,,,,,,,2,Insulin,2020-01-07 11:38,139
8,"Tue, Jan 7",2020-01-07,Insulin,700,11:40,2020-01-07 11:40,0,,,,,,,,,,,2,Insulin,2020-01-07 11:43,140
8,"Tue, Jan 7",2020-01-07,Insulin,705,11:45,2020-01-07 11:45,0.064,,,,,,,,,,,2,Insulin,2020-01-07 11:48,141
8,"Tue, Jan 7",2020-01-07,Insulin,710,11:50,2020-01-07 11:50,0,,,,,,,,,,,2,Insulin,2020-01-07 11:53,142
8,"Tue, Jan 7",2020-01-07,Insulin,715,11:55,2020-01-07 11:55,0,,,,,,,,,,,2,Insulin,2020-01-07 11:58,143
8,"Tue, Jan 7",2020-01-07,Insulin,720,12:00,2020-01-07 12:00,0,,,,,,,,,,,2,Insulin,2020-01-07 12:03,144
8,"Tue, Jan 7",2020-01-07,Insulin,725,12:05,2020-01-07 12:05,0,,,,,,,,,,,2,Insulin,2020-01-07 12:08,145
8,"Tue, Jan 7",2020-01-07,Insulin,730,12:10,2020-01-07 12:10,0.066,,,,,,,,,,,2,Insulin,2020-01-07 12:13,146
8,"Tue, Jan 7",2020-01-07,Insulin,735,12:15,2020-01-07 12:15,0.064,,,,,,,,,,,2,Insulin,2020-01-07 12:18,147
8,"Tue, Jan 7",2020-01-07,Insulin,740,12:20,2020-01-07 12:20,0,,,,,,,,,,,2,Insulin,2020-01-07 12:23,148
8,"Tue, Jan 7",2020-01-07,Insulin,745,12:25,2020-01-07 12:25,0.061,,,,,,,,,,,2,Insulin,2020-01-07 12:28,149
8,"Tue, Jan 7",2020-01-07,Insulin,750,12:30,2020-01-07 12:30,0,,,,,,,,,,,2,Insulin,2020-01-07 12:33,150
8,"Tue, Jan 7",2020-01-07,Insulin,755,12:35,2020-01-07 12:35,0.061,,,,,,,,,,,2,Insulin,2020-01-07 12:38,151
8,"Tue, Jan 7",2020-01-07,Insulin,760,12:40,2020-01-07 12:40,0.066,,,,,,,,,,,2,Insulin,2020-01-07 12:43,152
8,"Tue, Jan 7",2020-01-07,Insulin,765,12:45,2020-01-07 12:45,0.066,,,,,,,,,,,2,Insulin,2020-01-07 12:48,153
8,"Tue, Jan 7",2020-01-07,Insulin,770,12:50,2020-01-07 12:50,0.071,,,,,,,,,,,2,Insulin,2020-01-07 12:53,154
8,"Tue, Jan 7",2020-01-07,Insulin,775,12:55,2020-01-07 12:55,0.069,,,,,,,,,,,2,Insulin,2020-01-07 12:58,155
8,"Tue, Jan 7",2020-01-07,Insulin,780,13:00,2020-01-07 13:00,0.064,,,,,,,,,,,2,Insulin,2020-01-07 13:03,156
8,"Tue, Jan 7",2020-01-07,Insulin,785,13:05,2020-01-07 13:05,0.064,,,,,,,,,,,2,Insulin,2020-01-07 13:08,157
8,"Tue, Jan 7",2020-01-07,Insulin,790,13:10,2020-01-07 13:10,0.069,,,,,,,,,,,2,Insulin,2020-01-07 13:13,158
8,"Tue, Jan 7",2020-01-07,Insulin,795,13:15,2020-01-07 13:15,0.071,,,,,,,,,,,2,Insulin,2020-01-07 13:18,159
8,"Tue, Jan 7",2020-01-07,Insulin,800,13:20,2020-01-07 13:20,0.074,,,,,,,,,,,2,Insulin,2020-01-07 13:23,160
8,"Tue, Jan 7",2020-01-07,Insulin,805,13:25,2020-01-07 13:25,0.074,,,,,,,,,,,2,Insulin,2020-01-07 13:28,161
8,"Tue, Jan 7",2020-01-07,Insulin,810,13:30,2020-01-07 13:30,0.046,,,,,,,,,,,2,Insulin,2020-01-07 13:33,162
8,"Tue, Jan 7",2020-01-07,Insulin,815,13:35,2020-01-07 13:35,0.043,,,,,,,,,,,2,Insulin,2020-01-07 13:38,163
8,"Tue, Jan 7",2020-01-07,Insulin,820,13:40,2020-01-07 13:40,0.056,,,,,,,,,,,2,Insulin,2020-01-07 13:43,164
8,"Tue, Jan 7",2020-01-07,Insulin,825,13:45,2020-01-07 13:45,0.071,,,,,,,,,,,2,Insulin,2020-01-07 13:48,165
8,"Tue, Jan 7",2020-01-07,Insulin,830,13:50,2020-01-07 13:50,0.051,,,,,,,,,,,2,Insulin,2020-01-07 13:53,166
8,"Tue, Jan 7",2020-01-07,Insulin,835,13:55,2020-01-07 13:55,0.056,,,,,,,,,,,2,Insulin,2020-01-07 13:58,167
8,"Tue, Jan 7",2020-01-07,Insulin,840,14:00,2020-01-07 14:00,0.051,,,,,,,,,,,2,Insulin,2020-01-07 14:03,168
8,"Tue, Jan 7",2020-01-07,Insulin,845,14:05,2020-01-07 14:05,0.066,,,,,,,,,,,2,Insulin,2020-01-07 14:08,169
8,"Tue, Jan 7",2020-01-07,Insulin,850,14:10,2020-01-07 14:10,0.046,,,,,,,,,,,2,Insulin,2020-01-07 14:13,170
8,"Tue, Jan 7",2020-01-07,Insulin,855,14:15,2020-01-07 14:15,0.046,,,,,,,,,,,2,Insulin,2020-01-07 14:18,171
8,"Tue, Jan 7",2020-01-07,Insulin,860,14:20,2020-01-07 14:20,0.043,,,,,,,,,,,2,Insulin,2020-01-07 14:23,172
8,"Tue, Jan 7",2020-01-07,Insulin,865,14:25,2020-01-07 14:25,0.053,,,,,,,,,,,2,Insulin,2020-01-07 14:28,173
8,"Tue, Jan 7",2020-01-07,Insulin,870,14:30,2020-01-07 14:30,0.066,,,,,,,,,,,2,Insulin,2020-01-07 14:33,174
8,"Tue, Jan 7",2020-01-07,Insulin,875,14:35,2020-01-07 14:35,0.056,,,,,,,,,,,2,Insulin,2020-01-07 14:38,175
8,"Tue, Jan 7",2020-01-07,Insulin,880,14:40,2020-01-07 14:40,0.066,,,,,,,,,,,2,Insulin,2020-01-07 14:43,176
8,"Tue, Jan 7",2020-01-07,Insulin,885,14:45,2020-01-07 14:45,0.064,,,,,,,,,,,2,Insulin,2020-01-07 14:48,177
8,"Tue, Jan 7",2020-01-07,Insulin,890,14:50,2020-01-07 14:50,0.071,,,,,,,,,,,2,Insulin,2020-01-07 14:53,178
8,"Tue, Jan 7",2020-01-07,Insulin,895,14:55,2020-01-07 14:55,0.069,,,,,,,,,,,2,Insulin,2020-01-07 14:58,179
8,"Tue, Jan 7",2020-01-07,Insulin,900,15:00,2020-01-07 15:00,0.046,,,,,,,,,,,2,Insulin,2020-01-07 15:03,180
8,"Tue, Jan 7",2020-01-07,Insulin,905,15:05,2020-01-07 15:05,0.079,,,,,,,,,,,2,Insulin,2020-01-07 15:08,181
8,"Tue, Jan 7",2020-01-07,Insulin,910,15:10,2020-01-07 15:10,0.056,,,,,,,,,,,2,Insulin,2020-01-07 15:13,182
8,"Tue, Jan 7",2020-01-07,Insulin,915,15:15,2020-01-07 15:15,0.061,,,,,,,,,,,2,Insulin,2020-01-07 15:18,183
8,"Tue, Jan 7",2020-01-07,Insulin,920,15:20,2020-01-07 15:20,0.071,,,,,,,,,,,2,Insulin,2020-01-07 15:23,184
8,"Tue, Jan 7",2020-01-07,Insulin,925,15:25,2020-01-07 15:25,0.091,,,,,,,,,,,2,Insulin,2020-01-07 15:28,185
8,"Tue, Jan 7",2020-01-07,Insulin,930,15:30,2020-01-07 15:30,0.061,,,,,,,,,,,2,Insulin,2020-01-07 15:33,186
8,"Tue, Jan 7",2020-01-07,Insulin,935,15:35,2020-01-07 15:35,0,,,,,,,,,,,2,Insulin,2020-01-07 15:38,187
8,"Tue, Jan 7",2020-01-07,Insulin,940,15:40,2020-01-07 15:40,0.084,,,,,,,,,,,2,Insulin,2020-01-07 15:43,188
8,"Tue, Jan 7",2020-01-07,Insulin,945,15:45,2020-01-07 15:45,0.081,,,,,,,,,,,2,Insulin,2020-01-07 15:48,189
8,"Tue, Jan 7",2020-01-07,Insulin,950,15:50,2020-01-07 15:50,0.051,,,,,,,,,,,2,Insulin,2020-01-07 15:53,190
8,"Tue, Jan 7",2020-01-07,Insulin,955,15:55,2020-01-07 15:55,0.076,,,,,,,,,,,2,Insulin,2020-01-07 15:58,191
8,"Tue, Jan 7",2020-01-07,Insulin,960,16:00,2020-01-07 16:00,0,,,,,,,,,,,2,Insulin,2020-01-07 16:03,192
8,"Tue, Jan 7",2020-01-07,Insulin,965,16:05,2020-01-07 16:05,0,,,,,,,,,,,2,Insulin,2020-01-07 16:08,193
8,"Tue, Jan 7",2020-01-07,Insulin,970,16:10,2020-01-07 16:10,0.066,,,,,,,,,,,2,Insulin,2020-01-07 16:13,194
8,"Tue, Jan 7",2020-01-07,Insulin,975,16:15,2020-01-07 16:15,0,,,,,,,,,,,2,Insulin,2020-01-07 16:18,195
8,"Tue, Jan 7",2020-01-07,Insulin,980,16:20,2020-01-07 16:20,0.056,,,,,,,,,,,2,Insulin,2020-01-07 16:23,196
8,"Tue, Jan 7",2020-01-07,Insulin,985,16:25,2020-01-07 16:25,0.066,,,,,,,,,,,2,Insulin,2020-01-07 16:28,197
8,"Tue, Jan 7",2020-01-07,Insulin,990,16:30,2020-01-07 16:30,0.046,,,,,,,,,,,2,Insulin,2020-01-07 16:33,198
8,"Tue, Jan 7",2020-01-07,Insulin,995,16:35,2020-01-07 16:35,0.061,,,,,,,,,,,2,Insulin,2020-01-07 16:38,199
8,"Tue, Jan 7",2020-01-07,Insulin,1000,16:40,2020-01-07 16:40,0.058,,,,,,,,,,,2,Insulin,2020-01-07 16:43,200
8,"Tue, Jan 7",2020-01-07,Insulin,1005,16:45,2020-01-07 16:45,0.053,,,,,,,,,,,2,Insulin,2020-01-07 16:48,201
8,"Tue, Jan 7",2020-01-07,Insulin,1010,16:50,2020-01-07 16:50,0,,,,,,,,,,,2,Insulin,2020-01-07 16:53,202
8,"Tue, Jan 7",2020-01-07,Insulin,1015,16:55,2020-01-07 16:55,0.058,,,,,,,,,,,2,Insulin,2020-01-07 16:58,203
8,"Tue, Jan 7",2020-01-07,Insulin,1020,17:00,2020-01-07 17:00,0.046,,,,,,,,,,,2,Insulin,2020-01-07 17:03,204
8,"Tue, Jan 7",2020-01-07,Insulin,1025,17:05,2020-01-07 17:05,0.048,,,,,,,,,,,2,Insulin,2020-01-07 17:08,205
8,"Tue, Jan 7",2020-01-07,Insulin,1030,17:10,2020-01-07 17:10,0,,,,,,,,,,,2,Insulin,2020-01-07 17:13,206
8,"Tue, Jan 7",2020-01-07,Insulin,1035,17:15,2020-01-07 17:15,0.051,,,,,,,,,,,2,Insulin,2020-01-07 17:18,207
8,"Tue, Jan 7",2020-01-07,Insulin,1040,17:20,2020-01-07 17:20,0.051,,,,,,,,,,,2,Insulin,2020-01-07 17:23,208
8,"Tue, Jan 7",2020-01-07,Insulin,1045,17:25,2020-01-07 17:25,0.047,,,,,,,,,,,2,Insulin,2020-01-07 17:28,209
8,"Tue, Jan 7",2020-01-07,Insulin,1050,17:30,2020-01-07 17:30,0,,,,,,,,,,,2,Insulin,2020-01-07 17:33,210
8,"Tue, Jan 7",2020-01-07,Insulin,1055,17:35,2020-01-07 17:35,0.067,,,,,,,,,,,2,Insulin,2020-01-07 17:38,211
8,"Tue, Jan 7",2020-01-07,Insulin,1060,17:40,2020-01-07 17:40,0.053,,,,,,,,,,,2,Insulin,2020-01-07 17:43,212
8,"Tue, Jan 7",2020-01-07,Insulin,1065,17:45,2020-01-07 17:45,0.048,,,,,,,,,,,2,Insulin,2020-01-07 17:48,213
8,"Tue, Jan 7",2020-01-07,Insulin,1070,17:50,2020-01-07 17:50,0.056,,,,,,,,,,,2,Insulin,2020-01-07 17:53,214
8,"Tue, Jan 7",2020-01-07,Insulin,1075,17:55,2020-01-07 17:55,0.056,,,,,,,,,,,2,Insulin,2020-01-07 17:58,215
8,"Tue, Jan 7",2020-01-07,Insulin,1080,18:00,2020-01-07 18:00,0.051,,,,,,,,,,,2,Insulin,2020-01-07 18:03,216
8,"Tue, Jan 7",2020-01-07,Insulin,1085,18:05,2020-01-07 18:05,0.262,,,,,,,,,,,2,Insulin,2020-01-07 18:08,217
8,"Tue, Jan 7",2020-01-07,Insulin,1090,18:10,2020-01-07 18:10,0.282,,,,,,,,,,,2,Insulin,2020-01-07 18:13,218
8,"Tue, Jan 7",2020-01-07,Insulin,1095,18:15,2020-01-07 18:15,0.479,,,,,,,,,,,2,Insulin,2020-01-07 18:18,219
8,"Tue, Jan 7",2020-01-07,Insulin,1100,18:20,2020-01-07 18:20,0.728,,,,,,,,,,,2,Insulin,2020-01-07 18:23,220
8,"Tue, Jan 7",2020-01-07,Insulin,1105,18:25,2020-01-07 18:25,0.112,,,,,,,,,,,2,Insulin,2020-01-07 18:28,221
8,"Tue, Jan 7",2020-01-07,Insulin,1110,18:30,2020-01-07 18:30,0.501,,,,,,,,,,,2,Insulin,2020-01-07 18:33,222
8,"Tue, Jan 7",2020-01-07,Insulin,1115,18:35,2020-01-07 18:35,0,,,,,,,,,,,2,Insulin,2020-01-07 18:38,223
8,"Tue, Jan 7",2020-01-07,Insulin,1120,18:40,2020-01-07 18:40,0,,,,,,,,,,,2,Insulin,2020-01-07 18:43,224
8,"Tue, Jan 7",2020-01-07,Insulin,1125,18:45,2020-01-07 18:45,0,,,,,,,,,,,2,Insulin,2020-01-07 18:48,225
8,"Tue, Jan 7",2020-01-07,Insulin,1130,18:50,2020-01-07 18:50,0,,,,,,,,,,,2,Insulin,2020-01-07 18:53,226
8,"Tue, Jan 7",2020-01-07,Insulin,1135,18:55,2020-01-07 18:55,0.96,,,,,,,,,,,2,Insulin,2020-01-07 18:58,227
8,"Tue, Jan 7",2020-01-07,Insulin,1140,19:00,2020-01-07 19:00,0.894,,,,,,,,,,,2,Insulin,2020-01-07 19:03,228
8,"Tue, Jan 7",2020-01-07,Insulin,1145,19:05,2020-01-07 19:05,0.358,,,,,,,,,,,2,Insulin,2020-01-07 19:08,229
8,"Tue, Jan 7",2020-01-07,Insulin,1150,19:10,2020-01-07 19:10,0.079,,,,,,,,,,,2,Insulin,2020-01-07 19:13,230
8,"Tue, Jan 7",2020-01-07,Insulin,1155,19:15,2020-01-07 19:15,0.632,,,,,,,,,,,2,Insulin,2020-01-07 19:18,231
8,"Tue, Jan 7",2020-01-07,Insulin,1160,19:20,2020-01-07 19:20,0.337,,,,,,,,,,,2,Insulin,2020-01-07 19:23,232
8,"Tue, Jan 7",2020-01-07,Insulin,1165,19:25,2020-01-07 19:25,0.046,,,,,,,,,,,2,Insulin,2020-01-07 19:28,233
8,"Tue, Jan 7",2020-01-07,Insulin,1170,19:30,2020-01-07 19:30,0.043,,,,,,,,,,,2,Insulin,2020-01-07 19:33,234
8,"Tue, Jan 7",2020-01-07,Insulin,1175,19:35,2020-01-07 19:35,0,,,,,,,,,,,2,Insulin,2020-01-07 19:38,235
8,"Tue, Jan 7",2020-01-07,Insulin,1180,19:40,2020-01-07 19:40,0.091,,,,,,,,,,,2,Insulin,2020-01-07 19:43,236
8,"Tue, Jan 7",2020-01-07,Insulin,1185,19:45,2020-01-07 19:45,0.327,,,,,,,,,,,2,Insulin,2020-01-07 19:48,237
8,"Tue, Jan 7",2020-01-07,Insulin,1190,19:50,2020-01-07 19:50,0.099,,,,,,,,,,,2,Insulin,2020-01-07 19:53,238
8,"Tue, Jan 7",2020-01-07,Insulin,1195,19:55,2020-01-07 19:55,0.112,,,,,,,,,,,2,Insulin,2020-01-07 19:58,239
8,"Tue, Jan 7",2020-01-07,Insulin,1200,20:00,2020-01-07 20:00,0.097,,,,,,,,,,,2,Insulin,2020-01-07 20:03,240
8,"Tue, Jan 7",2020-01-07,Insulin,1205,20:05,2020-01-07 20:05,0.376,,,,,,,,,,,2,Insulin,2020-01-07 20:08,241
8,"Tue, Jan 7",2020-01-07,Insulin,1210,20:10,2020-01-07 20:10,0.374,,,,,,,,,,,2,Insulin,2020-01-07 20:13,242
8,"Tue, Jan 7",2020-01-07,Insulin,1215,20:15,2020-01-07 20:15,0.345,,,,,,,,,,,2,Insulin,2020-01-07 20:18,243
8,"Tue, Jan 7",2020-01-07,Insulin,1220,20:20,2020-01-07 20:20,0.361,,,,,,,,,,,2,Insulin,2020-01-07 20:23,244
8,"Tue, Jan 7",2020-01-07,Insulin,1225,20:25,2020-01-07 20:25,0.234,,,,,,,,,,,2,Insulin,2020-01-07 20:28,245
8,"Tue, Jan 7",2020-01-07,Insulin,1230,20:30,2020-01-07 20:30,0.211,,,,,,,,,,,2,Insulin,2020-01-07 20:33,246
8,"Tue, Jan 7",2020-01-07,Insulin,1235,20:35,2020-01-07 20:35,0.234,,,,,,,,,,,2,Insulin,2020-01-07 20:38,247
8,"Tue, Jan 7",2020-01-07,Insulin,1240,20:40,2020-01-07 20:40,0.308,,,,,,,,,,,2,Insulin,2020-01-07 20:43,248
8,"Tue, Jan 7",2020-01-07,Insulin,1245,20:45,2020-01-07 20:45,0.391,,,,,,,,,,,2,Insulin,2020-01-07 20:48,249
8,"Tue, Jan 7",2020-01-07,Insulin,1250,20:50,2020-01-07 20:50,0.461,,,,,,,,,,,2,Insulin,2020-01-07 20:53,250
8,"Tue, Jan 7",2020-01-07,Insulin,1255,20:55,2020-01-07 20:55,0.598,,,,,,,,,,,2,Insulin,2020-01-07 20:58,251
8,"Tue, Jan 7",2020-01-07,Insulin,1260,21:00,2020-01-07 21:00,0.927,,,,,,,,,,,2,Insulin,2020-01-07 21:02,252
8,"Tue, Jan 7",2020-01-07,Insulin,1265,21:05,2020-01-07 21:05,0,,,,,,,,,,,2,Insulin,2020-01-07 21:08,253
8,"Tue, Jan 7",2020-01-07,Insulin,1270,21:10,2020-01-07 21:10,0.081,,,,,,,,,,,2,Insulin,2020-01-07 21:13,254
8,"Tue, Jan 7",2020-01-07,Insulin,1275,21:15,2020-01-07 21:15,0.251,,,,,,,,,,,2,Insulin,2020-01-07 21:18,255
8,"Tue, Jan 7",2020-01-07,Insulin,1280,21:20,2020-01-07 21:20,0.502,,,,,,,,,,,2,Insulin,2020-01-07 21:23,256
8,"Tue, Jan 7",2020-01-07,Insulin,1285,21:25,2020-01-07 21:25,0.757,,,,,,,,,,,2,Insulin,2020-01-07 21:28,257
8,"Tue, Jan 7",2020-01-07,Insulin,1290,21:30,2020-01-07 21:30,0.581,,,,,,,,,,,2,Insulin,2020-01-07 21:33,258
8,"Tue, Jan 7",2020-01-07,Insulin,1295,21:35,2020-01-07 21:35,0.887,,,,,,,,,,,2,Insulin,2020-01-07 21:38,259
8,"Tue, Jan 7",2020-01-07,Insulin,1300,21:40,2020-01-07 21:40,1.588,,,,,,,,,,,2,Insulin,2020-01-07 21:43,260
8,"Tue, Jan 7",2020-01-07,Insulin,1305,21:45,2020-01-07 21:45,0.069,,,,,,,,,,,2,Insulin,2020-01-07 21:48,261
8,"Tue, Jan 7",2020-01-07,Insulin,1310,21:50,2020-01-07 21:50,0.048,,,,,,,,,,,2,Insulin,2020-01-07 21:52,262
8,"Tue, Jan 7",2020-01-07,Insulin,1315,21:55,2020-01-07 21:55,0,,,,,,,,,,,2,Insulin,2020-01-07 21:57,263
8,"Tue, Jan 7",2020-01-07,Insulin,1320,22:00,2020-01-07 22:00,0,,,,,,,,,,,2,Insulin,2020-01-07 22:02,264
8,"Tue, Jan 7",2020-01-07,Insulin,1325,22:05,2020-01-07 22:05,0,,,,,,,,,,,2,Insulin,2020-01-07 22:08,265
8,"Tue, Jan 7",2020-01-07,Insulin,1330,22:10,2020-01-07 22:10,0.066,,,,,,,,,,,2,Insulin,2020-01-07 22:13,266
8,"Tue, Jan 7",2020-01-07,Insulin,1335,22:15,2020-01-07 22:15,0.095,,,,,,,,,,,2,Insulin,2020-01-07 22:17,267
8,"Tue, Jan 7",2020-01-07,Insulin,1340,22:20,2020-01-07 22:20,0,,,,,,,,,,,2,Insulin,2020-01-07 22:22,268
8,"Tue, Jan 7",2020-01-07,Insulin,1345,22:25,2020-01-07 22:25,0,,,,,,,,,,,2,Insulin,2020-01-07 22:27,269
8,"Tue, Jan 7",2020-01-07,Insulin,1350,22:30,2020-01-07 22:30,0,,,,,,,,,,,2,Insulin,2020-01-07 22:32,270
8,"Tue, Jan 7",2020-01-07,Insulin,1355,22:35,2020-01-07 22:35,0,,,,,,,,,,,2,Insulin,2020-01-07 22:37,271
8,"Tue, Jan 7",2020-01-07,Insulin,1360,22:40,2020-01-07 22:40,0,,,,,,,,,,,2,Insulin,2020-01-07 22:43,272
8,"Tue, Jan 7",2020-01-07,Insulin,1365,22:45,2020-01-07 22:45,0.057,,,,,,,,,,,2,Insulin,2020-01-07 22:48,273
8,"Tue, Jan 7",2020-01-07,Insulin,1370,22:50,2020-01-07 22:50,0.16,,,,,,,,,,,2,Insulin,2020-01-07 22:52,274
8,"Tue, Jan 7",2020-01-07,Insulin,1375,22:55,2020-01-07 22:55,0,,,,,,,,,,,2,Insulin,2020-01-07 22:57,275
8,"Tue, Jan 7",2020-01-07,Insulin,1380,23:00,2020-01-07 23:00,0,,,,,,,,,,,2,Insulin,2020-01-07 23:03,276
8,"Tue, Jan 7",2020-01-07,Insulin,1385,23:05,2020-01-07 23:05,0.15,,,,,,,,,,,2,Insulin,2020-01-07 23:07,277
8,"Tue, Jan 7",2020-01-07,Insulin,1390,23:10,2020-01-07 23:10,0,,,,,,,,,,,2,Insulin,2020-01-07 23:12,278
8,"Tue, Jan 7",2020-01-07,Insulin,1395,23:15,2020-01-07 23:15,0,,,,,,,,,,,2,Insulin,2020-01-07 23:17,279
8,"Tue, Jan 7",2020-01-07,Insulin,1400,23:20,2020-01-07 23:20,0.091,,,,,,,,,,,2,Insulin,2020-01-07 23:22,280
8,"Tue, Jan 7",2020-01-07,Insulin,1405,23:25,2020-01-07 23:25,0.066,,,,,,,,,,,2,Insulin,2020-01-07 23:27,281
8,"Tue, Jan 7",2020-01-07,Insulin,1410,23:30,2020-01-07 23:30,0,,,,,,,,,,,2,Insulin,2020-01-07 23:32,282
8,"Tue, Jan 7",2020-01-07,Insulin,1415,23:35,2020-01-07 23:35,0.081,,,,,,,,,,,2,Insulin,2020-01-07 23:37,283
8,"Tue, Jan 7",2020-01-07,Insulin,1420,23:40,2020-01-07 23:40,0,,,,,,,,,,,2,Insulin,2020-01-07 23:42,284
8,"Tue, Jan 7",2020-01-07,Insulin,1425,23:45,2020-01-07 23:45,0,,,,,,,,,,,2,Insulin,2020-01-07 23:47,285
8,"Tue, Jan 7",2020-01-07,Insulin,1430,23:50,2020-01-07 23:50,0,,,,,,,,,,,2,Insulin,2020-01-07 23:52,286
8,"Tue, Jan 7",2020-01-07,Insulin,1435,23:55,2020-01-07 23:55,0,,,,,,,,,,,2,Insulin,2020-01-07 23:57,287
8,"Tue, Jan 7",2020-01-07,Event,1115,18:35,2020-01-07 18:35,0,Event,,"Event: Other Event, 6:38 PM","Event: Other Event, 6:38 PM",,,,,Other Event,6:38 PM,4,Event,2020-01-07 18:38,0
9,"Mon, Jan 6",2020-01-06,CGM,0,00:00,2020-01-06 00:00,224,,,,,,,,,,,1,CGM,2020-01-06 00:03,0
9,"Mon, Jan 6",2020-01-06,CGM,5,00:05,2020-01-06 00:05,220,,,,,,,,,,,1,CGM,2020-01-06 00:08,1
9,"Mon, Jan 6",2020-01-06,CGM,10,00:10,2020-01-06 00:10,217,,,,,,,,,,,1,CGM,2020-01-06 00:13,2
9,"Mon, Jan 6",2020-01-06,CGM,15,00:15,2020-01-06 00:15,217,,,,,,,,,,,1,CGM,2020-01-06 00:18,3
9,"Mon, Jan 6",2020-01-06,CGM,20,00:20,2020-01-06 00:20,220,,,,,,,,,,,1,CGM,2020-01-06 00:23,4
9,"Mon, Jan 6",2020-01-06,CGM,25,00:25,2020-01-06 00:25,219,,,,,,,,,,,1,CGM,2020-01-06 00:28,5
9,"Mon, Jan 6",2020-01-06,CGM,30,00:30,2020-01-06 00:30,220,,,,,,,,,,,1,CGM,2020-01-06 00:33,6
9,"Mon, Jan 6",2020-01-06,CGM,35,00:35,2020-01-06 00:35,220,,,,,,,,,,,1,CGM,2020-01-06 00:38,7
9,"Mon, Jan 6",2020-01-06,CGM,40,00:40,2020-01-06 00:40,219,,,,,,,,,,,1,CGM,2020-01-06 00:43,8
9,"Mon, Jan 6",2020-01-06,CGM,45,00:45,2020-01-06 00:45,219,,,,,,,,,,,1,CGM,2020-01-06 00:48,9
9,"Mon, Jan 6",2020-01-06,CGM,50,00:50,2020-01-06 00:50,220,,,,,,,,,,,1,CGM,2020-01-06 00:53,10
9,"Mon, Jan 6",2020-01-06,CGM,55,00:55,2020-01-06 00:55,214,,,,,,,,,,,1,CGM,2020-01-06 00:58,11
9,"Mon, Jan 6",2020-01-06,CGM,60,01:00,2020-01-06 01:00,207,,,,,,,,,,,1,CGM,2020-01-06 01:03,12
9,"Mon, Jan 6",2020-01-06,CGM,65,01:05,2020-01-06 01:05,205,,,,,,,,,,,1,CGM,2020-01-06 01:08,13
9,"Mon, Jan 6",2020-01-06,CGM,70,01:10,2020-01-06 01:10,200,,,,,,,,,,,1,CGM,2020-01-06 01:13,14
9,"Mon, Jan 6",2020-01-06,CGM,75,01:15,2020-01-06 01:15,203,,,,,,,,,,,1,CGM,2020-01-06 01:18,15
9,"Mon, Jan 6",2020-01-06,CGM,80,01:20,2020-01-06 01:20,206,,,,,,,,,,,1,CGM,2020-01-06 01:23,16
9,"Mon, Jan 6",2020-01-06,CGM,85,01:25,2020-01-06 01:25,205,,,,,,,,,,,1,CGM,2020-01-06 01:28,17
9,"Mon, Jan 6",2020-01-06,CGM,90,01:30,2020-01-06 01:30,200,,,,,,,,,,,1,CGM,2020-01-06 01:33,18
9,"Mon, Jan 6",2020-01-06,CGM,95,01:35,2020-01-06 01:35,195,,,,,,,,,,,1,CGM,2020-01-06 01:38,19
9,"Mon, Jan 6",2020-01-06,CGM,100,01:40,2020-01-06 01:40,190,,,,,,,,,,,1,CGM,2020-01-06 01:43,20
9,"Mon, Jan 6",2020-01-06,CGM,105,01:45,2020-01-06 01:45,179,,,,,,,,,,,1,CGM,2020-01-06 01:48,21
9,"Mon, Jan 6",2020-01-06,CGM,110,01:50,2020-01-06 01:50,177,,,,,,,,,,,1,CGM,2020-01-06 01:53,22
9,"Mon, Jan 6",2020-01-06,CGM,115,01:55,2020-01-06 01:55,173,,,,,,,,,,,1,CGM,2020-01-06 01:58,23
9,"Mon, Jan 6",2020-01-06,CGM,120,02:00,2020-01-06 02:00,164,,,,,,,,,,,1,CGM,2020-01-06 02:03,24
9,"Mon, Jan 6",2020-01-06,CGM,125,02:05,2020-01-06 02:05,158,,,,,,,,,,,1,CGM,2020-01-06 02:08,25
9,"Mon, Jan 6",2020-01-06,CGM,130,02:10,2020-01-06 02:10,159,,,,,,,,,,,1,CGM,2020-01-06 02:13,26
9,"Mon, Jan 6",2020-01-06,CGM,135,02:15,2020-01-06 02:15,161,,,,,,,,,,,1,CGM,2020-01-06 02:18,27
9,"Mon, Jan 6",2020-01-06,CGM,140,02:20,2020-01-06 02:20,162,,,,,,,,,,,1,CGM,2020-01-06 02:23,28
9,"Mon, Jan 6",2020-01-06,CGM,145,02:25,2020-01-06 02:25,156,,,,,,,,,,,1,CGM,2020-01-06 02:28,29
9,"Mon, Jan 6",2020-01-06,CGM,150,02:30,2020-01-06 02:30,151,,,,,,,,,,,1,CGM,2020-01-06 02:33,30
9,"Mon, Jan 6",2020-01-06,CGM,155,02:35,2020-01-06 02:35,146,,,,,,,,,,,1,CGM,2020-01-06 02:38,31
9,"Mon, Jan 6",2020-01-06,CGM,160,02:40,2020-01-06 02:40,144,,,,,,,,,,,1,CGM,2020-01-06 02:43,32
9,"Mon, Jan 6",2020-01-06,CGM,165,02:45,2020-01-06 02:45,148,,,,,,,,,,,1,CGM,2020-01-06 02:48,33
9,"Mon, Jan 6",2020-01-06,CGM,170,02:50,2020-01-06 02:50,145,,,,,,,,,,,1,CGM,2020-01-06 02:53,34
9,"Mon, Jan 6",2020-01-06,CGM,175,02:55,2020-01-06 02:55,138,,,,,,,,,,,1,CGM,2020-01-06 02:58,35
9,"Mon, Jan 6",2020-01-06,CGM,180,03:00,2020-01-06 03:00,140,,,,,,,,,,,1,CGM,2020-01-06 03:03,36
9,"Mon, Jan 6",2020-01-06,CGM,185,03:05,2020-01-06 03:05,133,,,,,,,,,,,1,CGM,2020-01-06 03:08,37
9,"Mon, Jan 6",2020-01-06,CGM,190,03:10,2020-01-06 03:10,138,,,,,,,,,,,1,CGM,2020-01-06 03:13,38
9,"Mon, Jan 6",2020-01-06,CGM,195,03:15,2020-01-06 03:15,136,,,,,,,,,,,1,CGM,2020-01-06 03:18,39
9,"Mon, Jan 6",2020-01-06,CGM,200,03:20,2020-01-06 03:20,135,,,,,,,,,,,1,CGM,2020-01-06 03:23,40
9,"Mon, Jan 6",2020-01-06,CGM,205,03:25,2020-01-06 03:25,133,,,,,,,,,,,1,CGM,2020-01-06 03:28,41
9,"Mon, Jan 6",2020-01-06,CGM,210,03:30,2020-01-06 03:30,128,,,,,,,,,,,1,CGM,2020-01-06 03:33,42
9,"Mon, Jan 6",2020-01-06,CGM,215,03:35,2020-01-06 03:35,129,,,,,,,,,,,1,CGM,2020-01-06 03:38,43
9,"Mon, Jan 6",2020-01-06,CGM,220,03:40,2020-01-06 03:40,134,,,,,,,,,,,1,CGM,2020-01-06 03:43,44
9,"Mon, Jan 6",2020-01-06,CGM,225,03:45,2020-01-06 03:45,134,,,,,,,,,,,1,CGM,2020-01-06 03:48,45
9,"Mon, Jan 6",2020-01-06,CGM,230,03:50,2020-01-06 03:50,134,,,,,,,,,,,1,CGM,2020-01-06 03:53,46
9,"Mon, Jan 6",2020-01-06,CGM,235,03:55,2020-01-06 03:55,131,,,,,,,,,,,1,CGM,2020-01-06 03:58,47
9,"Mon, Jan 6",2020-01-06,CGM,240,04:00,2020-01-06 04:00,130,,,,,,,,,,,1,CGM,2020-01-06 04:03,48
9,"Mon, Jan 6",2020-01-06,CGM,245,04:05,2020-01-06 04:05,129,,,,,,,,,,,1,CGM,2020-01-06 04:08,49
9,"Mon, Jan 6",2020-01-06,CGM,250,04:10,2020-01-06 04:10,133,,,,,,,,,,,1,CGM,2020-01-06 04:13,50
9,"Mon, Jan 6",2020-01-06,CGM,255,04:15,2020-01-06 04:15,133,,,,,,,,,,,1,CGM,2020-01-06 04:18,51
9,"Mon, Jan 6",2020-01-06,CGM,260,04:20,2020-01-06 04:20,133,,,,,,,,,,,1,CGM,2020-01-06 04:23,52
9,"Mon, Jan 6",2020-01-06,CGM,265,04:25,2020-01-06 04:25,133,,,,,,,,,,,1,CGM,2020-01-06 04:28,53
9,"Mon, Jan 6",2020-01-06,CGM,270,04:30,2020-01-06 04:30,134,,,,,,,,,,,1,CGM,2020-01-06 04:33,54
9,"Mon, Jan 6",2020-01-06,CGM,275,04:35,2020-01-06 04:35,140,,,,,,,,,,,1,CGM,2020-01-06 04:38,55
9,"Mon, Jan 6",2020-01-06,CGM,280,04:40,2020-01-06 04:40,143,,,,,,,,,,,1,CGM,2020-01-06 04:43,56
9,"Mon, Jan 6",2020-01-06,CGM,285,04:45,2020-01-06 04:45,135,,,,,,,,,,,1,CGM,2020-01-06 04:48,57
9,"Mon, Jan 6",2020-01-06,CGM,290,04:50,2020-01-06 04:50,130,,,,,,,,,,,1,CGM,2020-01-06 04:53,58
9,"Mon, Jan 6",2020-01-06,CGM,295,04:55,2020-01-06 04:55,131,,,,,,,,,,,1,CGM,2020-01-06 04:58,59
9,"Mon, Jan 6",2020-01-06,CGM,300,05:00,2020-01-06 05:00,132,,,,,,,,,,,1,CGM,2020-01-06 05:03,60
9,"Mon, Jan 6",2020-01-06,CGM,305,05:05,2020-01-06 05:05,133,,,,,,,,,,,1,CGM,2020-01-06 05:08,61
9,"Mon, Jan 6",2020-01-06,CGM,310,05:10,2020-01-06 05:10,132,,,,,,,,,,,1,CGM,2020-01-06 05:13,62
9,"Mon, Jan 6",2020-01-06,CGM,315,05:15,2020-01-06 05:15,130,,,,,,,,,,,1,CGM,2020-01-06 05:18,63
9,"Mon, Jan 6",2020-01-06,CGM,320,05:20,2020-01-06 05:20,117,,,,,,,,,,,1,CGM,2020-01-06 05:23,64
9,"Mon, Jan 6",2020-01-06,CGM,325,05:25,2020-01-06 05:25,121,,,,,,,,,,,1,CGM,2020-01-06 05:28,65
9,"Mon, Jan 6",2020-01-06,CGM,330,05:30,2020-01-06 05:30,128,,,,,,,,,,,1,CGM,2020-01-06 05:33,66
9,"Mon, Jan 6",2020-01-06,CGM,335,05:35,2020-01-06 05:35,128,,,,,,,,,,,1,CGM,2020-01-06 05:38,67
9,"Mon, Jan 6",2020-01-06,CGM,340,05:40,2020-01-06 05:40,122,,,,,,,,,,,1,CGM,2020-01-06 05:43,68
9,"Mon, Jan 6",2020-01-06,CGM,345,05:45,2020-01-06 05:45,117,,,,,,,,,,,1,CGM,2020-01-06 05:48,69
9,"Mon, Jan 6",2020-01-06,CGM,350,05:50,2020-01-06 05:50,119,,,,,,,,,,,1,CGM,2020-01-06 05:53,70
9,"Mon, Jan 6",2020-01-06,CGM,355,05:55,2020-01-06 05:55,116,,,,,,,,,,,1,CGM,2020-01-06 05:58,71
9,"Mon, Jan 6",2020-01-06,CGM,360,06:00,2020-01-06 06:00,113,,,,,,,,,,,1,CGM,2020-01-06 06:03,72
9,"Mon, Jan 6",2020-01-06,CGM,365,06:05,2020-01-06 06:05,112,,,,,,,,,,,1,CGM,2020-01-06 06:08,73
9,"Mon, Jan 6",2020-01-06,CGM,370,06:10,2020-01-06 06:10,113,,,,,,,,,,,1,CGM,2020-01-06 06:13,74
9,"Mon, Jan 6",2020-01-06,CGM,375,06:15,2020-01-06 06:15,114,,,,,,,,,,,1,CGM,2020-01-06 06:18,75
9,"Mon, Jan 6",2020-01-06,CGM,380,06:20,2020-01-06 06:20,114,,,,,,,,,,,1,CGM,2020-01-06 06:23,76
9,"Mon, Jan 6",2020-01-06,CGM,385,06:25,2020-01-06 06:25,117,,,,,,,,,,,1,CGM,2020-01-06 06:28,77
9,"Mon, Jan 6",2020-01-06,CGM,390,06:30,2020-01-06 06:30,116,,,,,,,,,,,1,CGM,2020-01-06 06:33,78
9,"Mon, Jan 6",2020-01-06,CGM,395,06:35,2020-01-06 06:35,113,,,,,,,,,,,1,CGM,2020-01-06 06:38,79
9,"Mon, Jan 6",2020-01-06,CGM,400,06:40,2020-01-06 06:40,111,,,,,,,,,,,1,CGM,2020-01-06 06:43,80
9,"Mon, Jan 6",2020-01-06,CGM,405,06:45,2020-01-06 06:45,109,,,,,,,,,,,1,CGM,2020-01-06 06:48,81
9,"Mon, Jan 6",2020-01-06,CGM,410,06:50,2020-01-06 06:50,109,,,,,,,,,,,1,CGM,2020-01-06 06:53,82
9,"Mon, Jan 6",2020-01-06,CGM,415,06:55,2020-01-06 06:55,108,,,,,,,,,,,1,CGM,2020-01-06 06:58,83
9,"Mon, Jan 6",2020-01-06,CGM,420,07:00,2020-01-06 07:00,108,,,,,,,,,,,1,CGM,2020-01-06 07:03,84
9,"Mon, Jan 6",2020-01-06,CGM,425,07:05,2020-01-06 07:05,105,,,,,,,,,,,1,CGM,2020-01-06 07:08,85
9,"Mon, Jan 6",2020-01-06,CGM,430,07:10,2020-01-06 07:10,105,,,,,,,,,,,1,CGM,2020-01-06 07:13,86
9,"Mon, Jan 6",2020-01-06,CGM,435,07:15,2020-01-06 07:15,102,,,,,,,,,,,1,CGM,2020-01-06 07:18,87
9,"Mon, Jan 6",2020-01-06,CGM,440,07:20,2020-01-06 07:20,102,,,,,,,,,,,1,CGM,2020-01-06 07:23,88
9,"Mon, Jan 6",2020-01-06,CGM,445,07:25,2020-01-06 07:25,103,,,,,,,,,,,1,CGM,2020-01-06 07:28,89
9,"Mon, Jan 6",2020-01-06,CGM,450,07:30,2020-01-06 07:30,104,,,,,,,,,,,1,CGM,2020-01-06 07:33,90
9,"Mon, Jan 6",2020-01-06,CGM,455,07:35,2020-01-06 07:35,105,,,,,,,,,,,1,CGM,2020-01-06 07:38,91
9,"Mon, Jan 6",2020-01-06,CGM,460,07:40,2020-01-06 07:40,106,,,,,,,,,,,1,CGM,2020-01-06 07:43,92
9,"Mon, Jan 6",2020-01-06,CGM,465,07:45,2020-01-06 07:45,110,,,,,,,,,,,1,CGM,2020-01-06 07:48,93
9,"Mon, Jan 6",2020-01-06,CGM,470,07:50,2020-01-06 07:50,111,,,,,,,,,,,1,CGM,2020-01-06 07:53,94
9,"Mon, Jan 6",2020-01-06,CGM,475,07:55,2020-01-06 07:55,114,,,,,,,,,,,1,CGM,2020-01-06 07:58,95
9,"Mon, Jan 6",2020-01-06,CGM,480,08:00,2020-01-06 08:00,115,,,,,,,,,,,1,CGM,2020-01-06 08:03,96
9,"Mon, Jan 6",2020-01-06,CGM,485,08:05,2020-01-06 08:05,115,,,,,,,,,,,1,CGM,2020-01-06 08:08,97
9,"Mon, Jan 6",2020-01-06,CGM,490,08:10,2020-01-06 08:10,118,,,,,,,,,,,1,CGM,2020-01-06 08:13,98
9,"Mon, Jan 6",2020-01-06,CGM,495,08:15,2020-01-06 08:15,119,,,,,,,,,,,1,CGM,2020-01-06 08:18,99
9,"Mon, Jan 6",2020-01-06,CGM,500,08:20,2020-01-06 08:20,122,,,,,,,,,,,1,CGM,2020-01-06 08:23,100
9,"Mon, Jan 6",2020-01-06,CGM,505,08:25,2020-01-06 08:25,125,,,,,,,,,,,1,CGM,2020-01-06 08:28,101
9,"Mon, Jan 6",2020-01-06,CGM,510,08:30,2020-01-06 08:30,125,,,,,,,,,,,1,CGM,2020-01-06 08:33,102
9,"Mon, Jan 6",2020-01-06,CGM,515,08:35,2020-01-06 08:35,129,,,,,,,,,,,1,CGM,2020-01-06 08:38,103
9,"Mon, Jan 6",2020-01-06,CGM,520,08:40,2020-01-06 08:40,128,,,,,,,,,,,1,CGM,2020-01-06 08:43,104
9,"Mon, Jan 6",2020-01-06,CGM,525,08:45,2020-01-06 08:45,128,,,,,,,,,,,1,CGM,2020-01-06 08:48,105
9,"Mon, Jan 6",2020-01-06,CGM,530,08:50,2020-01-06 08:50,130,,,,,,,,,,,1,CGM,2020-01-06 08:53,106
9,"Mon, Jan 6",2020-01-06,CGM,535,08:55,2020-01-06 08:55,133,,,,,,,,,,,1,CGM,2020-01-06 08:58,107
9,"Mon, Jan 6",2020-01-06,CGM,540,09:00,2020-01-06 09:00,137,,,,,,,,,,,1,CGM,2020-01-06 09:03,108
9,"Mon, Jan 6",2020-01-06,CGM,545,09:05,2020-01-06 09:05,143,,,,,,,,,,,1,CGM,2020-01-06 09:08,109
9,"Mon, Jan 6",2020-01-06,CGM,550,09:10,2020-01-06 09:10,155,,,,,,,,,,,1,CGM,2020-01-06 09:13,110
9,"Mon, Jan 6",2020-01-06,CGM,555,09:15,2020-01-06 09:15,161,,,,,,,,,,,1,CGM,2020-01-06 09:18,111
9,"Mon, Jan 6",2020-01-06,CGM,560,09:20,2020-01-06 09:20,165,,,,,,,,,,,1,CGM,2020-01-06 09:23,112
9,"Mon, Jan 6",2020-01-06,CGM,565,09:25,2020-01-06 09:25,171,,,,,,,,,,,1,CGM,2020-01-06 09:28,113
9,"Mon, Jan 6",2020-01-06,CGM,570,09:30,2020-01-06 09:30,175,,,,,,,,,,,1,CGM,2020-01-06 09:33,114
9,"Mon, Jan 6",2020-01-06,CGM,575,09:35,2020-01-06 09:35,176,,,,,,,,,,,1,CGM,2020-01-06 09:38,115
9,"Mon, Jan 6",2020-01-06,CGM,580,09:40,2020-01-06 09:40,173,,,,,,,,,,,1,CGM,2020-01-06 09:43,116
9,"Mon, Jan 6",2020-01-06,CGM,585,09:45,2020-01-06 09:45,175,,,,,,,,,,,1,CGM,2020-01-06 09:48,117
9,"Mon, Jan 6",2020-01-06,CGM,590,09:50,2020-01-06 09:50,173,,,,,,,,,,,1,CGM,2020-01-06 09:53,118
9,"Mon, Jan 6",2020-01-06,CGM,595,09:55,2020-01-06 09:55,177,,,,,,,,,,,1,CGM,2020-01-06 09:58,119
9,"Mon, Jan 6",2020-01-06,CGM,600,10:00,2020-01-06 10:00,176,,,,,,,,,,,1,CGM,2020-01-06 10:03,120
9,"Mon, Jan 6",2020-01-06,CGM,605,10:05,2020-01-06 10:05,174,,,,,,,,,,,1,CGM,2020-01-06 10:08,121
9,"Mon, Jan 6",2020-01-06,CGM,610,10:10,2020-01-06 10:10,165,,,,,,,,,,,1,CGM,2020-01-06 10:13,122
9,"Mon, Jan 6",2020-01-06,CGM,615,10:15,2020-01-06 10:15,153,,,,,,,,,,,1,CGM,2020-01-06 10:18,123
9,"Mon, Jan 6",2020-01-06,CGM,620,10:20,2020-01-06 10:20,141,,,,,,,,,,,1,CGM,2020-01-06 10:23,124
9,"Mon, Jan 6",2020-01-06,CGM,625,10:25,2020-01-06 10:25,134,,,,,,,,,,,1,CGM,2020-01-06 10:28,125
9,"Mon, Jan 6",2020-01-06,CGM,630,10:30,2020-01-06 10:30,130,,,,,,,,,,,1,CGM,2020-01-06 10:33,126
9,"Mon, Jan 6",2020-01-06,CGM,635,10:35,2020-01-06 10:35,119,,,,,,,,,,,1,CGM,2020-01-06 10:38,127
9,"Mon, Jan 6",2020-01-06,CGM,640,10:40,2020-01-06 10:40,114,,,,,,,,,,,1,CGM,2020-01-06 10:43,128
9,"Mon, Jan 6",2020-01-06,CGM,645,10:45,2020-01-06 10:45,103,,,,,,,,,,,1,CGM,2020-01-06 10:48,129
9,"Mon, Jan 6",2020-01-06,CGM,650,10:50,2020-01-06 10:50,97,,,,,,,,,,,1,CGM,2020-01-06 10:53,130
9,"Mon, Jan 6",2020-01-06,CGM,655,10:55,2020-01-06 10:55,93,,,,,,,,,,,1,CGM,2020-01-06 10:58,131
9,"Mon, Jan 6",2020-01-06,CGM,660,11:00,2020-01-06 11:00,88,,,,,,,,,,,1,CGM,2020-01-06 11:03,132
9,"Mon, Jan 6",2020-01-06,CGM,665,11:05,2020-01-06 11:05,82,,,,,,,,,,,1,CGM,2020-01-06 11:08,133
9,"Mon, Jan 6",2020-01-06,CGM,670,11:10,2020-01-06 11:10,75,,,,,,,,,,,1,CGM,2020-01-06 11:13,134
9,"Mon, Jan 6",2020-01-06,CGM,675,11:15,2020-01-06 11:15,70,,,,,,,,,,,1,CGM,2020-01-06 11:18,135
9,"Mon, Jan 6",2020-01-06,CGM,680,11:20,2020-01-06 11:20,68,,,,,,,,,,,1,CGM,2020-01-06 11:23,136
9,"Mon, Jan 6",2020-01-06,CGM,685,11:25,2020-01-06 11:25,69,,,,,,,,,,,1,CGM,2020-01-06 11:28,137
9,"Mon, Jan 6",2020-01-06,CGM,690,11:30,2020-01-06 11:30,76,,,,,,,,,,,1,CGM,2020-01-06 11:33,138
9,"Mon, Jan 6",2020-01-06,CGM,695,11:35,2020-01-06 11:35,81,,,,,,,,,,,1,CGM,2020-01-06 11:38,139
9,"Mon, Jan 6",2020-01-06,CGM,700,11:40,2020-01-06 11:40,91,,,,,,,,,,,1,CGM,2020-01-06 11:43,140
9,"Mon, Jan 6",2020-01-06,CGM,705,11:45,2020-01-06 11:45,97,,,,,,,,,,,1,CGM,2020-01-06 11:48,141
9,"Mon, Jan 6",2020-01-06,CGM,710,11:50,2020-01-06 11:50,107,,,,,,,,,,,1,CGM,2020-01-06 11:53,142
9,"Mon, Jan 6",2020-01-06,CGM,715,11:55,2020-01-06 11:55,121,,,,,,,,,,,1,CGM,2020-01-06 11:58,143
9,"Mon, Jan 6",2020-01-06,CGM,720,12:00,2020-01-06 12:00,131,,,,,,,,,,,1,CGM,2020-01-06 12:03,144
9,"Mon, Jan 6",2020-01-06,CGM,725,12:05,2020-01-06 12:05,138,,,,,,,,,,,1,CGM,2020-01-06 12:08,145
9,"Mon, Jan 6",2020-01-06,CGM,730,12:10,2020-01-06 12:10,135,,,,,,,,,,,1,CGM,2020-01-06 12:13,146
9,"Mon, Jan 6",2020-01-06,CGM,735,12:15,2020-01-06 12:15,140,,,,,,,,,,,1,CGM,2020-01-06 12:18,147
9,"Mon, Jan 6",2020-01-06,CGM,740,12:20,2020-01-06 12:20,137,,,,,,,,,,,1,CGM,2020-01-06 12:23,148
9,"Mon, Jan 6",2020-01-06,CGM,745,12:25,2020-01-06 12:25,135,,,,,,,,,,,1,CGM,2020-01-06 12:28,149
9,"Mon, Jan 6",2020-01-06,CGM,750,12:30,2020-01-06 12:30,140,,,,,,,,,,,1,CGM,2020-01-06 12:33,150
9,"Mon, Jan 6",2020-01-06,CGM,755,12:35,2020-01-06 12:35,156,,,,,,,,,,,1,CGM,2020-01-06 12:38,151
9,"Mon, Jan 6",2020-01-06,CGM,760,12:40,2020-01-06 12:40,165,,,,,,,,,,,1,CGM,2020-01-06 12:43,152
9,"Mon, Jan 6",2020-01-06,CGM,765,12:45,2020-01-06 12:45,169,,,,,,,,,,,1,CGM,2020-01-06 12:48,153
9,"Mon, Jan 6",2020-01-06,CGM,770,12:50,2020-01-06 12:50,168,,,,,,,,,,,1,CGM,2020-01-06 12:53,154
9,"Mon, Jan 6",2020-01-06,CGM,775,12:55,2020-01-06 12:55,170,,,,,,,,,,,1,CGM,2020-01-06 12:58,155
9,"Mon, Jan 6",2020-01-06,CGM,780,13:00,2020-01-06 13:00,170,,,,,,,,,,,1,CGM,2020-01-06 13:03,156
9,"Mon, Jan 6",2020-01-06,CGM,785,13:05,2020-01-06 13:05,170,,,,,,,,,,,1,CGM,2020-01-06 13:08,157
9,"Mon, Jan 6",2020-01-06,CGM,790,13:10,2020-01-06 13:10,166,,,,,,,,,,,1,CGM,2020-01-06 13:13,158
9,"Mon, Jan 6",2020-01-06,CGM,795,13:15,2020-01-06 13:15,167,,,,,,,,,,,1,CGM,2020-01-06 13:18,159
9,"Mon, Jan 6",2020-01-06,CGM,800,13:20,2020-01-06 13:20,172,,,,,,,,,,,1,CGM,2020-01-06 13:23,160
9,"Mon, Jan 6",2020-01-06,CGM,805,13:25,2020-01-06 13:25,182,,,,,,,,,,,1,CGM,2020-01-06 13:28,161
9,"Mon, Jan 6",2020-01-06,CGM,810,13:30,2020-01-06 13:30,168,,,,,,,,,,,1,CGM,2020-01-06 13:33,162
9,"Mon, Jan 6",2020-01-06,CGM,815,13:35,2020-01-06 13:35,156,,,,,,,,,,,1,CGM,2020-01-06 13:38,163
9,"Mon, Jan 6",2020-01-06,CGM,820,13:40,2020-01-06 13:40,143,,,,,,,,,,,1,CGM,2020-01-06 13:43,164
9,"Mon, Jan 6",2020-01-06,CGM,825,13:45,2020-01-06 13:45,125,,,,,,,,,,,1,CGM,2020-01-06 13:48,165
9,"Mon, Jan 6",2020-01-06,CGM,830,13:50,2020-01-06 13:50,119,,,,,,,,,,,1,CGM,2020-01-06 13:53,166
9,"Mon, Jan 6",2020-01-06,CGM,835,13:55,2020-01-06 13:55,116,,,,,,,,,,,1,CGM,2020-01-06 13:58,167
9,"Mon, Jan 6",2020-01-06,CGM,840,14:00,2020-01-06 14:00,112,,,,,,,,,,,1,CGM,2020-01-06 14:03,168
9,"Mon, Jan 6",2020-01-06,CGM,845,14:05,2020-01-06 14:05,109,,,,,,,,,,,1,CGM,2020-01-06 14:08,169
9,"Mon, Jan 6",2020-01-06,CGM,850,14:10,2020-01-06 14:10,103,,,,,,,,,,,1,CGM,2020-01-06 14:13,170
9,"Mon, Jan 6",2020-01-06,CGM,855,14:15,2020-01-06 14:15,96,,,,,,,,,,,1,CGM,2020-01-06 14:18,171
9,"Mon, Jan 6",2020-01-06,CGM,860,14:20,2020-01-06 14:20,107,,,,,,,,,,,1,CGM,2020-01-06 14:23,172
9,"Mon, Jan 6",2020-01-06,CGM,865,14:25,2020-01-06 14:25,99,,,,,,,,,,,1,CGM,2020-01-06 14:28,173
9,"Mon, Jan 6",2020-01-06,CGM,870,14:30,2020-01-06 14:30,85,,,,,,,,,,,1,CGM,2020-01-06 14:33,174
9,"Mon, Jan 6",2020-01-06,CGM,880,14:40,2020-01-06 14:40,64,,,,,,,,,,,1,CGM,2020-01-06 14:43,175
9,"Mon, Jan 6",2020-01-06,CGM,885,14:45,2020-01-06 14:45,50,,,,,,,,,,,1,CGM,2020-01-06 14:48,176
9,"Mon, Jan 6",2020-01-06,CGM,895,14:55,2020-01-06 14:55,58,,,,,,,,,,,1,CGM,2020-01-06 14:58,177
9,"Mon, Jan 6",2020-01-06,CGM,900,15:00,2020-01-06 15:00,58,,,,,,,,,,,1,CGM,2020-01-06 15:03,178
9,"Mon, Jan 6",2020-01-06,CGM,905,15:05,2020-01-06 15:05,59,,,,,,,,,,,1,CGM,2020-01-06 15:08,179
9,"Mon, Jan 6",2020-01-06,CGM,910,15:10,2020-01-06 15:10,66,,,,,,,,,,,1,CGM,2020-01-06 15:13,180
9,"Mon, Jan 6",2020-01-06,CGM,915,15:15,2020-01-06 15:15,77,,,,,,,,,,,1,CGM,2020-01-06 15:18,181
9,"Mon, Jan 6",2020-01-06,CGM,920,15:20,2020-01-06 15:20,82,,,,,,,,,,,1,CGM,2020-01-06 15:23,182
9,"Mon, Jan 6",2020-01-06,CGM,925,15:25,2020-01-06 15:25,89,,,,,,,,,,,1,CGM,2020-01-06 15:28,183
9,"Mon, Jan 6",2020-01-06,CGM,930,15:30,2020-01-06 15:30,114,,,,,,,,,,,1,CGM,2020-01-06 15:33,184
9,"Mon, Jan 6",2020-01-06,CGM,935,15:35,2020-01-06 15:35,141,,,,,,,,,,,1,CGM,2020-01-06 15:38,185
9,"Mon, Jan 6",2020-01-06,CGM,940,15:40,2020-01-06 15:40,168,,,,,,,,,,,1,CGM,2020-01-06 15:43,186
9,"Mon, Jan 6",2020-01-06,CGM,945,15:45,2020-01-06 15:45,197,,,,,,,,,,,1,CGM,2020-01-06 15:48,187
9,"Mon, Jan 6",2020-01-06,CGM,950,15:50,2020-01-06 15:50,211,,,,,,,,,,,1,CGM,2020-01-06 15:53,188
9,"Mon, Jan 6",2020-01-06,CGM,955,15:55,2020-01-06 15:55,215,,,,,,,,,,,1,CGM,2020-01-06 15:58,189
9,"Mon, Jan 6",2020-01-06,CGM,960,16:00,2020-01-06 16:00,213,,,,,,,,,,,1,CGM,2020-01-06 16:03,190
9,"Mon, Jan 6",2020-01-06,CGM,965,16:05,2020-01-06 16:05,207,,,,,,,,,,,1,CGM,2020-01-06 16:08,191
9,"Mon, Jan 6",2020-01-06,CGM,970,16:10,2020-01-06 16:10,208,,,,,,,,,,,1,CGM,2020-01-06 16:13,192
9,"Mon, Jan 6",2020-01-06,CGM,975,16:15,2020-01-06 16:15,217,,,,,,,,,,,1,CGM,2020-01-06 16:18,193
9,"Mon, Jan 6",2020-01-06,CGM,980,16:20,2020-01-06 16:20,230,,,,,,,,,,,1,CGM,2020-01-06 16:23,194
9,"Mon, Jan 6",2020-01-06,CGM,985,16:25,2020-01-06 16:25,240,,,,,,,,,,,1,CGM,2020-01-06 16:28,195
9,"Mon, Jan 6",2020-01-06,CGM,990,16:30,2020-01-06 16:30,242,,,,,,,,,,,1,CGM,2020-01-06 16:33,196
9,"Mon, Jan 6",2020-01-06,CGM,995,16:35,2020-01-06 16:35,242,,,,,,,,,,,1,CGM,2020-01-06 16:38,197
9,"Mon, Jan 6",2020-01-06,CGM,1000,16:40,2020-01-06 16:40,235,,,,,,,,,,,1,CGM,2020-01-06 16:43,198
9,"Mon, Jan 6",2020-01-06,CGM,1005,16:45,2020-01-06 16:45,229,,,,,,,,,,,1,CGM,2020-01-06 16:48,199
9,"Mon, Jan 6",2020-01-06,CGM,1015,16:55,2020-01-06 16:55,235,,,,,,,,,,,1,CGM,2020-01-06 16:58,200
9,"Mon, Jan 6",2020-01-06,CGM,1020,17:00,2020-01-06 17:00,230,,,,,,,,,,,1,CGM,2020-01-06 17:03,201
9,"Mon, Jan 6",2020-01-06,CGM,1025,17:05,2020-01-06 17:05,220,,,,,,,,,,,1,CGM,2020-01-06 17:08,202
9,"Mon, Jan 6",2020-01-06,CGM,1030,17:10,2020-01-06 17:10,213,,,,,,,,,,,1,CGM,2020-01-06 17:13,203
9,"Mon, Jan 6",2020-01-06,CGM,1035,17:15,2020-01-06 17:15,210,,,,,,,,,,,1,CGM,2020-01-06 17:18,204
9,"Mon, Jan 6",2020-01-06,CGM,1040,17:20,2020-01-06 17:20,207,,,,,,,,,,,1,CGM,2020-01-06 17:23,205
9,"Mon, Jan 6",2020-01-06,CGM,1045,17:25,2020-01-06 17:25,206,,,,,,,,,,,1,CGM,2020-01-06 17:28,206
9,"Mon, Jan 6",2020-01-06,CGM,1050,17:30,2020-01-06 17:30,213,,,,,,,,,,,1,CGM,2020-01-06 17:33,207
9,"Mon, Jan 6",2020-01-06,CGM,1055,17:35,2020-01-06 17:35,229,,,,,,,,,,,1,CGM,2020-01-06 17:38,208
9,"Mon, Jan 6",2020-01-06,CGM,1060,17:40,2020-01-06 17:40,241,,,,,,,,,,,1,CGM,2020-01-06 17:43,209
9,"Mon, Jan 6",2020-01-06,CGM,1065,17:45,2020-01-06 17:45,245,,,,,,,,,,,1,CGM,2020-01-06 17:48,210
9,"Mon, Jan 6",2020-01-06,CGM,1070,17:50,2020-01-06 17:50,246,,,,,,,,,,,1,CGM,2020-01-06 17:53,211
9,"Mon, Jan 6",2020-01-06,CGM,1075,17:55,2020-01-06 17:55,258,,,,,,,,,,,1,CGM,2020-01-06 17:58,212
9,"Mon, Jan 6",2020-01-06,CGM,1080,18:00,2020-01-06 18:00,263,,,,,,,,,,,1,CGM,2020-01-06 18:03,213
9,"Mon, Jan 6",2020-01-06,CGM,1085,18:05,2020-01-06 18:05,264,,,,,,,,,,,1,CGM,2020-01-06 18:08,214
9,"Mon, Jan 6",2020-01-06,CGM,1095,18:15,2020-01-06 18:15,272,,,,,,,,,,,1,CGM,2020-01-06 18:18,215
9,"Mon, Jan 6",2020-01-06,CGM,1100,18:20,2020-01-06 18:20,279,,,,,,,,,,,1,CGM,2020-01-06 18:23,216
9,"Mon, Jan 6",2020-01-06,CGM,1105,18:25,2020-01-06 18:25,285,,,,,,,,,,,1,CGM,2020-01-06 18:28,217
9,"Mon, Jan 6",2020-01-06,CGM,1110,18:30,2020-01-06 18:30,291,,,,,,,,,,,1,CGM,2020-01-06 18:33,218
9,"Mon, Jan 6",2020-01-06,CGM,1115,18:35,2020-01-06 18:35,295,,,,,,,,,,,1,CGM,2020-01-06 18:38,219
9,"Mon, Jan 6",2020-01-06,CGM,1120,18:40,2020-01-06 18:40,294,,,,,,,,,,,1,CGM,2020-01-06 18:43,220
9,"Mon, Jan 6",2020-01-06,CGM,1130,18:50,2020-01-06 18:50,291,,,,,,,,,,,1,CGM,2020-01-06 18:53,221
9,"Mon, Jan 6",2020-01-06,CGM,1135,18:55,2020-01-06 18:55,285,,,,,,,,,,,1,CGM,2020-01-06 18:58,222
9,"Mon, Jan 6",2020-01-06,CGM,1140,19:00,2020-01-06 19:00,276,,,,,,,,,,,1,CGM,2020-01-06 19:03,223
9,"Mon, Jan 6",2020-01-06,CGM,1150,19:10,2020-01-06 19:10,269,,,,,,,,,,,1,CGM,2020-01-06 19:13,224
9,"Mon, Jan 6",2020-01-06,CGM,1155,19:15,2020-01-06 19:15,241,,,,,,,,,,,1,CGM,2020-01-06 19:18,225
9,"Mon, Jan 6",2020-01-06,CGM,1160,19:20,2020-01-06 19:20,234,,,,,,,,,,,1,CGM,2020-01-06 19:23,226
9,"Mon, Jan 6",2020-01-06,CGM,1165,19:25,2020-01-06 19:25,225,,,,,,,,,,,1,CGM,2020-01-06 19:28,227
9,"Mon, Jan 6",2020-01-06,CGM,1170,19:30,2020-01-06 19:30,205,,,,,,,,,,,1,CGM,2020-01-06 19:33,228
9,"Mon, Jan 6",2020-01-06,CGM,1180,19:40,2020-01-06 19:40,179,,,,,,,,,,,1,CGM,2020-01-06 19:43,229
9,"Mon, Jan 6",2020-01-06,CGM,1185,19:45,2020-01-06 19:45,161,,,,,,,,,,,1,CGM,2020-01-06 19:48,230
9,"Mon, Jan 6",2020-01-06,CGM,1190,19:50,2020-01-06 19:50,119,,,,,,,,,,,1,CGM,2020-01-06 19:53,231
9,"Mon, Jan 6",2020-01-06,CGM,1200,20:00,2020-01-06 20:00,114,,,,,,,,,,,1,CGM,2020-01-06 20:03,232
9,"Mon, Jan 6",2020-01-06,CGM,1205,20:05,2020-01-06 20:05,112,,,,,,,,,,,1,CGM,2020-01-06 20:08,233
9,"Mon, Jan 6",2020-01-06,CGM,1210,20:10,2020-01-06 20:10,79,,,,,,,,,,,1,CGM,2020-01-06 20:13,234
9,"Mon, Jan 6",2020-01-06,CGM,1220,20:20,2020-01-06 20:20,69,,,,,,,,,,,1,CGM,2020-01-06 20:23,235
9,"Mon, Jan 6",2020-01-06,CGM,1225,20:25,2020-01-06 20:25,55,,,,,,,,,,,1,CGM,2020-01-06 20:28,236
9,"Mon, Jan 6",2020-01-06,CGM,1230,20:30,2020-01-06 20:30,48,,,,,,,,,,,1,CGM,2020-01-06 20:33,237
9,"Mon, Jan 6",2020-01-06,CGM,1235,20:35,2020-01-06 20:35,58,,,,,,,,,,,1,CGM,2020-01-06 20:38,238
9,"Mon, Jan 6",2020-01-06,CGM,1240,20:40,2020-01-06 20:40,64,,,,,,,,,,,1,CGM,2020-01-06 20:43,239
9,"Mon, Jan 6",2020-01-06,CGM,1245,20:45,2020-01-06 20:45,71,,,,,,,,,,,1,CGM,2020-01-06 20:48,240
9,"Mon, Jan 6",2020-01-06,CGM,1250,20:50,2020-01-06 20:50,84,,,,,,,,,,,1,CGM,2020-01-06 20:53,241
9,"Mon, Jan 6",2020-01-06,CGM,1255,20:55,2020-01-06 20:55,101,,,,,,,,,,,1,CGM,2020-01-06 20:58,242
9,"Mon, Jan 6",2020-01-06,CGM,1260,21:00,2020-01-06 21:00,128,,,,,,,,,,,1,CGM,2020-01-06 21:03,243
9,"Mon, Jan 6",2020-01-06,CGM,1265,21:05,2020-01-06 21:05,141,,,,,,,,,,,1,CGM,2020-01-06 21:08,244
9,"Mon, Jan 6",2020-01-06,CGM,1270,21:10,2020-01-06 21:10,157,,,,,,,,,,,1,CGM,2020-01-06 21:13,245
9,"Mon, Jan 6",2020-01-06,CGM,1275,21:15,2020-01-06 21:15,174,,,,,,,,,,,1,CGM,2020-01-06 21:18,246
9,"Mon, Jan 6",2020-01-06,CGM,1280,21:20,2020-01-06 21:20,178,,,,,,,,,,,1,CGM,2020-01-06 21:23,247
9,"Mon, Jan 6",2020-01-06,CGM,1285,21:25,2020-01-06 21:25,183,,,,,,,,,,,1,CGM,2020-01-06 21:28,248
9,"Mon, Jan 6",2020-01-06,CGM,1290,21:30,2020-01-06 21:30,208,,,,,,,,,,,1,CGM,2020-01-06 21:33,249
9,"Mon, Jan 6",2020-01-06,CGM,1295,21:35,2020-01-06 21:35,215,,,,,,,,,,,1,CGM,2020-01-06 21:38,250
9,"Mon, Jan 6",2020-01-06,CGM,1300,21:40,2020-01-06 21:40,221,,,,,,,,,,,1,CGM,2020-01-06 21:43,251
9,"Mon, Jan 6",2020-01-06,CGM,1305,21:45,2020-01-06 21:45,235,,,,,,,,,,,1,CGM,2020-01-06 21:48,252
9,"Mon, Jan 6",2020-01-06,CGM,1310,21:50,2020-01-06 21:50,231,,,,,,,,,,,1,CGM,2020-01-06 21:53,253
9,"Mon, Jan 6",2020-01-06,CGM,1315,21:55,2020-01-06 21:55,230,,,,,,,,,,,1,CGM,2020-01-06 21:58,254
9,"Mon, Jan 6",2020-01-06,CGM,1320,22:00,2020-01-06 22:00,227,,,,,,,,,,,1,CGM,2020-01-06 22:03,255
9,"Mon, Jan 6",2020-01-06,CGM,1325,22:05,2020-01-06 22:05,222,,,,,,,,,,,1,CGM,2020-01-06 22:08,256
9,"Mon, Jan 6",2020-01-06,CGM,1330,22:10,2020-01-06 22:10,223,,,,,,,,,,,1,CGM,2020-01-06 22:13,257
9,"Mon, Jan 6",2020-01-06,CGM,1335,22:15,2020-01-06 22:15,223,,,,,,,,,,,1,CGM,2020-01-06 22:18,258
9,"Mon, Jan 6",2020-01-06,CGM,1340,22:20,2020-01-06 22:20,223,,,,,,,,,,,1,CGM,2020-01-06 22:23,259
9,"Mon, Jan 6",2020-01-06,CGM,1345,22:25,2020-01-06 22:25,229,,,,,,,,,,,1,CGM,2020-01-06 22:28,260
9,"Mon, Jan 6",2020-01-06,CGM,1350,22:30,2020-01-06 22:30,243,,,,,,,,,,,1,CGM,2020-01-06 22:33,261
9,"Mon, Jan 6",2020-01-06,CGM,1355,22:35,2020-01-06 22:35,243,,,,,,,,,,,1,CGM,2020-01-06 22:38,262
9,"Mon, Jan 6",2020-01-06,CGM,1360,22:40,2020-01-06 22:40,237,,,,,,,,,,,1,CGM,2020-01-06 22:43,263
9,"Mon, Jan 6",2020-01-06,CGM,1365,22:45,2020-01-06 22:45,230,,,,,,,,,,,1,CGM,2020-01-06 22:48,264
9,"Mon, Jan 6",2020-01-06,CGM,1370,22:50,2020-01-06 22:50,246,,,,,,,,,,,1,CGM,2020-01-06 22:53,265
9,"Mon, Jan 6",2020-01-06,CGM,1375,22:55,2020-01-06 22:55,238,,,,,,,,,,,1,CGM,2020-01-06 22:58,266
9,"Mon, Jan 6",2020-01-06,CGM,1380,23:00,2020-01-06 23:00,234,,,,,,,,,,,1,CGM,2020-01-06 23:03,267
9,"Mon, Jan 6",2020-01-06,CGM,1385,23:05,2020-01-06 23:05,232,,,,,,,,,,,1,CGM,2020-01-06 23:08,268
9,"Mon, Jan 6",2020-01-06,CGM,1390,23:10,2020-01-06 23:10,230,,,,,,,,,,,1,CGM,2020-01-06 23:13,269
9,"Mon, Jan 6",2020-01-06,CGM,1395,23:15,2020-01-06 23:15,229,,,,,,,,,,,1,CGM,2020-01-06 23:18,270
9,"Mon, Jan 6",2020-01-06,CGM,1400,23:20,2020-01-06 23:20,224,,,,,,,,,,,1,CGM,2020-01-06 23:23,271
9,"Mon, Jan 6",2020-01-06,CGM,1405,23:25,2020-01-06 23:25,222,,,,,,,,,,,1,CGM,2020-01-06 23:28,272
9,"Mon, Jan 6",2020-01-06,CGM,1410,23:30,2020-01-06 23:30,211,,,,,,,,,,,1,CGM,2020-01-06 23:33,273
9,"Mon, Jan 6",2020-01-06,CGM,1415,23:35,2020-01-06 23:35,197,,,,,,,,,,,1,CGM,2020-01-06 23:38,274
9,"Mon, Jan 6",2020-01-06,CGM,1420,23:40,2020-01-06 23:40,196,,,,,,,,,,,1,CGM,2020-01-06 23:43,275
9,"Mon, Jan 6",2020-01-06,CGM,1425,23:45,2020-01-06 23:45,177,,,,,,,,,,,1,CGM,2020-01-06 23:48,276
9,"Mon, Jan 6",2020-01-06,CGM,1430,23:50,2020-01-06 23:50,146,,,,,,,,,,,1,CGM,2020-01-06 23:53,277
9,"Mon, Jan 6",2020-01-06,CGM,1435,23:55,2020-01-06 23:55,129,,,,,,,,,,,1,CGM,2020-01-06 23:58,278
9,"Mon, Jan 6",2020-01-06,Insulin,0,00:00,2020-01-06 00:00,0.051,,,,,,,,,,,2,Insulin,2020-01-06 00:03,0
9,"Mon, Jan 6",2020-01-06,Insulin,5,00:05,2020-01-06 00:05,0.072,,,,,,,,,,,2,Insulin,2020-01-06 00:08,1
9,"Mon, Jan 6",2020-01-06,Insulin,10,00:10,2020-01-06 00:10,0.084,,,,,,,,,,,2,Insulin,2020-01-06 00:13,2
9,"Mon, Jan 6",2020-01-06,Insulin,15,00:15,2020-01-06 00:15,0.091,,,,,,,,,,,2,Insulin,2020-01-06 00:18,3
9,"Mon, Jan 6",2020-01-06,Insulin,20,00:20,2020-01-06 00:20,0.119,,,,,,,,,,,2,Insulin,2020-01-06 00:23,4
9,"Mon, Jan 6",2020-01-06,Insulin,25,00:25,2020-01-06 00:25,0.272,,,,,,,,,,,2,Insulin,2020-01-06 00:28,5
9,"Mon, Jan 6",2020-01-06,Insulin,30,00:30,2020-01-06 00:30,0.175,,,,,,,,,,,2,Insulin,2020-01-06 00:33,6
9,"Mon, Jan 6",2020-01-06,Insulin,35,00:35,2020-01-06 00:35,0.33,,,,,,,,,,,2,Insulin,2020-01-06 00:38,7
9,"Mon, Jan 6",2020-01-06,Insulin,40,00:40,2020-01-06 00:40,0.328,,,,,,,,,,,2,Insulin,2020-01-06 00:43,8
9,"Mon, Jan 6",2020-01-06,Insulin,45,00:45,2020-01-06 00:45,0.206,,,,,,,,,,,2,Insulin,2020-01-06 00:48,9
9,"Mon, Jan 6",2020-01-06,Insulin,50,00:50,2020-01-06 00:50,0.214,,,,,,,,,,,2,Insulin,2020-01-06 00:53,10
9,"Mon, Jan 6",2020-01-06,Insulin,55,00:55,2020-01-06 00:55,0.287,,,,,,,,,,,2,Insulin,2020-01-06 00:58,11
9,"Mon, Jan 6",2020-01-06,Insulin,60,01:00,2020-01-06 01:00,0.066,,,,,,,,,,,2,Insulin,2020-01-06 01:03,12
9,"Mon, Jan 6",2020-01-06,Insulin,65,01:05,2020-01-06 01:05,0.053,,,,,,,,,,,2,Insulin,2020-01-06 01:08,13
9,"Mon, Jan 6",2020-01-06,Insulin,70,01:10,2020-01-06 01:10,0.048,,,,,,,,,,,2,Insulin,2020-01-06 01:13,14
9,"Mon, Jan 6",2020-01-06,Insulin,75,01:15,2020-01-06 01:15,0.043,,,,,,,,,,,2,Insulin,2020-01-06 01:18,15
9,"Mon, Jan 6",2020-01-06,Insulin,80,01:20,2020-01-06 01:20,0.232,,,,,,,,,,,2,Insulin,2020-01-06 01:23,16
9,"Mon, Jan 6",2020-01-06,Insulin,85,01:25,2020-01-06 01:25,0.358,,,,,,,,,,,2,Insulin,2020-01-06 01:28,17
9,"Mon, Jan 6",2020-01-06,Insulin,90,01:30,2020-01-06 01:30,0.236,,,,,,,,,,,2,Insulin,2020-01-06 01:33,18
9,"Mon, Jan 6",2020-01-06,Insulin,95,01:35,2020-01-06 01:35,0.09,,,,,,,,,,,2,Insulin,2020-01-06 01:38,19
9,"Mon, Jan 6",2020-01-06,Insulin,100,01:40,2020-01-06 01:40,0.085,,,,,,,,,,,2,Insulin,2020-01-06 01:43,20
9,"Mon, Jan 6",2020-01-06,Insulin,105,01:45,2020-01-06 01:45,0.046,,,,,,,,,,,2,Insulin,2020-01-06 01:48,21
9,"Mon, Jan 6",2020-01-06,Insulin,110,01:50,2020-01-06 01:50,0,,,,,,,,,,,2,Insulin,2020-01-06 01:53,22
9,"Mon, Jan 6",2020-01-06,Insulin,115,01:55,2020-01-06 01:55,0.145,,,,,,,,,,,2,Insulin,2020-01-06 01:58,23
9,"Mon, Jan 6",2020-01-06,Insulin,120,02:00,2020-01-06 02:00,0.107,,,,,,,,,,,2,Insulin,2020-01-06 02:03,24
9,"Mon, Jan 6",2020-01-06,Insulin,125,02:05,2020-01-06 02:05,0,,,,,,,,,,,2,Insulin,2020-01-06 02:08,25
9,"Mon, Jan 6",2020-01-06,Insulin,130,02:10,2020-01-06 02:10,0.081,,,,,,,,,,,2,Insulin,2020-01-06 02:13,26
9,"Mon, Jan 6",2020-01-06,Insulin,135,02:15,2020-01-06 02:15,0.173,,,,,,,,,,,2,Insulin,2020-01-06 02:18,27
9,"Mon, Jan 6",2020-01-06,Insulin,140,02:20,2020-01-06 02:20,0.183,,,,,,,,,,,2,Insulin,2020-01-06 02:23,28
9,"Mon, Jan 6",2020-01-06,Insulin,145,02:25,2020-01-06 02:25,0.178,,,,,,,,,,,2,Insulin,2020-01-06 02:28,29
9,"Mon, Jan 6",2020-01-06,Insulin,150,02:30,2020-01-06 02:30,0.069,,,,,,,,,,,2,Insulin,2020-01-06 02:33,30
9,"Mon, Jan 6",2020-01-06,Insulin,155,02:35,2020-01-06 02:35,0.077,,,,,,,,,,,2,Insulin,2020-01-06 02:38,31
9,"Mon, Jan 6",2020-01-06,Insulin,160,02:40,2020-01-06 02:40,0.083,,,,,,,,,,,2,Insulin,2020-01-06 02:43,32
9,"Mon, Jan 6",2020-01-06,Insulin,165,02:45,2020-01-06 02:45,0.127,,,,,,,,,,,2,Insulin,2020-01-06 02:48,33
9,"Mon, Jan 6",2020-01-06,Insulin,170,02:50,2020-01-06 02:50,0.185,,,,,,,,,,,2,Insulin,2020-01-06 02:53,34
9,"Mon, Jan 6",2020-01-06,Insulin,175,02:55,2020-01-06 02:55,0.109,,,,,,,,,,,2,Insulin,2020-01-06 02:58,35
9,"Mon, Jan 6",2020-01-06,Insulin,180,03:00,2020-01-06 03:00,0.043,,,,,,,,,,,2,Insulin,2020-01-06 03:03,36
9,"Mon, Jan 6",2020-01-06,Insulin,185,03:05,2020-01-06 03:05,0.15,,,,,,,,,,,2,Insulin,2020-01-06 03:08,37
9,"Mon, Jan 6",2020-01-06,Insulin,190,03:10,2020-01-06 03:10,0.046,,,,,,,,,,,2,Insulin,2020-01-06 03:13,38
9,"Mon, Jan 6",2020-01-06,Insulin,195,03:15,2020-01-06 03:15,0.136,,,,,,,,,,,2,Insulin,2020-01-06 03:18,39
9,"Mon, Jan 6",2020-01-06,Insulin,200,03:20,2020-01-06 03:20,0.113,,,,,,,,,,,2,Insulin,2020-01-06 03:23,40
9,"Mon, Jan 6",2020-01-06,Insulin,205,03:25,2020-01-06 03:25,0.122,,,,,,,,,,,2,Insulin,2020-01-06 03:28,41
9,"Mon, Jan 6",2020-01-06,Insulin,210,03:30,2020-01-06 03:30,0.107,,,,,,,,,,,2,Insulin,2020-01-06 03:33,42
9,"Mon, Jan 6",2020-01-06,Insulin,215,03:35,2020-01-06 03:35,0.064,,,,,,,,,,,2,Insulin,2020-01-06 03:38,43
9,"Mon, Jan 6",2020-01-06,Insulin,220,03:40,2020-01-06 03:40,0.124,,,,,,,,,,,2,Insulin,2020-01-06 03:43,44
9,"Mon, Jan 6",2020-01-06,Insulin,225,03:45,2020-01-06 03:45,0.127,,,,,,,,,,,2,Insulin,2020-01-06 03:48,45
9,"Mon, Jan 6",2020-01-06,Insulin,230,03:50,2020-01-06 03:50,0.127,,,,,,,,,,,2,Insulin,2020-01-06 03:53,46
9,"Mon, Jan 6",2020-01-06,Insulin,235,03:55,2020-01-06 03:55,0.122,,,,,,,,,,,2,Insulin,2020-01-06 03:58,47
9,"Mon, Jan 6",2020-01-06,Insulin,240,04:00,2020-01-06 04:00,0.086,,,,,,,,,,,2,Insulin,2020-01-06 04:03,48
9,"Mon, Jan 6",2020-01-06,Insulin,245,04:05,2020-01-06 04:05,0.107,,,,,,,,,,,2,Insulin,2020-01-06 04:08,49
9,"Mon, Jan 6",2020-01-06,Insulin,250,04:10,2020-01-06 04:10,0.102,,,,,,,,,,,2,Insulin,2020-01-06 04:13,50
9,"Mon, Jan 6",2020-01-06,Insulin,255,04:15,2020-01-06 04:15,0.152,,,,,,,,,,,2,Insulin,2020-01-06 04:18,51
9,"Mon, Jan 6",2020-01-06,Insulin,260,04:20,2020-01-06 04:20,0.122,,,,,,,,,,,2,Insulin,2020-01-06 04:23,52
9,"Mon, Jan 6",2020-01-06,Insulin,265,04:25,2020-01-06 04:25,0.117,,,,,,,,,,,2,Insulin,2020-01-06 04:28,53
9,"Mon, Jan 6",2020-01-06,Insulin,270,04:30,2020-01-06 04:30,0.117,,,,,,,,,,,2,Insulin,2020-01-06 04:33,54
9,"Mon, Jan 6",2020-01-06,Insulin,275,04:35,2020-01-06 04:35,0.112,,,,,,,,,,,2,Insulin,2020-01-06 04:38,55
9,"Mon, Jan 6",2020-01-06,Insulin,280,04:40,2020-01-06 04:40,0.364,,,,,,,,,,,2,Insulin,2020-01-06 04:43,56
9,"Mon, Jan 6",2020-01-06,Insulin,285,04:45,2020-01-06 04:45,0.214,,,,,,,,,,,2,Insulin,2020-01-06 04:48,57
9,"Mon, Jan 6",2020-01-06,Insulin,290,04:50,2020-01-06 04:50,0,,,,,,,,,,,2,Insulin,2020-01-06 04:53,58
9,"Mon, Jan 6",2020-01-06,Insulin,295,04:55,2020-01-06 04:55,0.075,,,,,,,,,,,2,Insulin,2020-01-06 04:58,59
9,"Mon, Jan 6",2020-01-06,Insulin,300,05:00,2020-01-06 05:00,0.112,,,,,,,,,,,2,Insulin,2020-01-06 05:03,60
9,"Mon, Jan 6",2020-01-06,Insulin,305,05:05,2020-01-06 05:05,0.107,,,,,,,,,,,2,Insulin,2020-01-06 05:08,61
9,"Mon, Jan 6",2020-01-06,Insulin,310,05:10,2020-01-06 05:10,0.114,,,,,,,,,,,2,Insulin,2020-01-06 05:13,62
9,"Mon, Jan 6",2020-01-06,Insulin,315,05:15,2020-01-06 05:15,0.091,,,,,,,,,,,2,Insulin,2020-01-06 05:18,63
9,"Mon, Jan 6",2020-01-06,Insulin,320,05:20,2020-01-06 05:20,0.086,,,,,,,,,,,2,Insulin,2020-01-06 05:23,64
9,"Mon, Jan 6",2020-01-06,Insulin,325,05:25,2020-01-06 05:25,0,,,,,,,,,,,2,Insulin,2020-01-06 05:28,65
9,"Mon, Jan 6",2020-01-06,Insulin,330,05:30,2020-01-06 05:30,0.097,,,,,,,,,,,2,Insulin,2020-01-06 05:33,66
9,"Mon, Jan 6",2020-01-06,Insulin,335,05:35,2020-01-06 05:35,0.102,,,,,,,,,,,2,Insulin,2020-01-06 05:38,67
9,"Mon, Jan 6",2020-01-06,Insulin,340,05:40,2020-01-06 05:40,0.102,,,,,,,,,,,2,Insulin,2020-01-06 05:43,68
9,"Mon, Jan 6",2020-01-06,Insulin,345,05:45,2020-01-06 05:45,0.043,,,,,,,,,,,2,Insulin,2020-01-06 05:48,69
9,"Mon, Jan 6",2020-01-06,Insulin,350,05:50,2020-01-06 05:50,0.046,,,,,,,,,,,2,Insulin,2020-01-06 05:53,70
9,"Mon, Jan 6",2020-01-06,Insulin,355,05:55,2020-01-06 05:55,0.097,,,,,,,,,,,2,Insulin,2020-01-06 05:58,71
9,"Mon, Jan 6",2020-01-06,Insulin,360,06:00,2020-01-06 06:00,0.058,,,,,,,,,,,2,Insulin,2020-01-06 06:03,72
9,"Mon, Jan 6",2020-01-06,Insulin,365,06:05,2020-01-06 06:05,0.06,,,,,,,,,,,2,Insulin,2020-01-06 06:08,73
9,"Mon, Jan 6",2020-01-06,Insulin,370,06:10,2020-01-06 06:10,0.085,,,,,,,,,,,2,Insulin,2020-01-06 06:13,74
9,"Mon, Jan 6",2020-01-06,Insulin,375,06:15,2020-01-06 06:15,0.081,,,,,,,,,,,2,Insulin,2020-01-06 06:18,75
9,"Mon, Jan 6",2020-01-06,Insulin,380,06:20,2020-01-06 06:20,0.084,,,,,,,,,,,2,Insulin,2020-01-06 06:23,76
9,"Mon, Jan 6",2020-01-06,Insulin,385,06:25,2020-01-06 06:25,0.085,,,,,,,,,,,2,Insulin,2020-01-06 06:28,77
9,"Mon, Jan 6",2020-01-06,Insulin,390,06:30,2020-01-06 06:30,0.09,,,,,,,,,,,2,Insulin,2020-01-06 06:33,78
9,"Mon, Jan 6",2020-01-06,Insulin,395,06:35,2020-01-06 06:35,0.084,,,,,,,,,,,2,Insulin,2020-01-06 06:38,79
9,"Mon, Jan 6",2020-01-06,Insulin,400,06:40,2020-01-06 06:40,0.056,,,,,,,,,,,2,Insulin,2020-01-06 06:43,80
9,"Mon, Jan 6",2020-01-06,Insulin,405,06:45,2020-01-06 06:45,0.069,,,,,,,,,,,2,Insulin,2020-01-06 06:48,81
9,"Mon, Jan 6",2020-01-06,Insulin,410,06:50,2020-01-06 06:50,0.066,,,,,,,,,,,2,Insulin,2020-01-06 06:53,82
9,"Mon, Jan 6",2020-01-06,Insulin,415,06:55,2020-01-06 06:55,0.079,,,,,,,,,,,2,Insulin,2020-01-06 06:58,83
9,"Mon, Jan 6",2020-01-06,Insulin,420,07:00,2020-01-06 07:00,0.071,,,,,,,,,,,2,Insulin,2020-01-06 07:03,84
9,"Mon, Jan 6",2020-01-06,Insulin,425,07:05,2020-01-06 07:05,0.076,,,,,,,,,,,2,Insulin,2020-01-06 07:08,85
9,"Mon, Jan 6",2020-01-06,Insulin,430,07:10,2020-01-06 07:10,0.053,,,,,,,,,,,2,Insulin,2020-01-06 07:13,86
9,"Mon, Jan 6",2020-01-06,Insulin,435,07:15,2020-01-06 07:15,0.079,,,,,,,,,,,2,Insulin,2020-01-06 07:18,87
9,"Mon, Jan 6",2020-01-06,Insulin,440,07:20,2020-01-06 07:20,0.051,,,,,,,,,,,2,Insulin,2020-01-06 07:23,88
9,"Mon, Jan 6",2020-01-06,Insulin,445,07:25,2020-01-06 07:25,0.074,,,,,,,,,,,2,Insulin,2020-01-06 07:28,89
9,"Mon, Jan 6",2020-01-06,Insulin,450,07:30,2020-01-06 07:30,0.071,,,,,,,,,,,2,Insulin,2020-01-06 07:33,90
9,"Mon, Jan 6",2020-01-06,Insulin,455,07:35,2020-01-06 07:35,0.079,,,,,,,,,,,2,Insulin,2020-01-06 07:38,91
9,"Mon, Jan 6",2020-01-06,Insulin,460,07:40,2020-01-06 07:40,0.069,,,,,,,,,,,2,Insulin,2020-01-06 07:43,92
9,"Mon, Jan 6",2020-01-06,Insulin,465,07:45,2020-01-06 07:45,0.081,,,,,,,,,,,2,Insulin,2020-01-06 07:48,93
9,"Mon, Jan 6",2020-01-06,Insulin,470,07:50,2020-01-06 07:50,0.074,,,,,,,,,,,2,Insulin,2020-01-06 07:53,94
9,"Mon, Jan 6",2020-01-06,Insulin,475,07:55,2020-01-06 07:55,0.071,,,,,,,,,,,2,Insulin,2020-01-06 07:58,95
9,"Mon, Jan 6",2020-01-06,Insulin,480,08:00,2020-01-06 08:00,0.081,,,,,,,,,,,2,Insulin,2020-01-06 08:03,96
9,"Mon, Jan 6",2020-01-06,Insulin,485,08:05,2020-01-06 08:05,0.081,,,,,,,,,,,2,Insulin,2020-01-06 08:08,97
9,"Mon, Jan 6",2020-01-06,Insulin,490,08:10,2020-01-06 08:10,0.081,,,,,,,,,,,2,Insulin,2020-01-06 08:13,98
9,"Mon, Jan 6",2020-01-06,Insulin,495,08:15,2020-01-06 08:15,0.086,,,,,,,,,,,2,Insulin,2020-01-06 08:18,99
9,"Mon, Jan 6",2020-01-06,Insulin,500,08:20,2020-01-06 08:20,0.086,,,,,,,,,,,2,Insulin,2020-01-06 08:23,100
9,"Mon, Jan 6",2020-01-06,Insulin,505,08:25,2020-01-06 08:25,0.091,,,,,,,,,,,2,Insulin,2020-01-06 08:28,101
9,"Mon, Jan 6",2020-01-06,Insulin,510,08:30,2020-01-06 08:30,0.089,,,,,,,,,,,2,Insulin,2020-01-06 08:33,102
9,"Mon, Jan 6",2020-01-06,Insulin,515,08:35,2020-01-06 08:35,0.094,,,,,,,,,,,2,Insulin,2020-01-06 08:38,103
9,"Mon, Jan 6",2020-01-06,Insulin,520,08:40,2020-01-06 08:40,0.17,,,,,,,,,,,2,Insulin,2020-01-06 08:43,104
9,"Mon, Jan 6",2020-01-06,Insulin,525,08:45,2020-01-06 08:45,0.086,,,,,,,,,,,2,Insulin,2020-01-06 08:48,105
9,"Mon, Jan 6",2020-01-06,Insulin,530,08:50,2020-01-06 08:50,0.097,,,,,,,,,,,2,Insulin,2020-01-06 08:53,106
9,"Mon, Jan 6",2020-01-06,Insulin,535,08:55,2020-01-06 08:55,0.14,,,,,,,,,,,2,Insulin,2020-01-06 08:58,107
9,"Mon, Jan 6",2020-01-06,Insulin,540,09:00,2020-01-06 09:00,0.251,,,,,,,,,,,2,Insulin,2020-01-06 09:03,108
9,"Mon, Jan 6",2020-01-06,Insulin,545,09:05,2020-01-06 09:05,0.477,,,,,,,,,,,2,Insulin,2020-01-06 09:08,109
9,"Mon, Jan 6",2020-01-06,Insulin,550,09:10,2020-01-06 09:10,0.5,,,,,,,,,,,2,Insulin,2020-01-06 09:13,110
9,"Mon, Jan 6",2020-01-06,Insulin,555,09:15,2020-01-06 09:15,0.713,,,,,,,,,,,2,Insulin,2020-01-06 09:18,111
9,"Mon, Jan 6",2020-01-06,Insulin,560,09:20,2020-01-06 09:20,0.42,,,,,,,,,,,2,Insulin,2020-01-06 09:23,112
9,"Mon, Jan 6",2020-01-06,Insulin,565,09:25,2020-01-06 09:25,0.191,,,,,,,,,,,2,Insulin,2020-01-06 09:28,113
9,"Mon, Jan 6",2020-01-06,Insulin,570,09:30,2020-01-06 09:30,0.191,,,,,,,,,,,2,Insulin,2020-01-06 09:33,114
9,"Mon, Jan 6",2020-01-06,Insulin,575,09:35,2020-01-06 09:35,0.142,,,,,,,,,,,2,Insulin,2020-01-06 09:38,115
9,"Mon, Jan 6",2020-01-06,Insulin,580,09:40,2020-01-06 09:40,0.141,,,,,,,,,,,2,Insulin,2020-01-06 09:43,116
9,"Mon, Jan 6",2020-01-06,Insulin,585,09:45,2020-01-06 09:45,0.095,,,,,,,,,,,2,Insulin,2020-01-06 09:48,117
9,"Mon, Jan 6",2020-01-06,Insulin,590,09:50,2020-01-06 09:50,0.193,,,,,,,,,,,2,Insulin,2020-01-06 09:53,118
9,"Mon, Jan 6",2020-01-06,Insulin,595,09:55,2020-01-06 09:55,0.112,,,,,,,,,,,2,Insulin,2020-01-06 09:58,119
9,"Mon, Jan 6",2020-01-06,Insulin,600,10:00,2020-01-06 10:00,0.305,,,,,,,,,,,2,Insulin,2020-01-06 10:03,120
9,"Mon, Jan 6",2020-01-06,Insulin,605,10:05,2020-01-06 10:05,0.132,,,,,,,,,,,2,Insulin,2020-01-06 10:08,121
9,"Mon, Jan 6",2020-01-06,Insulin,610,10:10,2020-01-06 10:10,0.119,,,,,,,,,,,2,Insulin,2020-01-06 10:13,122
9,"Mon, Jan 6",2020-01-06,Insulin,615,10:15,2020-01-06 10:15,0,,,,,,,,,,,2,Insulin,2020-01-06 10:18,123
9,"Mon, Jan 6",2020-01-06,Insulin,620,10:20,2020-01-06 10:20,0,,,,,,,,,,,2,Insulin,2020-01-06 10:23,124
9,"Mon, Jan 6",2020-01-06,Insulin,625,10:25,2020-01-06 10:25,0,,,,,,,,,,,2,Insulin,2020-01-06 10:28,125
9,"Mon, Jan 6",2020-01-06,Insulin,630,10:30,2020-01-06 10:30,0.046,,,,,,,,,,,2,Insulin,2020-01-06 10:33,126
9,"Mon, Jan 6",2020-01-06,Insulin,635,10:35,2020-01-06 10:35,0.051,,,,,,,,,,,2,Insulin,2020-01-06 10:38,127
9,"Mon, Jan 6",2020-01-06,Insulin,640,10:40,2020-01-06 10:40,0,,,,,,,,,,,2,Insulin,2020-01-06 10:43,128
9,"Mon, Jan 6",2020-01-06,Insulin,645,10:45,2020-01-06 10:45,0.051,,,,,,,,,,,2,Insulin,2020-01-06 10:48,129
9,"Mon, Jan 6",2020-01-06,Insulin,650,10:50,2020-01-06 10:50,0,,,,,,,,,,,2,Insulin,2020-01-06 10:53,130
9,"Mon, Jan 6",2020-01-06,Insulin,655,10:55,2020-01-06 10:55,0,,,,,,,,,,,2,Insulin,2020-01-06 10:58,131
9,"Mon, Jan 6",2020-01-06,Insulin,660,11:00,2020-01-06 11:00,0,,,,,,,,,,,2,Insulin,2020-01-06 11:03,132
9,"Mon, Jan 6",2020-01-06,Insulin,665,11:05,2020-01-06 11:05,0,,,,,,,,,,,2,Insulin,2020-01-06 11:08,133
9,"Mon, Jan 6",2020-01-06,Insulin,670,11:10,2020-01-06 11:10,0,,,,,,,,,,,2,Insulin,2020-01-06 11:13,134
9,"Mon, Jan 6",2020-01-06,Insulin,675,11:15,2020-01-06 11:15,0,,,,,,,,,,,2,Insulin,2020-01-06 11:18,135
9,"Mon, Jan 6",2020-01-06,Insulin,680,11:20,2020-01-06 11:20,0,,,,,,,,,,,2,Insulin,2020-01-06 11:23,136
9,"Mon, Jan 6",2020-01-06,Insulin,685,11:25,2020-01-06 11:25,0,,,,,,,,,,,2,Insulin,2020-01-06 11:28,137
9,"Mon, Jan 6",2020-01-06,Insulin,690,11:30,2020-01-06 11:30,0,,,,,,,,,,,2,Insulin,2020-01-06 11:33,138
9,"Mon, Jan 6",2020-01-06,Insulin,695,11:35,2020-01-06 11:35,0,,,,,,,,,,,2,Insulin,2020-01-06 11:38,139
9,"Mon, Jan 6",2020-01-06,Insulin,700,11:40,2020-01-06 11:40,0.066,,,,,,,,,,,2,Insulin,2020-01-06 11:43,140
9,"Mon, Jan 6",2020-01-06,Insulin,705,11:45,2020-01-06 11:45,0.076,,,,,,,,,,,2,Insulin,2020-01-06 11:48,141
9,"Mon, Jan 6",2020-01-06,Insulin,710,11:50,2020-01-06 11:50,0.08,,,,,,,,,,,2,Insulin,2020-01-06 11:53,142
9,"Mon, Jan 6",2020-01-06,Insulin,715,11:55,2020-01-06 11:55,0.09,,,,,,,,,,,2,Insulin,2020-01-06 11:58,143
9,"Mon, Jan 6",2020-01-06,Insulin,720,12:00,2020-01-06 12:00,0.102,,,,,,,,,,,2,Insulin,2020-01-06 12:03,144
9,"Mon, Jan 6",2020-01-06,Insulin,725,12:05,2020-01-06 12:05,0.114,,,,,,,,,,,2,Insulin,2020-01-06 12:08,145
9,"Mon, Jan 6",2020-01-06,Insulin,730,12:10,2020-01-06 12:10,0.229,,,,,,,,,,,2,Insulin,2020-01-06 12:13,146
9,"Mon, Jan 6",2020-01-06,Insulin,735,12:15,2020-01-06 12:15,0.086,,,,,,,,,,,2,Insulin,2020-01-06 12:18,147
9,"Mon, Jan 6",2020-01-06,Insulin,740,12:20,2020-01-06 12:20,0.387,,,,,,,,,,,2,Insulin,2020-01-06 12:23,148
9,"Mon, Jan 6",2020-01-06,Insulin,745,12:25,2020-01-06 12:25,0.09,,,,,,,,,,,2,Insulin,2020-01-06 12:28,149
9,"Mon, Jan 6",2020-01-06,Insulin,750,12:30,2020-01-06 12:30,0.1,,,,,,,,,,,2,Insulin,2020-01-06 12:33,150
9,"Mon, Jan 6",2020-01-06,Insulin,755,12:35,2020-01-06 12:35,0.282,,,,,,,,,,,2,Insulin,2020-01-06 12:38,151
9,"Mon, Jan 6",2020-01-06,Insulin,760,12:40,2020-01-06 12:40,0.887,,,,,,,,,,,2,Insulin,2020-01-06 12:43,152
9,"Mon, Jan 6",2020-01-06,Insulin,765,12:45,2020-01-06 12:45,0.82,,,,,,,,,,,2,Insulin,2020-01-06 12:48,153
9,"Mon, Jan 6",2020-01-06,Insulin,770,12:50,2020-01-06 12:50,0.559,,,,,,,,,,,2,Insulin,2020-01-06 12:53,154
9,"Mon, Jan 6",2020-01-06,Insulin,775,12:55,2020-01-06 12:55,0.152,,,,,,,,,,,2,Insulin,2020-01-06 12:58,155
9,"Mon, Jan 6",2020-01-06,Insulin,780,13:00,2020-01-06 13:00,0.17,,,,,,,,,,,2,Insulin,2020-01-06 13:03,156
9,"Mon, Jan 6",2020-01-06,Insulin,785,13:05,2020-01-06 13:05,0.17,,,,,,,,,,,2,Insulin,2020-01-06 13:08,157
9,"Mon, Jan 6",2020-01-06,Insulin,790,13:10,2020-01-06 13:10,0.173,,,,,,,,,,,2,Insulin,2020-01-06 13:13,158
9,"Mon, Jan 6",2020-01-06,Insulin,795,13:15,2020-01-06 13:15,0.1,,,,,,,,,,,2,Insulin,2020-01-06 13:18,159
9,"Mon, Jan 6",2020-01-06,Insulin,800,13:20,2020-01-06 13:20,0.164,,,,,,,,,,,2,Insulin,2020-01-06 13:23,160
9,"Mon, Jan 6",2020-01-06,Insulin,805,13:25,2020-01-06 13:25,0.361,,,,,,,,,,,2,Insulin,2020-01-06 13:28,161
9,"Mon, Jan 6",2020-01-06,Insulin,810,13:30,2020-01-06 13:30,0.585,,,,,,,,,,,2,Insulin,2020-01-06 13:33,162
9,"Mon, Jan 6",2020-01-06,Insulin,815,13:35,2020-01-06 13:35,0,,,,,,,,,,,2,Insulin,2020-01-06 13:38,163
9,"Mon, Jan 6",2020-01-06,Insulin,820,13:40,2020-01-06 13:40,0,,,,,,,,,,,2,Insulin,2020-01-06 13:43,164
9,"Mon, Jan 6",2020-01-06,Insulin,825,13:45,2020-01-06 13:45,0,,,,,,,,,,,2,Insulin,2020-01-06 13:48,165
9,"Mon, Jan 6",2020-01-06,Insulin,830,13:50,2020-01-06 13:50,0,,,,,,,,,,,2,Insulin,2020-01-06 13:53,166
9,"Mon, Jan 6",2020-01-06,Insulin,835,13:55,2020-01-06 13:55,0.044,,,,,,,,,,,2,Insulin,2020-01-06 13:58,167
9,"Mon, Jan 6",2020-01-06,Insulin,840,14:00,2020-01-06 14:00,0.066,,,,,,,,,,,2,Insulin,2020-01-06 14:03,168
9,"Mon, Jan 6",2020-01-06,Insulin,845,14:05,2020-01-06 14:05,0.056,,,,,,,,,,,2,Insulin,2020-01-06 14:08,169
9,"Mon, Jan 6",2020-01-06,Insulin,850,14:10,2020-01-06 14:10,0.061,,,,,,,,,,,2,Insulin,2020-01-06 14:13,170
9,"Mon, Jan 6",2020-01-06,Insulin,855,14:15,2020-01-06 14:15,0,,,,,,,,,,,2,Insulin,2020-01-06 14:18,171
9,"Mon, Jan 6",2020-01-06,Insulin,860,14:20,2020-01-06 14:20,0,,,,,,,,,,,2,Insulin,2020-01-06 14:23,172
9,"Mon, Jan 6",2020-01-06,Insulin,865,14:25,2020-01-06 14:25,0.076,,,,,,,,,,,2,Insulin,2020-01-06 14:28,173
9,"Mon, Jan 6",2020-01-06,Insulin,870,14:30,2020-01-06 14:30,0,,,,,,,,,,,2,Insulin,2020-01-06 14:33,174
9,"Mon, Jan 6",2020-01-06,Insulin,875,14:35,2020-01-06 14:35,0,,,,,,,,,,,2,Insulin,2020-01-06 14:38,175
9,"Mon, Jan 6",2020-01-06,Insulin,880,14:40,2020-01-06 14:40,0,,,,,,,,,,,2,Insulin,2020-01-06 14:43,176
9,"Mon, Jan 6",2020-01-06,Insulin,885,14:45,2020-01-06 14:45,0,,,,,,,,,,,2,Insulin,2020-01-06 14:48,177
9,"Mon, Jan 6",2020-01-06,Insulin,885,14:45,2020-01-06 14:45,0,,,,,,,,,,,2,Insulin,2020-01-06 14:49,178
9,"Mon, Jan 6",2020-01-06,Insulin,895,14:55,2020-01-06 14:55,4.201,,,,,,,,,,,2,Insulin,2020-01-06 14:58,179
9,"Mon, Jan 6",2020-01-06,Insulin,900,15:00,2020-01-06 15:00,0,,,,,,,,,,,2,Insulin,2020-01-06 15:03,180
9,"Mon, Jan 6",2020-01-06,Insulin,905,15:05,2020-01-06 15:05,0,,,,,,,,,,,2,Insulin,2020-01-06 15:08,181
9,"Mon, Jan 6",2020-01-06,Insulin,910,15:10,2020-01-06 15:10,0,,,,,,,,,,,2,Insulin,2020-01-06 15:13,182
9,"Mon, Jan 6",2020-01-06,Insulin,915,15:15,2020-01-06 15:15,0,,,,,,,,,,,2,Insulin,2020-01-06 15:18,183
9,"Mon, Jan 6",2020-01-06,Insulin,920,15:20,2020-01-06 15:20,0,,,,,,,,,,,2,Insulin,2020-01-06 15:23,184
9,"Mon, Jan 6",2020-01-06,Insulin,925,15:25,2020-01-06 15:25,0,,,,,,,,,,,2,Insulin,2020-01-06 15:28,185
9,"Mon, Jan 6",2020-01-06,Insulin,930,15:30,2020-01-06 15:30,0,,,,,,,,,,,2,Insulin,2020-01-06 15:33,186
9,"Mon, Jan 6",2020-01-06,Insulin,935,15:35,2020-01-06 15:35,0,,,,,,,,,,,2,Insulin,2020-01-06 15:38,187
9,"Mon, Jan 6",2020-01-06,Insulin,940,15:40,2020-01-06 15:40,0.046,,,,,,,,,,,2,Insulin,2020-01-06 15:43,188
9,"Mon, Jan 6",2020-01-06,Insulin,945,15:45,2020-01-06 15:45,0,,,,,,,,,,,2,Insulin,2020-01-06 15:48,189
9,"Mon, Jan 6",2020-01-06,Insulin,950,15:50,2020-01-06 15:50,0.046,,,,,,,,,,,2,Insulin,2020-01-06 15:53,190
9,"Mon, Jan 6",2020-01-06,Insulin,955,15:55,2020-01-06 15:55,0,,,,,,,,,,,2,Insulin,2020-01-06 15:58,191
9,"Mon, Jan 6",2020-01-06,Insulin,960,16:00,2020-01-06 16:00,0.046,,,,,,,,,,,2,Insulin,2020-01-06 16:03,192
9,"Mon, Jan 6",2020-01-06,Insulin,965,16:05,2020-01-06 16:05,0.043,,,,,,,,,,,2,Insulin,2020-01-06 16:08,193
9,"Mon, Jan 6",2020-01-06,Insulin,970,16:10,2020-01-06 16:10,0,,,,,,,,,,,2,Insulin,2020-01-06 16:13,194
9,"Mon, Jan 6",2020-01-06,Insulin,975,16:15,2020-01-06 16:15,0.048,,,,,,,,,,,2,Insulin,2020-01-06 16:18,195
9,"Mon, Jan 6",2020-01-06,Insulin,980,16:20,2020-01-06 16:20,0,,,,,,,,,,,2,Insulin,2020-01-06 16:23,196
9,"Mon, Jan 6",2020-01-06,Insulin,985,16:25,2020-01-06 16:25,0.051,,,,,,,,,,,2,Insulin,2020-01-06 16:28,197
9,"Mon, Jan 6",2020-01-06,Insulin,990,16:30,2020-01-06 16:30,0.102,,,,,,,,,,,2,Insulin,2020-01-06 16:33,198
9,"Mon, Jan 6",2020-01-06,Insulin,995,16:35,2020-01-06 16:35,0.046,,,,,,,,,,,2,Insulin,2020-01-06 16:38,199
9,"Mon, Jan 6",2020-01-06,Insulin,1000,16:40,2020-01-06 16:40,0.183,,,,,,,,,,,2,Insulin,2020-01-06 16:43,200
9,"Mon, Jan 6",2020-01-06,Insulin,1005,16:45,2020-01-06 16:45,0,,,,,,,,,,,2,Insulin,2020-01-06 16:48,201
9,"Mon, Jan 6",2020-01-06,Insulin,1010,16:50,2020-01-06 16:50,0.046,,,,,,,,,,,2,Insulin,2020-01-06 16:53,202
9,"Mon, Jan 6",2020-01-06,Insulin,1015,16:55,2020-01-06 16:55,0.076,,,,,,,,,,,2,Insulin,2020-01-06 16:58,203
9,"Mon, Jan 6",2020-01-06,Insulin,1020,17:00,2020-01-06 17:00,0.379,,,,,,,,,,,2,Insulin,2020-01-06 17:03,204
9,"Mon, Jan 6",2020-01-06,Insulin,1025,17:05,2020-01-06 17:05,0.051,,,,,,,,,,,2,Insulin,2020-01-06 17:08,205
9,"Mon, Jan 6",2020-01-06,Insulin,1030,17:10,2020-01-06 17:10,0,,,,,,,,,,,2,Insulin,2020-01-06 17:13,206
9,"Mon, Jan 6",2020-01-06,Insulin,1035,17:15,2020-01-06 17:15,0,,,,,,,,,,,2,Insulin,2020-01-06 17:18,207
9,"Mon, Jan 6",2020-01-06,Insulin,1040,17:20,2020-01-06 17:20,0,,,,,,,,,,,2,Insulin,2020-01-06 17:23,208
9,"Mon, Jan 6",2020-01-06,Insulin,1045,17:25,2020-01-06 17:25,0.046,,,,,,,,,,,2,Insulin,2020-01-06 17:28,209
9,"Mon, Jan 6",2020-01-06,Insulin,1050,17:30,2020-01-06 17:30,0.106,,,,,,,,,,,2,Insulin,2020-01-06 17:33,210
9,"Mon, Jan 6",2020-01-06,Insulin,1055,17:35,2020-01-06 17:35,0.503,,,,,,,,,,,2,Insulin,2020-01-06 17:38,211
9,"Mon, Jan 6",2020-01-06,Insulin,1060,17:40,2020-01-06 17:40,1.003,,,,,,,,,,,2,Insulin,2020-01-06 17:43,212
9,"Mon, Jan 6",2020-01-06,Insulin,1065,17:45,2020-01-06 17:45,0.846,,,,,,,,,,,2,Insulin,2020-01-06 17:48,213
9,"Mon, Jan 6",2020-01-06,Insulin,1070,17:50,2020-01-06 17:50,0.353,,,,,,,,,,,2,Insulin,2020-01-06 17:53,214
9,"Mon, Jan 6",2020-01-06,Insulin,1075,17:55,2020-01-06 17:55,0.086,,,,,,,,,,,2,Insulin,2020-01-06 17:58,215
9,"Mon, Jan 6",2020-01-06,Insulin,1080,18:00,2020-01-06 18:00,0.602,,,,,,,,,,,2,Insulin,2020-01-06 18:03,216
9,"Mon, Jan 6",2020-01-06,Insulin,1085,18:05,2020-01-06 18:05,0.343,,,,,,,,,,,2,Insulin,2020-01-06 18:08,217
9,"Mon, Jan 6",2020-01-06,Insulin,1090,18:10,2020-01-06 18:10,0.183,,,,,,,,,,,2,Insulin,2020-01-06 18:13,218
9,"Mon, Jan 6",2020-01-06,Insulin,1095,18:15,2020-01-06 18:15,0.091,,,,,,,,,,,2,Insulin,2020-01-06 18:18,219
9,"Mon, Jan 6",2020-01-06,Insulin,1100,18:20,2020-01-06 18:20,0.439,,,,,,,,,,,2,Insulin,2020-01-06 18:23,220
9,"Mon, Jan 6",2020-01-06,Insulin,1105,18:25,2020-01-06 18:25,0.692,,,,,,,,,,,2,Insulin,2020-01-06 18:28,221
9,"Mon, Jan 6",2020-01-06,Insulin,1110,18:30,2020-01-06 18:30,0.735,,,,,,,,,,,2,Insulin,2020-01-06 18:33,222
9,"Mon, Jan 6",2020-01-06,Insulin,1115,18:35,2020-01-06 18:35,0.747,,,,,,,,,,,2,Insulin,2020-01-06 18:38,223
9,"Mon, Jan 6",2020-01-06,Insulin,1120,18:40,2020-01-06 18:40,0.608,,,,,,,,,,,2,Insulin,2020-01-06 18:43,224
9,"Mon, Jan 6",2020-01-06,Insulin,1125,18:45,2020-01-06 18:45,0.246,,,,,,,,,,,2,Insulin,2020-01-06 18:48,225
9,"Mon, Jan 6",2020-01-06,Insulin,1130,18:50,2020-01-06 18:50,0.094,,,,,,,,,,,2,Insulin,2020-01-06 18:53,226
9,"Mon, Jan 6",2020-01-06,Insulin,1135,18:55,2020-01-06 18:55,0.165,,,,,,,,,,,2,Insulin,2020-01-06 18:58,227
9,"Mon, Jan 6",2020-01-06,Insulin,1140,19:00,2020-01-06 19:00,0.061,,,,,,,,,,,2,Insulin,2020-01-06 19:03,228
9,"Mon, Jan 6",2020-01-06,Insulin,1145,19:05,2020-01-06 19:05,0,,,,,,,,,,,2,Insulin,2020-01-06 19:08,229
9,"Mon, Jan 6",2020-01-06,Insulin,1150,19:10,2020-01-06 19:10,0.091,,,,,,,,,,,2,Insulin,2020-01-06 19:13,230
9,"Mon, Jan 6",2020-01-06,Insulin,1155,19:15,2020-01-06 19:15,0.048,,,,,,,,,,,2,Insulin,2020-01-06 19:18,231
9,"Mon, Jan 6",2020-01-06,Insulin,1160,19:20,2020-01-06 19:20,0,,,,,,,,,,,2,Insulin,2020-01-06 19:23,232
9,"Mon, Jan 6",2020-01-06,Insulin,1165,19:25,2020-01-06 19:25,0,,,,,,,,,,,2,Insulin,2020-01-06 19:28,233
9,"Mon, Jan 6",2020-01-06,Insulin,1170,19:30,2020-01-06 19:30,0,,,,,,,,,,,2,Insulin,2020-01-06 19:33,234
9,"Mon, Jan 6",2020-01-06,Insulin,1175,19:35,2020-01-06 19:35,0,,,,,,,,,,,2,Insulin,2020-01-06 19:38,235
9,"Mon, Jan 6",2020-01-06,Insulin,1180,19:40,2020-01-06 19:40,0.097,,,,,,,,,,,2,Insulin,2020-01-06 19:43,236
9,"Mon, Jan 6",2020-01-06,Insulin,1185,19:45,2020-01-06 19:45,0,,,,,,,,,,,2,Insulin,2020-01-06 19:48,237
9,"Mon, Jan 6",2020-01-06,Insulin,1190,19:50,2020-01-06 19:50,0,,,,,,,,,,,2,Insulin,2020-01-06 19:53,238
9,"Mon, Jan 6",2020-01-06,Insulin,1195,19:55,2020-01-06 19:55,0,,,,,,,,,,,2,Insulin,2020-01-06 19:58,239
9,"Mon, Jan 6",2020-01-06,Insulin,1200,20:00,2020-01-06 20:00,0,,,,,,,,,,,2,Insulin,2020-01-06 20:03,240
9,"Mon, Jan 6",2020-01-06,Insulin,1205,20:05,2020-01-06 20:05,0.066,,,,,,,,,,,2,Insulin,2020-01-06 20:08,241
9,"Mon, Jan 6",2020-01-06,Insulin,1210,20:10,2020-01-06 20:10,0.061,,,,,,,,,,,2,Insulin,2020-01-06 20:13,242
9,"Mon, Jan 6",2020-01-06,Insulin,1215,20:15,2020-01-06 20:15,0,,,,,,,,,,,2,Insulin,2020-01-06 20:18,243
9,"Mon, Jan 6",2020-01-06,Insulin,1220,20:20,2020-01-06 20:20,0,,,,,,,,,,,2,Insulin,2020-01-06 20:23,244
9,"Mon, Jan 6",2020-01-06,Insulin,1225,20:25,2020-01-06 20:25,0,,,,,,,,,,,2,Insulin,2020-01-06 20:28,245
9,"Mon, Jan 6",2020-01-06,Insulin,1230,20:30,2020-01-06 20:30,0,,,,,,,,,,,2,Insulin,2020-01-06 20:33,246
9,"Mon, Jan 6",2020-01-06,Insulin,1235,20:35,2020-01-06 20:35,0,,,,,,,,,,,2,Insulin,2020-01-06 20:38,247
9,"Mon, Jan 6",2020-01-06,Insulin,1240,20:40,2020-01-06 20:40,0,,,,,,,,,,,2,Insulin,2020-01-06 20:43,248
9,"Mon, Jan 6",2020-01-06,Insulin,1245,20:45,2020-01-06 20:45,0,,,,,,,,,,,2,Insulin,2020-01-06 20:48,249
9,"Mon, Jan 6",2020-01-06,Insulin,1250,20:50,2020-01-06 20:50,0,,,,,,,,,,,2,Insulin,2020-01-06 20:53,250
9,"Mon, Jan 6",2020-01-06,Insulin,1255,20:55,2020-01-06 20:55,0,,,,,,,,,,,2,Insulin,2020-01-06 20:58,251
9,"Mon, Jan 6",2020-01-06,Insulin,1260,21:00,2020-01-06 21:00,0,,,,,,,,,,,2,Insulin,2020-01-06 21:03,252
9,"Mon, Jan 6",2020-01-06,Insulin,1265,21:05,2020-01-06 21:05,0.046,,,,,,,,,,,2,Insulin,2020-01-06 21:08,253
9,"Mon, Jan 6",2020-01-06,Insulin,1270,21:10,2020-01-06 21:10,0.043,,,,,,,,,,,2,Insulin,2020-01-06 21:13,254
9,"Mon, Jan 6",2020-01-06,Insulin,1275,21:15,2020-01-06 21:15,0.058,,,,,,,,,,,2,Insulin,2020-01-06 21:18,255
9,"Mon, Jan 6",2020-01-06,Insulin,1280,21:20,2020-01-06 21:20,0.056,,,,,,,,,,,2,Insulin,2020-01-06 21:23,256
9,"Mon, Jan 6",2020-01-06,Insulin,1285,21:25,2020-01-06 21:25,0.074,,,,,,,,,,,2,Insulin,2020-01-06 21:28,257
9,"Mon, Jan 6",2020-01-06,Insulin,1290,21:30,2020-01-06 21:30,0.069,,,,,,,,,,,2,Insulin,2020-01-06 21:33,258
9,"Mon, Jan 6",2020-01-06,Insulin,1295,21:35,2020-01-06 21:35,0.08,,,,,,,,,,,2,Insulin,2020-01-06 21:38,259
9,"Mon, Jan 6",2020-01-06,Insulin,1300,21:40,2020-01-06 21:40,0.09,,,,,,,,,,,2,Insulin,2020-01-06 21:43,260
9,"Mon, Jan 6",2020-01-06,Insulin,1305,21:45,2020-01-06 21:45,0.284,,,,,,,,,,,2,Insulin,2020-01-06 21:48,261
9,"Mon, Jan 6",2020-01-06,Insulin,1310,21:50,2020-01-06 21:50,0.655,,,,,,,,,,,2,Insulin,2020-01-06 21:53,262
9,"Mon, Jan 6",2020-01-06,Insulin,1315,21:55,2020-01-06 21:55,0.175,,,,,,,,,,,2,Insulin,2020-01-06 21:58,263
9,"Mon, Jan 6",2020-01-06,Insulin,1320,22:00,2020-01-06 22:00,0.667,,,,,,,,,,,2,Insulin,2020-01-06 22:03,264
9,"Mon, Jan 6",2020-01-06,Insulin,1325,22:05,2020-01-06 22:05,0.404,,,,,,,,,,,2,Insulin,2020-01-06 22:08,265
9,"Mon, Jan 6",2020-01-06,Insulin,1330,22:10,2020-01-06 22:10,0.066,,,,,,,,,,,2,Insulin,2020-01-06 22:13,266
9,"Mon, Jan 6",2020-01-06,Insulin,1335,22:15,2020-01-06 22:15,0.445,,,,,,,,,,,2,Insulin,2020-01-06 22:18,267
9,"Mon, Jan 6",2020-01-06,Insulin,1340,22:20,2020-01-06 22:20,0.596,,,,,,,,,,,2,Insulin,2020-01-06 22:23,268
9,"Mon, Jan 6",2020-01-06,Insulin,1345,22:25,2020-01-06 22:25,0.767,,,,,,,,,,,2,Insulin,2020-01-06 22:28,269
9,"Mon, Jan 6",2020-01-06,Insulin,1350,22:30,2020-01-06 22:30,0.986,,,,,,,,,,,2,Insulin,2020-01-06 22:33,270
9,"Mon, Jan 6",2020-01-06,Insulin,1355,22:35,2020-01-06 22:35,1.298,,,,,,,,,,,2,Insulin,2020-01-06 22:38,271
9,"Mon, Jan 6",2020-01-06,Insulin,1360,22:40,2020-01-06 22:40,0.503,,,,,,,,,,,2,Insulin,2020-01-06 22:43,272
9,"Mon, Jan 6",2020-01-06,Insulin,1365,22:45,2020-01-06 22:45,0.069,,,,,,,,,,,2,Insulin,2020-01-06 22:48,273
9,"Mon, Jan 6",2020-01-06,Insulin,1370,22:50,2020-01-06 22:50,0.046,,,,,,,,,,,2,Insulin,2020-01-06 22:53,274
9,"Mon, Jan 6",2020-01-06,Insulin,1375,22:55,2020-01-06 22:55,0.5,,,,,,,,,,,2,Insulin,2020-01-06 22:58,275
9,"Mon, Jan 6",2020-01-06,Insulin,1380,23:00,2020-01-06 23:00,0.046,,,,,,,,,,,2,Insulin,2020-01-06 23:03,276
9,"Mon, Jan 6",2020-01-06,Insulin,1385,23:05,2020-01-06 23:05,0.097,,,,,,,,,,,2,Insulin,2020-01-06 23:08,277
9,"Mon, Jan 6",2020-01-06,Insulin,1390,23:10,2020-01-06 23:10,0.056,,,,,,,,,,,2,Insulin,2020-01-06 23:13,278
9,"Mon, Jan 6",2020-01-06,Insulin,1395,23:15,2020-01-06 23:15,0.109,,,,,,,,,,,2,Insulin,2020-01-06 23:18,279
9,"Mon, Jan 6",2020-01-06,Insulin,1400,23:20,2020-01-06 23:20,0.214,,,,,,,,,,,2,Insulin,2020-01-06 23:23,280
9,"Mon, Jan 6",2020-01-06,Insulin,1405,23:25,2020-01-06 23:25,0.097,,,,,,,,,,,2,Insulin,2020-01-06 23:28,281
9,"Mon, Jan 6",2020-01-06,Insulin,1410,23:30,2020-01-06 23:30,0.16,,,,,,,,,,,2,Insulin,2020-01-06 23:33,282
9,"Mon, Jan 6",2020-01-06,Insulin,1415,23:35,2020-01-06 23:35,0,,,,,,,,,,,2,Insulin,2020-01-06 23:38,283
9,"Mon, Jan 6",2020-01-06,Insulin,1420,23:40,2020-01-06 23:40,0,,,,,,,,,,,2,Insulin,2020-01-06 23:43,284
9,"Mon, Jan 6",2020-01-06,Insulin,1425,23:45,2020-01-06 23:45,0,,,,,,,,,,,2,Insulin,2020-01-06 23:48,285
9,"Mon, Jan 6",2020-01-06,Insulin,1430,23:50,2020-01-06 23:50,0,,,,,,,,,,,2,Insulin,2020-01-06 23:53,286
9,"Mon, Jan 6",2020-01-06,Insulin,1435,23:55,2020-01-06 23:55,0,,,,,,,,,,,2,Insulin,2020-01-06 23:58,287
9,"Mon, Jan 6",2020-01-06,Meal Announcement,885,14:45,2020-01-06 14:45,0,Meal,,"Breakfast, Usual, 2:49 PM","Breakfast, Usual, 2:49 PM",Breakfast,B,Usual,2:49 PM,,,3,Meal Announcement,2020-01-06 14:49,0
10,"Sun, Jan 5",2020-01-05,CGM,0,00:00,2020-01-05 00:00,88,,,,,,,,,,,1,CGM,2020-01-05 00:03,0
10,"Sun, Jan 5",2020-01-05,CGM,5,00:05,2020-01-05 00:05,83,,,,,,,,,,,1,CGM,2020-01-05 00:08,1
10,"Sun, Jan 5",2020-01-05,CGM,10,00:10,2020-01-05 00:10,82,,,,,,,,,,,1,CGM,2020-01-05 00:13,2
10,"Sun, Jan 5",2020-01-05,CGM,15,00:15,2020-01-05 00:15,83,,,,,,,,,,,1,CGM,2020-01-05 00:18,3
10,"Sun, Jan 5",2020-01-05,CGM,20,00:20,2020-01-05 00:20,82,,,,,,,,,,,1,CGM,2020-01-05 00:23,4
10,"Sun, Jan 5",2020-01-05,CGM,25,00:25,2020-01-05 00:25,84,,,,,,,,,,,1,CGM,2020-01-05 00:28,5
10,"Sun, Jan 5",2020-01-05,CGM,30,00:30,2020-01-05 00:30,84,,,,,,,,,,,1,CGM,2020-01-05 00:33,6
10,"Sun, Jan 5",2020-01-05,CGM,35,00:35,2020-01-05 00:35,86,,,,,,,,,,,1,CGM,2020-01-05 00:38,7
10,"Sun, Jan 5",2020-01-05,CGM,40,00:40,2020-01-05 00:40,83,,,,,,,,,,,1,CGM,2020-01-05 00:43,8
10,"Sun, Jan 5",2020-01-05,CGM,45,00:45,2020-01-05 00:45,83,,,,,,,,,,,1,CGM,2020-01-05 00:48,9
10,"Sun, Jan 5",2020-01-05,CGM,50,00:50,2020-01-05 00:50,86,,,,,,,,,,,1,CGM,2020-01-05 00:53,10
10,"Sun, Jan 5",2020-01-05,CGM,55,00:55,2020-01-05 00:55,90,,,,,,,,,,,1,CGM,2020-01-05 00:58,11
10,"Sun, Jan 5",2020-01-05,CGM,60,01:00,2020-01-05 01:00,93,,,,,,,,,,,1,CGM,2020-01-05 01:03,12
10,"Sun, Jan 5",2020-01-05,CGM,65,01:05,2020-01-05 01:05,92,,,,,,,,,,,1,CGM,2020-01-05 01:08,13
10,"Sun, Jan 5",2020-01-05,CGM,70,01:10,2020-01-05 01:10,90,,,,,,,,,,,1,CGM,2020-01-05 01:13,14
10,"Sun, Jan 5",2020-01-05,CGM,75,01:15,2020-01-05 01:15,94,,,,,,,,,,,1,CGM,2020-01-05 01:18,15
10,"Sun, Jan 5",2020-01-05,CGM,80,01:20,2020-01-05 01:20,95,,,,,,,,,,,1,CGM,2020-01-05 01:23,16
10,"Sun, Jan 5",2020-01-05,CGM,85,01:25,2020-01-05 01:25,94,,,,,,,,,,,1,CGM,2020-01-05 01:28,17
10,"Sun, Jan 5",2020-01-05,CGM,90,01:30,2020-01-05 01:30,92,,,,,,,,,,,1,CGM,2020-01-05 01:33,18
10,"Sun, Jan 5",2020-01-05,CGM,95,01:35,2020-01-05 01:35,94,,,,,,,,,,,1,CGM,2020-01-05 01:38,19
10,"Sun, Jan 5",2020-01-05,CGM,100,01:40,2020-01-05 01:40,93,,,,,,,,,,,1,CGM,2020-01-05 01:43,20
10,"Sun, Jan 5",2020-01-05,CGM,105,01:45,2020-01-05 01:45,92,,,,,,,,,,,1,CGM,2020-01-05 01:48,21
10,"Sun, Jan 5",2020-01-05,CGM,110,01:50,2020-01-05 01:50,90,,,,,,,,,,,1,CGM,2020-01-05 01:53,22
10,"Sun, Jan 5",2020-01-05,CGM,115,01:55,2020-01-05 01:55,88,,,,,,,,,,,1,CGM,2020-01-05 01:58,23
10,"Sun, Jan 5",2020-01-05,CGM,120,02:00,2020-01-05 02:00,84,,,,,,,,,,,1,CGM,2020-01-05 02:03,24
10,"Sun, Jan 5",2020-01-05,CGM,125,02:05,2020-01-05 02:05,85,,,,,,,,,,,1,CGM,2020-01-05 02:08,25
10,"Sun, Jan 5",2020-01-05,CGM,130,02:10,2020-01-05 02:10,86,,,,,,,,,,,1,CGM,2020-01-05 02:13,26
10,"Sun, Jan 5",2020-01-05,CGM,135,02:15,2020-01-05 02:15,103,,,,,,,,,,,1,CGM,2020-01-05 02:18,27
10,"Sun, Jan 5",2020-01-05,CGM,140,02:20,2020-01-05 02:20,125,,,,,,,,,,,1,CGM,2020-01-05 02:23,28
10,"Sun, Jan 5",2020-01-05,CGM,145,02:25,2020-01-05 02:25,150,,,,,,,,,,,1,CGM,2020-01-05 02:28,29
10,"Sun, Jan 5",2020-01-05,CGM,150,02:30,2020-01-05 02:30,170,,,,,,,,,,,1,CGM,2020-01-05 02:33,30
10,"Sun, Jan 5",2020-01-05,CGM,155,02:35,2020-01-05 02:35,188,,,,,,,,,,,1,CGM,2020-01-05 02:38,31
10,"Sun, Jan 5",2020-01-05,CGM,160,02:40,2020-01-05 02:40,206,,,,,,,,,,,1,CGM,2020-01-05 02:43,32
10,"Sun, Jan 5",2020-01-05,CGM,165,02:45,2020-01-05 02:45,217,,,,,,,,,,,1,CGM,2020-01-05 02:48,33
10,"Sun, Jan 5",2020-01-05,CGM,170,02:50,2020-01-05 02:50,227,,,,,,,,,,,1,CGM,2020-01-05 02:53,34
10,"Sun, Jan 5",2020-01-05,CGM,175,02:55,2020-01-05 02:55,237,,,,,,,,,,,1,CGM,2020-01-05 02:58,35
10,"Sun, Jan 5",2020-01-05,CGM,180,03:00,2020-01-05 03:00,241,,,,,,,,,,,1,CGM,2020-01-05 03:03,36
10,"Sun, Jan 5",2020-01-05,CGM,185,03:05,2020-01-05 03:05,244,,,,,,,,,,,1,CGM,2020-01-05 03:08,37
10,"Sun, Jan 5",2020-01-05,CGM,190,03:10,2020-01-05 03:10,246,,,,,,,,,,,1,CGM,2020-01-05 03:13,38
10,"Sun, Jan 5",2020-01-05,CGM,195,03:15,2020-01-05 03:15,246,,,,,,,,,,,1,CGM,2020-01-05 03:18,39
10,"Sun, Jan 5",2020-01-05,CGM,200,03:20,2020-01-05 03:20,246,,,,,,,,,,,1,CGM,2020-01-05 03:23,40
10,"Sun, Jan 5",2020-01-05,CGM,205,03:25,2020-01-05 03:25,247,,,,,,,,,,,1,CGM,2020-01-05 03:28,41
10,"Sun, Jan 5",2020-01-05,CGM,210,03:30,2020-01-05 03:30,248,,,,,,,,,,,1,CGM,2020-01-05 03:33,42
10,"Sun, Jan 5",2020-01-05,CGM,215,03:35,2020-01-05 03:35,249,,,,,,,,,,,1,CGM,2020-01-05 03:38,43
10,"Sun, Jan 5",2020-01-05,CGM,220,03:40,2020-01-05 03:40,244,,,,,,,,,,,1,CGM,2020-01-05 03:43,44
10,"Sun, Jan 5",2020-01-05,CGM,225,03:45,2020-01-05 03:45,236,,,,,,,,,,,1,CGM,2020-01-05 03:48,45
10,"Sun, Jan 5",2020-01-05,CGM,230,03:50,2020-01-05 03:50,237,,,,,,,,,,,1,CGM,2020-01-05 03:53,46
10,"Sun, Jan 5",2020-01-05,CGM,235,03:55,2020-01-05 03:55,238,,,,,,,,,,,1,CGM,2020-01-05 03:58,47
10,"Sun, Jan 5",2020-01-05,CGM,240,04:00,2020-01-05 04:00,233,,,,,,,,,,,1,CGM,2020-01-05 04:03,48
10,"Sun, Jan 5",2020-01-05,CGM,245,04:05,2020-01-05 04:05,225,,,,,,,,,,,1,CGM,2020-01-05 04:08,49
10,"Sun, Jan 5",2020-01-05,CGM,250,04:10,2020-01-05 04:10,232,,,,,,,,,,,1,CGM,2020-01-05 04:13,50
10,"Sun, Jan 5",2020-01-05,CGM,255,04:15,2020-01-05 04:15,226,,,,,,,,,,,1,CGM,2020-01-05 04:18,51
10,"Sun, Jan 5",2020-01-05,CGM,260,04:20,2020-01-05 04:20,221,,,,,,,,,,,1,CGM,2020-01-05 04:23,52
10,"Sun, Jan 5",2020-01-05,CGM,265,04:25,2020-01-05 04:25,216,,,,,,,,,,,1,CGM,2020-01-05 04:28,53
10,"Sun, Jan 5",2020-01-05,CGM,270,04:30,2020-01-05 04:30,211,,,,,,,,,,,1,CGM,2020-01-05 04:33,54
10,"Sun, Jan 5",2020-01-05,CGM,275,04:35,2020-01-05 04:35,204,,,,,,,,,,,1,CGM,2020-01-05 04:38,55
10,"Sun, Jan 5",2020-01-05,CGM,280,04:40,2020-01-05 04:40,197,,,,,,,,,,,1,CGM,2020-01-05 04:43,56
10,"Sun, Jan 5",2020-01-05,CGM,285,04:45,2020-01-05 04:45,190,,,,,,,,,,,1,CGM,2020-01-05 04:48,57
10,"Sun, Jan 5",2020-01-05,CGM,290,04:50,2020-01-05 04:50,183,,,,,,,,,,,1,CGM,2020-01-05 04:53,58
10,"Sun, Jan 5",2020-01-05,CGM,295,04:55,2020-01-05 04:55,177,,,,,,,,,,,1,CGM,2020-01-05 04:58,59
10,"Sun, Jan 5",2020-01-05,CGM,300,05:00,2020-01-05 05:00,173,,,,,,,,,,,1,CGM,2020-01-05 05:03,60
10,"Sun, Jan 5",2020-01-05,CGM,305,05:05,2020-01-05 05:05,171,,,,,,,,,,,1,CGM,2020-01-05 05:08,61
10,"Sun, Jan 5",2020-01-05,CGM,310,05:10,2020-01-05 05:10,169,,,,,,,,,,,1,CGM,2020-01-05 05:13,62
10,"Sun, Jan 5",2020-01-05,CGM,315,05:15,2020-01-05 05:15,169,,,,,,,,,,,1,CGM,2020-01-05 05:18,63
10,"Sun, Jan 5",2020-01-05,CGM,320,05:20,2020-01-05 05:20,171,,,,,,,,,,,1,CGM,2020-01-05 05:23,64
10,"Sun, Jan 5",2020-01-05,CGM,325,05:25,2020-01-05 05:25,170,,,,,,,,,,,1,CGM,2020-01-05 05:28,65
10,"Sun, Jan 5",2020-01-05,CGM,330,05:30,2020-01-05 05:30,171,,,,,,,,,,,1,CGM,2020-01-05 05:33,66
10,"Sun, Jan 5",2020-01-05,CGM,335,05:35,2020-01-05 05:35,163,,,,,,,,,,,1,CGM,2020-01-05 05:38,67
10,"Sun, Jan 5",2020-01-05,CGM,340,05:40,2020-01-05 05:40,167,,,,,,,,,,,1,CGM,2020-01-05 05:43,68
10,"Sun, Jan 5",2020-01-05,CGM,345,05:45,2020-01-05 05:45,173,,,,,,,,,,,1,CGM,2020-01-05 05:48,69
10,"Sun, Jan 5",2020-01-05,CGM,350,05:50,2020-01-05 05:50,170,,,,,,,,,,,1,CGM,2020-01-05 05:53,70
10,"Sun, Jan 5",2020-01-05,CGM,355,05:55,2020-01-05 05:55,171,,,,,,,,,,,1,CGM,2020-01-05 05:58,71
10,"Sun, Jan 5",2020-01-05,CGM,360,06:00,2020-01-05 06:00,164,,,,,,,,,,,1,CGM,2020-01-05 06:03,72
10,"Sun, Jan 5",2020-01-05,CGM,365,06:05,2020-01-05 06:05,166,,,,,,,,,,,1,CGM,2020-01-05 06:08,73
10,"Sun, Jan 5",2020-01-05,CGM,370,06:10,2020-01-05 06:10,172,,,,,,,,,,,1,CGM,2020-01-05 06:13,74
10,"Sun, Jan 5",2020-01-05,CGM,375,06:15,2020-01-05 06:15,170,,,,,,,,,,,1,CGM,2020-01-05 06:18,75
10,"Sun, Jan 5",2020-01-05,CGM,380,06:20,2020-01-05 06:20,168,,,,,,,,,,,1,CGM,2020-01-05 06:23,76
10,"Sun, Jan 5",2020-01-05,CGM,385,06:25,2020-01-05 06:25,163,,,,,,,,,,,1,CGM,2020-01-05 06:28,77
10,"Sun, Jan 5",2020-01-05,CGM,390,06:30,2020-01-05 06:30,160,,,,,,,,,,,1,CGM,2020-01-05 06:33,78
10,"Sun, Jan 5",2020-01-05,CGM,395,06:35,2020-01-05 06:35,162,,,,,,,,,,,1,CGM,2020-01-05 06:38,79
10,"Sun, Jan 5",2020-01-05,CGM,400,06:40,2020-01-05 06:40,159,,,,,,,,,,,1,CGM,2020-01-05 06:43,80
10,"Sun, Jan 5",2020-01-05,CGM,405,06:45,2020-01-05 06:45,159,,,,,,,,,,,1,CGM,2020-01-05 06:48,81
10,"Sun, Jan 5",2020-01-05,CGM,410,06:50,2020-01-05 06:50,157,,,,,,,,,,,1,CGM,2020-01-05 06:53,82
10,"Sun, Jan 5",2020-01-05,CGM,415,06:55,2020-01-05 06:55,154,,,,,,,,,,,1,CGM,2020-01-05 06:58,83
10,"Sun, Jan 5",2020-01-05,CGM,420,07:00,2020-01-05 07:00,151,,,,,,,,,,,1,CGM,2020-01-05 07:03,84
10,"Sun, Jan 5",2020-01-05,CGM,425,07:05,2020-01-05 07:05,145,,,,,,,,,,,1,CGM,2020-01-05 07:08,85
10,"Sun, Jan 5",2020-01-05,CGM,430,07:10,2020-01-05 07:10,144,,,,,,,,,,,1,CGM,2020-01-05 07:13,86
10,"Sun, Jan 5",2020-01-05,CGM,435,07:15,2020-01-05 07:15,144,,,,,,,,,,,1,CGM,2020-01-05 07:18,87
10,"Sun, Jan 5",2020-01-05,CGM,440,07:20,2020-01-05 07:20,141,,,,,,,,,,,1,CGM,2020-01-05 07:23,88
10,"Sun, Jan 5",2020-01-05,CGM,445,07:25,2020-01-05 07:25,140,,,,,,,,,,,1,CGM,2020-01-05 07:28,89
10,"Sun, Jan 5",2020-01-05,CGM,450,07:30,2020-01-05 07:30,136,,,,,,,,,,,1,CGM,2020-01-05 07:33,90
10,"Sun, Jan 5",2020-01-05,CGM,455,07:35,2020-01-05 07:35,135,,,,,,,,,,,1,CGM,2020-01-05 07:38,91
10,"Sun, Jan 5",2020-01-05,CGM,460,07:40,2020-01-05 07:40,134,,,,,,,,,,,1,CGM,2020-01-05 07:43,92
10,"Sun, Jan 5",2020-01-05,CGM,465,07:45,2020-01-05 07:45,134,,,,,,,,,,,1,CGM,2020-01-05 07:48,93
10,"Sun, Jan 5",2020-01-05,CGM,470,07:50,2020-01-05 07:50,133,,,,,,,,,,,1,CGM,2020-01-05 07:53,94
10,"Sun, Jan 5",2020-01-05,CGM,475,07:55,2020-01-05 07:55,129,,,,,,,,,,,1,CGM,2020-01-05 07:58,95
10,"Sun, Jan 5",2020-01-05,CGM,480,08:00,2020-01-05 08:00,123,,,,,,,,,,,1,CGM,2020-01-05 08:03,96
10,"Sun, Jan 5",2020-01-05,CGM,485,08:05,2020-01-05 08:05,128,,,,,,,,,,,1,CGM,2020-01-05 08:08,97
10,"Sun, Jan 5",2020-01-05,CGM,490,08:10,2020-01-05 08:10,130,,,,,,,,,,,1,CGM,2020-01-05 08:13,98
10,"Sun, Jan 5",2020-01-05,CGM,495,08:15,2020-01-05 08:15,130,,,,,,,,,,,1,CGM,2020-01-05 08:18,99
10,"Sun, Jan 5",2020-01-05,CGM,500,08:20,2020-01-05 08:20,131,,,,,,,,,,,1,CGM,2020-01-05 08:23,100
10,"Sun, Jan 5",2020-01-05,CGM,505,08:25,2020-01-05 08:25,131,,,,,,,,,,,1,CGM,2020-01-05 08:28,101
10,"Sun, Jan 5",2020-01-05,CGM,510,08:30,2020-01-05 08:30,130,,,,,,,,,,,1,CGM,2020-01-05 08:33,102
10,"Sun, Jan 5",2020-01-05,CGM,515,08:35,2020-01-05 08:35,129,,,,,,,,,,,1,CGM,2020-01-05 08:38,103
10,"Sun, Jan 5",2020-01-05,CGM,520,08:40,2020-01-05 08:40,133,,,,,,,,,,,1,CGM,2020-01-05 08:43,104
10,"Sun, Jan 5",2020-01-05,CGM,525,08:45,2020-01-05 08:45,140,,,,,,,,,,,1,CGM,2020-01-05 08:48,105
10,"Sun, Jan 5",2020-01-05,CGM,530,08:50,2020-01-05 08:50,146,,,,,,,,,,,1,CGM,2020-01-05 08:53,106
10,"Sun, Jan 5",2020-01-05,CGM,535,08:55,2020-01-05 08:55,156,,,,,,,,,,,1,CGM,2020-01-05 08:58,107
10,"Sun, Jan 5",2020-01-05,CGM,540,09:00,2020-01-05 09:00,166,,,,,,,,,,,1,CGM,2020-01-05 09:03,108
10,"Sun, Jan 5",2020-01-05,CGM,545,09:05,2020-01-05 09:05,171,,,,,,,,,,,1,CGM,2020-01-05 09:08,109
10,"Sun, Jan 5",2020-01-05,CGM,550,09:10,2020-01-05 09:10,170,,,,,,,,,,,1,CGM,2020-01-05 09:13,110
10,"Sun, Jan 5",2020-01-05,CGM,555,09:15,2020-01-05 09:15,172,,,,,,,,,,,1,CGM,2020-01-05 09:18,111
10,"Sun, Jan 5",2020-01-05,CGM,560,09:20,2020-01-05 09:20,180,,,,,,,,,,,1,CGM,2020-01-05 09:23,112
10,"Sun, Jan 5",2020-01-05,CGM,565,09:25,2020-01-05 09:25,179,,,,,,,,,,,1,CGM,2020-01-05 09:28,113
10,"Sun, Jan 5",2020-01-05,CGM,570,09:30,2020-01-05 09:30,172,,,,,,,,,,,1,CGM,2020-01-05 09:33,114
10,"Sun, Jan 5",2020-01-05,CGM,575,09:35,2020-01-05 09:35,172,,,,,,,,,,,1,CGM,2020-01-05 09:38,115
10,"Sun, Jan 5",2020-01-05,CGM,580,09:40,2020-01-05 09:40,168,,,,,,,,,,,1,CGM,2020-01-05 09:43,116
10,"Sun, Jan 5",2020-01-05,CGM,585,09:45,2020-01-05 09:45,160,,,,,,,,,,,1,CGM,2020-01-05 09:48,117
10,"Sun, Jan 5",2020-01-05,CGM,590,09:50,2020-01-05 09:50,156,,,,,,,,,,,1,CGM,2020-01-05 09:53,118
10,"Sun, Jan 5",2020-01-05,CGM,595,09:55,2020-01-05 09:55,149,,,,,,,,,,,1,CGM,2020-01-05 09:58,119
10,"Sun, Jan 5",2020-01-05,CGM,600,10:00,2020-01-05 10:00,149,,,,,,,,,,,1,CGM,2020-01-05 10:03,120
10,"Sun, Jan 5",2020-01-05,CGM,605,10:05,2020-01-05 10:05,147,,,,,,,,,,,1,CGM,2020-01-05 10:08,121
10,"Sun, Jan 5",2020-01-05,CGM,610,10:10,2020-01-05 10:10,142,,,,,,,,,,,1,CGM,2020-01-05 10:13,122
10,"Sun, Jan 5",2020-01-05,CGM,615,10:15,2020-01-05 10:15,137,,,,,,,,,,,1,CGM,2020-01-05 10:18,123
10,"Sun, Jan 5",2020-01-05,CGM,620,10:20,2020-01-05 10:20,136,,,,,,,,,,,1,CGM,2020-01-05 10:23,124
10,"Sun, Jan 5",2020-01-05,CGM,625,10:25,2020-01-05 10:25,128,,,,,,,,,,,1,CGM,2020-01-05 10:28,125
10,"Sun, Jan 5",2020-01-05,CGM,630,10:30,2020-01-05 10:30,113,,,,,,,,,,,1,CGM,2020-01-05 10:33,126
10,"Sun, Jan 5",2020-01-05,CGM,635,10:35,2020-01-05 10:35,111,,,,,,,,,,,1,CGM,2020-01-05 10:38,127
10,"Sun, Jan 5",2020-01-05,CGM,640,10:40,2020-01-05 10:40,114,,,,,,,,,,,1,CGM,2020-01-05 10:43,128
10,"Sun, Jan 5",2020-01-05,CGM,645,10:45,2020-01-05 10:45,109,,,,,,,,,,,1,CGM,2020-01-05 10:48,129
10,"Sun, Jan 5",2020-01-05,CGM,650,10:50,2020-01-05 10:50,102,,,,,,,,,,,1,CGM,2020-01-05 10:53,130
10,"Sun, Jan 5",2020-01-05,CGM,655,10:55,2020-01-05 10:55,98,,,,,,,,,,,1,CGM,2020-01-05 10:58,131
10,"Sun, Jan 5",2020-01-05,CGM,660,11:00,2020-01-05 11:00,100,,,,,,,,,,,1,CGM,2020-01-05 11:03,132
10,"Sun, Jan 5",2020-01-05,CGM,665,11:05,2020-01-05 11:05,102,,,,,,,,,,,1,CGM,2020-01-05 11:08,133
10,"Sun, Jan 5",2020-01-05,CGM,670,11:10,2020-01-05 11:10,85,,,,,,,,,,,1,CGM,2020-01-05 11:13,134
10,"Sun, Jan 5",2020-01-05,CGM,675,11:15,2020-01-05 11:15,80,,,,,,,,,,,1,CGM,2020-01-05 11:18,135
10,"Sun, Jan 5",2020-01-05,CGM,680,11:20,2020-01-05 11:20,80,,,,,,,,,,,1,CGM,2020-01-05 11:23,136
10,"Sun, Jan 5",2020-01-05,CGM,685,11:25,2020-01-05 11:25,79,,,,,,,,,,,1,CGM,2020-01-05 11:28,137
10,"Sun, Jan 5",2020-01-05,CGM,690,11:30,2020-01-05 11:30,78,,,,,,,,,,,1,CGM,2020-01-05 11:33,138
10,"Sun, Jan 5",2020-01-05,CGM,695,11:35,2020-01-05 11:35,78,,,,,,,,,,,1,CGM,2020-01-05 11:38,139
10,"Sun, Jan 5",2020-01-05,CGM,700,11:40,2020-01-05 11:40,78,,,,,,,,,,,1,CGM,2020-01-05 11:43,140
10,"Sun, Jan 5",2020-01-05,CGM,705,11:45,2020-01-05 11:45,78,,,,,,,,,,,1,CGM,2020-01-05 11:48,141
10,"Sun, Jan 5",2020-01-05,CGM,710,11:50,2020-01-05 11:50,76,,,,,,,,,,,1,CGM,2020-01-05 11:53,142
10,"Sun, Jan 5",2020-01-05,CGM,715,11:55,2020-01-05 11:55,77,,,,,,,,,,,1,CGM,2020-01-05 11:58,143
10,"Sun, Jan 5",2020-01-05,CGM,720,12:00,2020-01-05 12:00,79,,,,,,,,,,,1,CGM,2020-01-05 12:03,144
10,"Sun, Jan 5",2020-01-05,CGM,725,12:05,2020-01-05 12:05,72,,,,,,,,,,,1,CGM,2020-01-05 12:08,145
10,"Sun, Jan 5",2020-01-05,CGM,730,12:10,2020-01-05 12:10,76,,,,,,,,,,,1,CGM,2020-01-05 12:13,146
10,"Sun, Jan 5",2020-01-05,CGM,735,12:15,2020-01-05 12:15,83,,,,,,,,,,,1,CGM,2020-01-05 12:18,147
10,"Sun, Jan 5",2020-01-05,CGM,740,12:20,2020-01-05 12:20,87,,,,,,,,,,,1,CGM,2020-01-05 12:23,148
10,"Sun, Jan 5",2020-01-05,CGM,745,12:25,2020-01-05 12:25,96,,,,,,,,,,,1,CGM,2020-01-05 12:28,149
10,"Sun, Jan 5",2020-01-05,CGM,750,12:30,2020-01-05 12:30,120,,,,,,,,,,,1,CGM,2020-01-05 12:33,150
10,"Sun, Jan 5",2020-01-05,CGM,755,12:35,2020-01-05 12:35,137,,,,,,,,,,,1,CGM,2020-01-05 12:38,151
10,"Sun, Jan 5",2020-01-05,CGM,760,12:40,2020-01-05 12:40,175,,,,,,,,,,,1,CGM,2020-01-05 12:43,152
10,"Sun, Jan 5",2020-01-05,CGM,765,12:45,2020-01-05 12:45,201,,,,,,,,,,,1,CGM,2020-01-05 12:48,153
10,"Sun, Jan 5",2020-01-05,CGM,770,12:50,2020-01-05 12:50,215,,,,,,,,,,,1,CGM,2020-01-05 12:53,154
10,"Sun, Jan 5",2020-01-05,CGM,775,12:55,2020-01-05 12:55,213,,,,,,,,,,,1,CGM,2020-01-05 12:58,155
10,"Sun, Jan 5",2020-01-05,CGM,780,13:00,2020-01-05 13:00,240,,,,,,,,,,,1,CGM,2020-01-05 13:03,156
10,"Sun, Jan 5",2020-01-05,CGM,785,13:05,2020-01-05 13:05,273,,,,,,,,,,,1,CGM,2020-01-05 13:08,157
10,"Sun, Jan 5",2020-01-05,CGM,790,13:10,2020-01-05 13:10,314,,,,,,,,,,,1,CGM,2020-01-05 13:13,158
10,"Sun, Jan 5",2020-01-05,CGM,795,13:15,2020-01-05 13:15,323,,,,,,,,,,,1,CGM,2020-01-05 13:18,159
10,"Sun, Jan 5",2020-01-05,CGM,800,13:20,2020-01-05 13:20,331,,,,,,,,,,,1,CGM,2020-01-05 13:23,160
10,"Sun, Jan 5",2020-01-05,CGM,805,13:25,2020-01-05 13:25,338,,,,,,,,,,,1,CGM,2020-01-05 13:28,161
10,"Sun, Jan 5",2020-01-05,CGM,810,13:30,2020-01-05 13:30,310,,,,,,,,,,,1,CGM,2020-01-05 13:33,162
10,"Sun, Jan 5",2020-01-05,CGM,815,13:35,2020-01-05 13:35,307,,,,,,,,,,,1,CGM,2020-01-05 13:38,163
10,"Sun, Jan 5",2020-01-05,CGM,820,13:40,2020-01-05 13:40,328,,,,,,,,,,,1,CGM,2020-01-05 13:43,164
10,"Sun, Jan 5",2020-01-05,CGM,825,13:45,2020-01-05 13:45,341,,,,,,,,,,,1,CGM,2020-01-05 13:48,165
10,"Sun, Jan 5",2020-01-05,CGM,830,13:50,2020-01-05 13:50,349,,,,,,,,,,,1,CGM,2020-01-05 13:53,166
10,"Sun, Jan 5",2020-01-05,CGM,835,13:55,2020-01-05 13:55,354,,,,,,,,,,,1,CGM,2020-01-05 13:58,167
10,"Sun, Jan 5",2020-01-05,CGM,840,14:00,2020-01-05 14:00,358,,,,,,,,,,,1,CGM,2020-01-05 14:03,168
10,"Sun, Jan 5",2020-01-05,CGM,845,14:05,2020-01-05 14:05,355,,,,,,,,,,,1,CGM,2020-01-05 14:08,169
10,"Sun, Jan 5",2020-01-05,CGM,850,14:10,2020-01-05 14:10,349,,,,,,,,,,,1,CGM,2020-01-05 14:13,170
10,"Sun, Jan 5",2020-01-05,CGM,855,14:15,2020-01-05 14:15,341,,,,,,,,,,,1,CGM,2020-01-05 14:18,171
10,"Sun, Jan 5",2020-01-05,CGM,860,14:20,2020-01-05 14:20,335,,,,,,,,,,,1,CGM,2020-01-05 14:23,172
10,"Sun, Jan 5",2020-01-05,CGM,865,14:25,2020-01-05 14:25,331,,,,,,,,,,,1,CGM,2020-01-05 14:28,173
10,"Sun, Jan 5",2020-01-05,CGM,870,14:30,2020-01-05 14:30,332,,,,,,,,,,,1,CGM,2020-01-05 14:33,174
10,"Sun, Jan 5",2020-01-05,CGM,875,14:35,2020-01-05 14:35,318,,,,,,,,,,,1,CGM,2020-01-05 14:38,175
10,"Sun, Jan 5",2020-01-05,CGM,880,14:40,2020-01-05 14:40,304,,,,,,,,,,,1,CGM,2020-01-05 14:43,176
10,"Sun, Jan 5",2020-01-05,CGM,885,14:45,2020-01-05 14:45,286,,,,,,,,,,,1,CGM,2020-01-05 14:48,177
10,"Sun, Jan 5",2020-01-05,CGM,890,14:50,2020-01-05 14:50,275,,,,,,,,,,,1,CGM,2020-01-05 14:53,178
10,"Sun, Jan 5",2020-01-05,CGM,895,14:55,2020-01-05 14:55,264,,,,,,,,,,,1,CGM,2020-01-05 14:58,179
10,"Sun, Jan 5",2020-01-05,CGM,900,15:00,2020-01-05 15:00,250,,,,,,,,,,,1,CGM,2020-01-05 15:03,180
10,"Sun, Jan 5",2020-01-05,CGM,905,15:05,2020-01-05 15:05,237,,,,,,,,,,,1,CGM,2020-01-05 15:08,181
10,"Sun, Jan 5",2020-01-05,CGM,910,15:10,2020-01-05 15:10,233,,,,,,,,,,,1,CGM,2020-01-05 15:13,182
10,"Sun, Jan 5",2020-01-05,CGM,915,15:15,2020-01-05 15:15,214,,,,,,,,,,,1,CGM,2020-01-05 15:18,183
10,"Sun, Jan 5",2020-01-05,CGM,920,15:20,2020-01-05 15:20,212,,,,,,,,,,,1,CGM,2020-01-05 15:23,184
10,"Sun, Jan 5",2020-01-05,CGM,925,15:25,2020-01-05 15:25,208,,,,,,,,,,,1,CGM,2020-01-05 15:28,185
10,"Sun, Jan 5",2020-01-05,CGM,930,15:30,2020-01-05 15:30,203,,,,,,,,,,,1,CGM,2020-01-05 15:33,186
10,"Sun, Jan 5",2020-01-05,CGM,935,15:35,2020-01-05 15:35,185,,,,,,,,,,,1,CGM,2020-01-05 15:38,187
10,"Sun, Jan 5",2020-01-05,CGM,940,15:40,2020-01-05 15:40,183,,,,,,,,,,,1,CGM,2020-01-05 15:43,188
10,"Sun, Jan 5",2020-01-05,CGM,945,15:45,2020-01-05 15:45,181,,,,,,,,,,,1,CGM,2020-01-05 15:48,189
10,"Sun, Jan 5",2020-01-05,CGM,950,15:50,2020-01-05 15:50,174,,,,,,,,,,,1,CGM,2020-01-05 15:53,190
10,"Sun, Jan 5",2020-01-05,CGM,955,15:55,2020-01-05 15:55,169,,,,,,,,,,,1,CGM,2020-01-05 15:58,191
10,"Sun, Jan 5",2020-01-05,CGM,960,16:00,2020-01-05 16:00,169,,,,,,,,,,,1,CGM,2020-01-05 16:03,192
10,"Sun, Jan 5",2020-01-05,CGM,965,16:05,2020-01-05 16:05,169,,,,,,,,,,,1,CGM,2020-01-05 16:08,193
10,"Sun, Jan 5",2020-01-05,CGM,970,16:10,2020-01-05 16:10,173,,,,,,,,,,,1,CGM,2020-01-05 16:13,194
10,"Sun, Jan 5",2020-01-05,CGM,975,16:15,2020-01-05 16:15,175,,,,,,,,,,,1,CGM,2020-01-05 16:18,195
10,"Sun, Jan 5",2020-01-05,CGM,980,16:20,2020-01-05 16:20,169,,,,,,,,,,,1,CGM,2020-01-05 16:23,196
10,"Sun, Jan 5",2020-01-05,CGM,985,16:25,2020-01-05 16:25,171,,,,,,,,,,,1,CGM,2020-01-05 16:28,197
10,"Sun, Jan 5",2020-01-05,CGM,990,16:30,2020-01-05 16:30,166,,,,,,,,,,,1,CGM,2020-01-05 16:33,198
10,"Sun, Jan 5",2020-01-05,CGM,995,16:35,2020-01-05 16:35,161,,,,,,,,,,,1,CGM,2020-01-05 16:38,199
10,"Sun, Jan 5",2020-01-05,CGM,1000,16:40,2020-01-05 16:40,159,,,,,,,,,,,1,CGM,2020-01-05 16:43,200
10,"Sun, Jan 5",2020-01-05,CGM,1005,16:45,2020-01-05 16:45,159,,,,,,,,,,,1,CGM,2020-01-05 16:48,201
10,"Sun, Jan 5",2020-01-05,CGM,1010,16:50,2020-01-05 16:50,157,,,,,,,,,,,1,CGM,2020-01-05 16:53,202
10,"Sun, Jan 5",2020-01-05,CGM,1015,16:55,2020-01-05 16:55,157,,,,,,,,,,,1,CGM,2020-01-05 16:58,203
10,"Sun, Jan 5",2020-01-05,CGM,1020,17:00,2020-01-05 17:00,156,,,,,,,,,,,1,CGM,2020-01-05 17:03,204
10,"Sun, Jan 5",2020-01-05,CGM,1025,17:05,2020-01-05 17:05,151,,,,,,,,,,,1,CGM,2020-01-05 17:08,205
10,"Sun, Jan 5",2020-01-05,CGM,1030,17:10,2020-01-05 17:10,147,,,,,,,,,,,1,CGM,2020-01-05 17:13,206
10,"Sun, Jan 5",2020-01-05,CGM,1035,17:15,2020-01-05 17:15,146,,,,,,,,,,,1,CGM,2020-01-05 17:18,207
10,"Sun, Jan 5",2020-01-05,CGM,1040,17:20,2020-01-05 17:20,144,,,,,,,,,,,1,CGM,2020-01-05 17:23,208
10,"Sun, Jan 5",2020-01-05,CGM,1045,17:25,2020-01-05 17:25,140,,,,,,,,,,,1,CGM,2020-01-05 17:28,209
10,"Sun, Jan 5",2020-01-05,CGM,1050,17:30,2020-01-05 17:30,140,,,,,,,,,,,1,CGM,2020-01-05 17:33,210
10,"Sun, Jan 5",2020-01-05,CGM,1055,17:35,2020-01-05 17:35,141,,,,,,,,,,,1,CGM,2020-01-05 17:38,211
10,"Sun, Jan 5",2020-01-05,CGM,1060,17:40,2020-01-05 17:40,138,,,,,,,,,,,1,CGM,2020-01-05 17:43,212
10,"Sun, Jan 5",2020-01-05,CGM,1065,17:45,2020-01-05 17:45,138,,,,,,,,,,,1,CGM,2020-01-05 17:48,213
10,"Sun, Jan 5",2020-01-05,CGM,1070,17:50,2020-01-05 17:50,137,,,,,,,,,,,1,CGM,2020-01-05 17:53,214
10,"Sun, Jan 5",2020-01-05,CGM,1075,17:55,2020-01-05 17:55,132,,,,,,,,,,,1,CGM,2020-01-05 17:58,215
10,"Sun, Jan 5",2020-01-05,CGM,1080,18:00,2020-01-05 18:00,126,,,,,,,,,,,1,CGM,2020-01-05 18:03,216
10,"Sun, Jan 5",2020-01-05,CGM,1085,18:05,2020-01-05 18:05,121,,,,,,,,,,,1,CGM,2020-01-05 18:08,217
10,"Sun, Jan 5",2020-01-05,CGM,1090,18:10,2020-01-05 18:10,124,,,,,,,,,,,1,CGM,2020-01-05 18:13,218
10,"Sun, Jan 5",2020-01-05,CGM,1095,18:15,2020-01-05 18:15,126,,,,,,,,,,,1,CGM,2020-01-05 18:18,219
10,"Sun, Jan 5",2020-01-05,CGM,1100,18:20,2020-01-05 18:20,119,,,,,,,,,,,1,CGM,2020-01-05 18:23,220
10,"Sun, Jan 5",2020-01-05,CGM,1105,18:25,2020-01-05 18:25,120,,,,,,,,,,,1,CGM,2020-01-05 18:28,221
10,"Sun, Jan 5",2020-01-05,CGM,1110,18:30,2020-01-05 18:30,131,,,,,,,,,,,1,CGM,2020-01-05 18:33,222
10,"Sun, Jan 5",2020-01-05,CGM,1115,18:35,2020-01-05 18:35,137,,,,,,,,,,,1,CGM,2020-01-05 18:38,223
10,"Sun, Jan 5",2020-01-05,CGM,1120,18:40,2020-01-05 18:40,142,,,,,,,,,,,1,CGM,2020-01-05 18:43,224
10,"Sun, Jan 5",2020-01-05,CGM,1125,18:45,2020-01-05 18:45,148,,,,,,,,,,,1,CGM,2020-01-05 18:48,225
10,"Sun, Jan 5",2020-01-05,CGM,1130,18:50,2020-01-05 18:50,152,,,,,,,,,,,1,CGM,2020-01-05 18:53,226
10,"Sun, Jan 5",2020-01-05,CGM,1135,18:55,2020-01-05 18:55,159,,,,,,,,,,,1,CGM,2020-01-05 18:58,227
10,"Sun, Jan 5",2020-01-05,CGM,1140,19:00,2020-01-05 19:00,169,,,,,,,,,,,1,CGM,2020-01-05 19:03,228
10,"Sun, Jan 5",2020-01-05,CGM,1145,19:05,2020-01-05 19:05,175,,,,,,,,,,,1,CGM,2020-01-05 19:08,229
10,"Sun, Jan 5",2020-01-05,CGM,1150,19:10,2020-01-05 19:10,185,,,,,,,,,,,1,CGM,2020-01-05 19:13,230
10,"Sun, Jan 5",2020-01-05,CGM,1155,19:15,2020-01-05 19:15,191,,,,,,,,,,,1,CGM,2020-01-05 19:18,231
10,"Sun, Jan 5",2020-01-05,CGM,1160,19:20,2020-01-05 19:20,203,,,,,,,,,,,1,CGM,2020-01-05 19:23,232
10,"Sun, Jan 5",2020-01-05,CGM,1165,19:25,2020-01-05 19:25,219,,,,,,,,,,,1,CGM,2020-01-05 19:28,233
10,"Sun, Jan 5",2020-01-05,CGM,1170,19:30,2020-01-05 19:30,236,,,,,,,,,,,1,CGM,2020-01-05 19:33,234
10,"Sun, Jan 5",2020-01-05,CGM,1175,19:35,2020-01-05 19:35,239,,,,,,,,,,,1,CGM,2020-01-05 19:38,235
10,"Sun, Jan 5",2020-01-05,CGM,1180,19:40,2020-01-05 19:40,249,,,,,,,,,,,1,CGM,2020-01-05 19:43,236
10,"Sun, Jan 5",2020-01-05,CGM,1185,19:45,2020-01-05 19:45,262,,,,,,,,,,,1,CGM,2020-01-05 19:48,237
10,"Sun, Jan 5",2020-01-05,CGM,1190,19:50,2020-01-05 19:50,259,,,,,,,,,,,1,CGM,2020-01-05 19:53,238
10,"Sun, Jan 5",2020-01-05,CGM,1195,19:55,2020-01-05 19:55,260,,,,,,,,,,,1,CGM,2020-01-05 19:58,239
10,"Sun, Jan 5",2020-01-05,CGM,1200,20:00,2020-01-05 20:00,255,,,,,,,,,,,1,CGM,2020-01-05 20:03,240
10,"Sun, Jan 5",2020-01-05,CGM,1205,20:05,2020-01-05 20:05,245,,,,,,,,,,,1,CGM,2020-01-05 20:08,241
10,"Sun, Jan 5",2020-01-05,CGM,1210,20:10,2020-01-05 20:10,232,,,,,,,,,,,1,CGM,2020-01-05 20:13,242
10,"Sun, Jan 5",2020-01-05,CGM,1215,20:15,2020-01-05 20:15,234,,,,,,,,,,,1,CGM,2020-01-05 20:18,243
10,"Sun, Jan 5",2020-01-05,CGM,1220,20:20,2020-01-05 20:20,231,,,,,,,,,,,1,CGM,2020-01-05 20:23,244
10,"Sun, Jan 5",2020-01-05,CGM,1225,20:25,2020-01-05 20:25,230,,,,,,,,,,,1,CGM,2020-01-05 20:28,245
10,"Sun, Jan 5",2020-01-05,CGM,1230,20:30,2020-01-05 20:30,204,,,,,,,,,,,1,CGM,2020-01-05 20:33,246
10,"Sun, Jan 5",2020-01-05,CGM,1235,20:35,2020-01-05 20:35,191,,,,,,,,,,,1,CGM,2020-01-05 20:38,247
10,"Sun, Jan 5",2020-01-05,CGM,1240,20:40,2020-01-05 20:40,176,,,,,,,,,,,1,CGM,2020-01-05 20:43,248
10,"Sun, Jan 5",2020-01-05,CGM,1245,20:45,2020-01-05 20:45,145,,,,,,,,,,,1,CGM,2020-01-05 20:48,249
10,"Sun, Jan 5",2020-01-05,CGM,1250,20:50,2020-01-05 20:50,136,,,,,,,,,,,1,CGM,2020-01-05 20:53,250
10,"Sun, Jan 5",2020-01-05,CGM,1255,20:55,2020-01-05 20:55,134,,,,,,,,,,,1,CGM,2020-01-05 20:58,251
10,"Sun, Jan 5",2020-01-05,CGM,1260,21:00,2020-01-05 21:00,110,,,,,,,,,,,1,CGM,2020-01-05 21:03,252
10,"Sun, Jan 5",2020-01-05,CGM,1265,21:05,2020-01-05 21:05,98,,,,,,,,,,,1,CGM,2020-01-05 21:08,253
10,"Sun, Jan 5",2020-01-05,CGM,1270,21:10,2020-01-05 21:10,91,,,,,,,,,,,1,CGM,2020-01-05 21:13,254
10,"Sun, Jan 5",2020-01-05,CGM,1275,21:15,2020-01-05 21:15,80,,,,,,,,,,,1,CGM,2020-01-05 21:18,255
10,"Sun, Jan 5",2020-01-05,CGM,1280,21:20,2020-01-05 21:20,72,,,,,,,,,,,1,CGM,2020-01-05 21:23,256
10,"Sun, Jan 5",2020-01-05,CGM,1285,21:25,2020-01-05 21:25,59,,,,,,,,,,,1,CGM,2020-01-05 21:28,257
10,"Sun, Jan 5",2020-01-05,CGM,1290,21:30,2020-01-05 21:30,54,,,,,,,,,,,1,CGM,2020-01-05 21:33,258
10,"Sun, Jan 5",2020-01-05,CGM,1295,21:35,2020-01-05 21:35,51,,,,,,,,,,,1,CGM,2020-01-05 21:38,259
10,"Sun, Jan 5",2020-01-05,CGM,1300,21:40,2020-01-05 21:40,53,,,,,,,,,,,1,CGM,2020-01-05 21:43,260
10,"Sun, Jan 5",2020-01-05,CGM,1305,21:45,2020-01-05 21:45,73,,,,,,,,,,,1,CGM,2020-01-05 21:48,261
10,"Sun, Jan 5",2020-01-05,CGM,1310,21:50,2020-01-05 21:50,93,,,,,,,,,,,1,CGM,2020-01-05 21:53,262
10,"Sun, Jan 5",2020-01-05,CGM,1315,21:55,2020-01-05 21:55,102,,,,,,,,,,,1,CGM,2020-01-05 21:58,263
10,"Sun, Jan 5",2020-01-05,CGM,1320,22:00,2020-01-05 22:00,108,,,,,,,,,,,1,CGM,2020-01-05 22:03,264
10,"Sun, Jan 5",2020-01-05,CGM,1325,22:05,2020-01-05 22:05,127,,,,,,,,,,,1,CGM,2020-01-05 22:08,265
10,"Sun, Jan 5",2020-01-05,CGM,1330,22:10,2020-01-05 22:10,128,,,,,,,,,,,1,CGM,2020-01-05 22:13,266
10,"Sun, Jan 5",2020-01-05,CGM,1335,22:15,2020-01-05 22:15,117,,,,,,,,,,,1,CGM,2020-01-05 22:18,267
10,"Sun, Jan 5",2020-01-05,CGM,1340,22:20,2020-01-05 22:20,109,,,,,,,,,,,1,CGM,2020-01-05 22:23,268
10,"Sun, Jan 5",2020-01-05,CGM,1345,22:25,2020-01-05 22:25,114,,,,,,,,,,,1,CGM,2020-01-05 22:28,269
10,"Sun, Jan 5",2020-01-05,CGM,1350,22:30,2020-01-05 22:30,112,,,,,,,,,,,1,CGM,2020-01-05 22:33,270
10,"Sun, Jan 5",2020-01-05,CGM,1355,22:35,2020-01-05 22:35,111,,,,,,,,,,,1,CGM,2020-01-05 22:38,271
10,"Sun, Jan 5",2020-01-05,CGM,1360,22:40,2020-01-05 22:40,107,,,,,,,,,,,1,CGM,2020-01-05 22:43,272
10,"Sun, Jan 5",2020-01-05,CGM,1365,22:45,2020-01-05 22:45,110,,,,,,,,,,,1,CGM,2020-01-05 22:48,273
10,"Sun, Jan 5",2020-01-05,CGM,1370,22:50,2020-01-05 22:50,122,,,,,,,,,,,1,CGM,2020-01-05 22:53,274
10,"Sun, Jan 5",2020-01-05,CGM,1375,22:55,2020-01-05 22:55,121,,,,,,,,,,,1,CGM,2020-01-05 22:58,275
10,"Sun, Jan 5",2020-01-05,CGM,1380,23:00,2020-01-05 23:00,115,,,,,,,,,,,1,CGM,2020-01-05 23:03,276
10,"Sun, Jan 5",2020-01-05,CGM,1385,23:05,2020-01-05 23:05,129,,,,,,,,,,,1,CGM,2020-01-05 23:08,277
10,"Sun, Jan 5",2020-01-05,CGM,1390,23:10,2020-01-05 23:10,147,,,,,,,,,,,1,CGM,2020-01-05 23:13,278
10,"Sun, Jan 5",2020-01-05,CGM,1395,23:15,2020-01-05 23:15,161,,,,,,,,,,,1,CGM,2020-01-05 23:18,279
10,"Sun, Jan 5",2020-01-05,CGM,1400,23:20,2020-01-05 23:20,174,,,,,,,,,,,1,CGM,2020-01-05 23:23,280
10,"Sun, Jan 5",2020-01-05,CGM,1405,23:25,2020-01-05 23:25,196,,,,,,,,,,,1,CGM,2020-01-05 23:28,281
10,"Sun, Jan 5",2020-01-05,CGM,1410,23:30,2020-01-05 23:30,199,,,,,,,,,,,1,CGM,2020-01-05 23:33,282
10,"Sun, Jan 5",2020-01-05,CGM,1415,23:35,2020-01-05 23:35,210,,,,,,,,,,,1,CGM,2020-01-05 23:38,283
10,"Sun, Jan 5",2020-01-05,CGM,1420,23:40,2020-01-05 23:40,233,,,,,,,,,,,1,CGM,2020-01-05 23:43,284
10,"Sun, Jan 5",2020-01-05,CGM,1425,23:45,2020-01-05 23:45,232,,,,,,,,,,,1,CGM,2020-01-05 23:48,285
10,"Sun, Jan 5",2020-01-05,CGM,1430,23:50,2020-01-05 23:50,228,,,,,,,,,,,1,CGM,2020-01-05 23:53,286
10,"Sun, Jan 5",2020-01-05,CGM,1435,23:55,2020-01-05 23:55,221,,,,,,,,,,,1,CGM,2020-01-05 23:58,287
10,"Sun, Jan 5",2020-01-05,Insulin,0,00:00,2020-01-05 00:00,0.048,,,,,,,,,,,2,Insulin,2020-01-05 00:03,0
10,"Sun, Jan 5",2020-01-05,Insulin,5,00:05,2020-01-05 00:05,0,,,,,,,,,,,2,Insulin,2020-01-05 00:08,1
10,"Sun, Jan 5",2020-01-05,Insulin,10,00:10,2020-01-05 00:10,0,,,,,,,,,,,2,Insulin,2020-01-05 00:13,2
10,"Sun, Jan 5",2020-01-05,Insulin,15,00:15,2020-01-05 00:15,0,,,,,,,,,,,2,Insulin,2020-01-05 00:18,3
10,"Sun, Jan 5",2020-01-05,Insulin,20,00:20,2020-01-05 00:20,0.043,,,,,,,,,,,2,Insulin,2020-01-05 00:23,4
10,"Sun, Jan 5",2020-01-05,Insulin,25,00:25,2020-01-05 00:25,0,,,,,,,,,,,2,Insulin,2020-01-05 00:28,5
10,"Sun, Jan 5",2020-01-05,Insulin,30,00:30,2020-01-05 00:30,0.051,,,,,,,,,,,2,Insulin,2020-01-05 00:33,6
10,"Sun, Jan 5",2020-01-05,Insulin,35,00:35,2020-01-05 00:35,0,,,,,,,,,,,2,Insulin,2020-01-05 00:38,7
10,"Sun, Jan 5",2020-01-05,Insulin,40,00:40,2020-01-05 00:40,0.051,,,,,,,,,,,2,Insulin,2020-01-05 00:43,8
10,"Sun, Jan 5",2020-01-05,Insulin,45,00:45,2020-01-05 00:45,0,,,,,,,,,,,2,Insulin,2020-01-05 00:48,9
10,"Sun, Jan 5",2020-01-05,Insulin,50,00:50,2020-01-05 00:50,0.043,,,,,,,,,,,2,Insulin,2020-01-05 00:53,10
10,"Sun, Jan 5",2020-01-05,Insulin,55,00:55,2020-01-05 00:55,0,,,,,,,,,,,2,Insulin,2020-01-05 00:58,11
10,"Sun, Jan 5",2020-01-05,Insulin,60,01:00,2020-01-05 01:00,0.056,,,,,,,,,,,2,Insulin,2020-01-05 01:03,12
10,"Sun, Jan 5",2020-01-05,Insulin,65,01:05,2020-01-05 01:05,0.046,,,,,,,,,,,2,Insulin,2020-01-05 01:08,13
10,"Sun, Jan 5",2020-01-05,Insulin,70,01:10,2020-01-05 01:10,0,,,,,,,,,,,2,Insulin,2020-01-05 01:13,14
10,"Sun, Jan 5",2020-01-05,Insulin,75,01:15,2020-01-05 01:15,0.051,,,,,,,,,,,2,Insulin,2020-01-05 01:18,15
10,"Sun, Jan 5",2020-01-05,Insulin,80,01:20,2020-01-05 01:20,0.043,,,,,,,,,,,2,Insulin,2020-01-05 01:23,16
10,"Sun, Jan 5",2020-01-05,Insulin,85,01:25,2020-01-05 01:25,0.051,,,,,,,,,,,2,Insulin,2020-01-05 01:28,17
10,"Sun, Jan 5",2020-01-05,Insulin,90,01:30,2020-01-05 01:30,0,,,,,,,,,,,2,Insulin,2020-01-05 01:33,18
10,"Sun, Jan 5",2020-01-05,Insulin,95,01:35,2020-01-05 01:35,0.046,,,,,,,,,,,2,Insulin,2020-01-05 01:38,19
10,"Sun, Jan 5",2020-01-05,Insulin,100,01:40,2020-01-05 01:40,0.043,,,,,,,,,,,2,Insulin,2020-01-05 01:43,20
10,"Sun, Jan 5",2020-01-05,Insulin,105,01:45,2020-01-05 01:45,0,,,,,,,,,,,2,Insulin,2020-01-05 01:48,21
10,"Sun, Jan 5",2020-01-05,Insulin,110,01:50,2020-01-05 01:50,0.051,,,,,,,,,,,2,Insulin,2020-01-05 01:53,22
10,"Sun, Jan 5",2020-01-05,Insulin,115,01:55,2020-01-05 01:55,0.043,,,,,,,,,,,2,Insulin,2020-01-05 01:58,23
10,"Sun, Jan 5",2020-01-05,Insulin,120,02:00,2020-01-05 02:00,0,,,,,,,,,,,2,Insulin,2020-01-05 02:03,24
10,"Sun, Jan 5",2020-01-05,Insulin,125,02:05,2020-01-05 02:05,0,,,,,,,,,,,2,Insulin,2020-01-05 02:08,25
10,"Sun, Jan 5",2020-01-05,Insulin,130,02:10,2020-01-05 02:10,0.046,,,,,,,,,,,2,Insulin,2020-01-05 02:13,26
10,"Sun, Jan 5",2020-01-05,Insulin,135,02:15,2020-01-05 02:15,0,,,,,,,,,,,2,Insulin,2020-01-05 02:18,27
10,"Sun, Jan 5",2020-01-05,Insulin,140,02:20,2020-01-05 02:20,0.046,,,,,,,,,,,2,Insulin,2020-01-05 02:23,28
10,"Sun, Jan 5",2020-01-05,Insulin,145,02:25,2020-01-05 02:25,0.104,,,,,,,,,,,2,Insulin,2020-01-05 02:28,29
10,"Sun, Jan 5",2020-01-05,Insulin,150,02:30,2020-01-05 02:30,0.585,,,,,,,,,,,2,Insulin,2020-01-05 02:33,30
10,"Sun, Jan 5",2020-01-05,Insulin,155,02:35,2020-01-05 02:35,0.628,,,,,,,,,,,2,Insulin,2020-01-05 02:38,31
10,"Sun, Jan 5",2020-01-05,Insulin,160,02:40,2020-01-05 02:40,0.628,,,,,,,,,,,2,Insulin,2020-01-05 02:43,32
10,"Sun, Jan 5",2020-01-05,Insulin,165,02:45,2020-01-05 02:45,0.643,,,,,,,,,,,2,Insulin,2020-01-05 02:48,33
10,"Sun, Jan 5",2020-01-05,Insulin,170,02:50,2020-01-05 02:50,0.305,,,,,,,,,,,2,Insulin,2020-01-05 02:53,34
10,"Sun, Jan 5",2020-01-05,Insulin,175,02:55,2020-01-05 02:55,0.224,,,,,,,,,,,2,Insulin,2020-01-05 02:58,35
10,"Sun, Jan 5",2020-01-05,Insulin,180,03:00,2020-01-05 03:00,0.272,,,,,,,,,,,2,Insulin,2020-01-05 03:03,36
10,"Sun, Jan 5",2020-01-05,Insulin,185,03:05,2020-01-05 03:05,0.12,,,,,,,,,,,2,Insulin,2020-01-05 03:08,37
10,"Sun, Jan 5",2020-01-05,Insulin,190,03:10,2020-01-05 03:10,0.138,,,,,,,,,,,2,Insulin,2020-01-05 03:13,38
10,"Sun, Jan 5",2020-01-05,Insulin,195,03:15,2020-01-05 03:15,0.15,,,,,,,,,,,2,Insulin,2020-01-05 03:18,39
10,"Sun, Jan 5",2020-01-05,Insulin,200,03:20,2020-01-05 03:20,0.102,,,,,,,,,,,2,Insulin,2020-01-05 03:23,40
10,"Sun, Jan 5",2020-01-05,Insulin,205,03:25,2020-01-05 03:25,0.137,,,,,,,,,,,2,Insulin,2020-01-05 03:28,41
10,"Sun, Jan 5",2020-01-05,Insulin,210,03:30,2020-01-05 03:30,0.503,,,,,,,,,,,2,Insulin,2020-01-05 03:33,42
10,"Sun, Jan 5",2020-01-05,Insulin,215,03:35,2020-01-05 03:35,0.224,,,,,,,,,,,2,Insulin,2020-01-05 03:38,43
10,"Sun, Jan 5",2020-01-05,Insulin,220,03:40,2020-01-05 03:40,0.177,,,,,,,,,,,2,Insulin,2020-01-05 03:43,44
10,"Sun, Jan 5",2020-01-05,Insulin,225,03:45,2020-01-05 03:45,0.044,,,,,,,,,,,2,Insulin,2020-01-05 03:48,45
10,"Sun, Jan 5",2020-01-05,Insulin,230,03:50,2020-01-05 03:50,0,,,,,,,,,,,2,Insulin,2020-01-05 03:53,46
10,"Sun, Jan 5",2020-01-05,Insulin,235,03:55,2020-01-05 03:55,0.048,,,,,,,,,,,2,Insulin,2020-01-05 03:58,47
10,"Sun, Jan 5",2020-01-05,Insulin,240,04:00,2020-01-05 04:00,0.072,,,,,,,,,,,2,Insulin,2020-01-05 04:03,48
10,"Sun, Jan 5",2020-01-05,Insulin,245,04:05,2020-01-05 04:05,0.043,,,,,,,,,,,2,Insulin,2020-01-05 04:08,49
10,"Sun, Jan 5",2020-01-05,Insulin,250,04:10,2020-01-05 04:10,0,,,,,,,,,,,2,Insulin,2020-01-05 04:13,50
10,"Sun, Jan 5",2020-01-05,Insulin,255,04:15,2020-01-05 04:15,0.191,,,,,,,,,,,2,Insulin,2020-01-05 04:18,51
10,"Sun, Jan 5",2020-01-05,Insulin,260,04:20,2020-01-05 04:20,0.043,,,,,,,,,,,2,Insulin,2020-01-05 04:23,52
10,"Sun, Jan 5",2020-01-05,Insulin,265,04:25,2020-01-05 04:25,0.051,,,,,,,,,,,2,Insulin,2020-01-05 04:28,53
10,"Sun, Jan 5",2020-01-05,Insulin,270,04:30,2020-01-05 04:30,0,,,,,,,,,,,2,Insulin,2020-01-05 04:33,54
10,"Sun, Jan 5",2020-01-05,Insulin,275,04:35,2020-01-05 04:35,0.043,,,,,,,,,,,2,Insulin,2020-01-05 04:38,55
10,"Sun, Jan 5",2020-01-05,Insulin,280,04:40,2020-01-05 04:40,0,,,,,,,,,,,2,Insulin,2020-01-05 04:43,56
10,"Sun, Jan 5",2020-01-05,Insulin,285,04:45,2020-01-05 04:45,0,,,,,,,,,,,2,Insulin,2020-01-05 04:48,57
10,"Sun, Jan 5",2020-01-05,Insulin,290,04:50,2020-01-05 04:50,0,,,,,,,,,,,2,Insulin,2020-01-05 04:53,58
10,"Sun, Jan 5",2020-01-05,Insulin,295,04:55,2020-01-05 04:55,0,,,,,,,,,,,2,Insulin,2020-01-05 04:58,59
10,"Sun, Jan 5",2020-01-05,Insulin,300,05:00,2020-01-05 05:00,0.046,,,,,,,,,,,2,Insulin,2020-01-05 05:03,60
10,"Sun, Jan 5",2020-01-05,Insulin,305,05:05,2020-01-05 05:05,0.043,,,,,,,,,,,2,Insulin,2020-01-05 05:08,61
10,"Sun, Jan 5",2020-01-05,Insulin,310,05:10,2020-01-05 05:10,0.069,,,,,,,,,,,2,Insulin,2020-01-05 05:13,62
10,"Sun, Jan 5",2020-01-05,Insulin,315,05:15,2020-01-05 05:15,0.066,,,,,,,,,,,2,Insulin,2020-01-05 05:18,63
10,"Sun, Jan 5",2020-01-05,Insulin,320,05:20,2020-01-05 05:20,0.081,,,,,,,,,,,2,Insulin,2020-01-05 05:23,64
10,"Sun, Jan 5",2020-01-05,Insulin,325,05:25,2020-01-05 05:25,0.081,,,,,,,,,,,2,Insulin,2020-01-05 05:28,65
10,"Sun, Jan 5",2020-01-05,Insulin,330,05:30,2020-01-05 05:30,0.071,,,,,,,,,,,2,Insulin,2020-01-05 05:33,66
10,"Sun, Jan 5",2020-01-05,Insulin,335,05:35,2020-01-05 05:35,0.079,,,,,,,,,,,2,Insulin,2020-01-05 05:38,67
10,"Sun, Jan 5",2020-01-05,Insulin,340,05:40,2020-01-05 05:40,0,,,,,,,,,,,2,Insulin,2020-01-05 05:43,68
10,"Sun, Jan 5",2020-01-05,Insulin,345,05:45,2020-01-05 05:45,0.135,,,,,,,,,,,2,Insulin,2020-01-05 05:48,69
10,"Sun, Jan 5",2020-01-05,Insulin,350,05:50,2020-01-05 05:50,0.216,,,,,,,,,,,2,Insulin,2020-01-05 05:53,70
10,"Sun, Jan 5",2020-01-05,Insulin,355,05:55,2020-01-05 05:55,0.053,,,,,,,,,,,2,Insulin,2020-01-05 05:58,71
10,"Sun, Jan 5",2020-01-05,Insulin,360,06:00,2020-01-05 06:00,0.117,,,,,,,,,,,2,Insulin,2020-01-05 06:03,72
10,"Sun, Jan 5",2020-01-05,Insulin,365,06:05,2020-01-05 06:05,0,,,,,,,,,,,2,Insulin,2020-01-05 06:08,73
10,"Sun, Jan 5",2020-01-05,Insulin,370,06:10,2020-01-05 06:10,0.091,,,,,,,,,,,2,Insulin,2020-01-05 06:13,74
10,"Sun, Jan 5",2020-01-05,Insulin,375,06:15,2020-01-05 06:15,0.267,,,,,,,,,,,2,Insulin,2020-01-05 06:18,75
10,"Sun, Jan 5",2020-01-05,Insulin,380,06:20,2020-01-05 06:20,0.058,,,,,,,,,,,2,Insulin,2020-01-05 06:23,76
10,"Sun, Jan 5",2020-01-05,Insulin,385,06:25,2020-01-05 06:25,0.046,,,,,,,,,,,2,Insulin,2020-01-05 06:28,77
10,"Sun, Jan 5",2020-01-05,Insulin,390,06:30,2020-01-05 06:30,0.043,,,,,,,,,,,2,Insulin,2020-01-05 06:33,78
10,"Sun, Jan 5",2020-01-05,Insulin,395,06:35,2020-01-05 06:35,0.051,,,,,,,,,,,2,Insulin,2020-01-05 06:38,79
10,"Sun, Jan 5",2020-01-05,Insulin,400,06:40,2020-01-05 06:40,0.051,,,,,,,,,,,2,Insulin,2020-01-05 06:43,80
10,"Sun, Jan 5",2020-01-05,Insulin,405,06:45,2020-01-05 06:45,0.046,,,,,,,,,,,2,Insulin,2020-01-05 06:48,81
10,"Sun, Jan 5",2020-01-05,Insulin,410,06:50,2020-01-05 06:50,0.056,,,,,,,,,,,2,Insulin,2020-01-05 06:53,82
10,"Sun, Jan 5",2020-01-05,Insulin,415,06:55,2020-01-05 06:55,0.053,,,,,,,,,,,2,Insulin,2020-01-05 06:58,83
10,"Sun, Jan 5",2020-01-05,Insulin,420,07:00,2020-01-05 07:00,0.046,,,,,,,,,,,2,Insulin,2020-01-05 07:03,84
10,"Sun, Jan 5",2020-01-05,Insulin,425,07:05,2020-01-05 07:05,0.046,,,,,,,,,,,2,Insulin,2020-01-05 07:08,85
10,"Sun, Jan 5",2020-01-05,Insulin,430,07:10,2020-01-05 07:10,0,,,,,,,,,,,2,Insulin,2020-01-05 07:13,86
10,"Sun, Jan 5",2020-01-05,Insulin,435,07:15,2020-01-05 07:15,0.061,,,,,,,,,,,2,Insulin,2020-01-05 07:18,87
10,"Sun, Jan 5",2020-01-05,Insulin,440,07:20,2020-01-05 07:20,0.056,,,,,,,,,,,2,Insulin,2020-01-05 07:23,88
10,"Sun, Jan 5",2020-01-05,Insulin,445,07:25,2020-01-05 07:25,0.044,,,,,,,,,,,2,Insulin,2020-01-05 07:28,89
10,"Sun, Jan 5",2020-01-05,Insulin,450,07:30,2020-01-05 07:30,0.052,,,,,,,,,,,2,Insulin,2020-01-05 07:33,90
10,"Sun, Jan 5",2020-01-05,Insulin,455,07:35,2020-01-05 07:35,0.046,,,,,,,,,,,2,Insulin,2020-01-05 07:38,91
10,"Sun, Jan 5",2020-01-05,Insulin,460,07:40,2020-01-05 07:40,0.046,,,,,,,,,,,2,Insulin,2020-01-05 07:43,92
10,"Sun, Jan 5",2020-01-05,Insulin,465,07:45,2020-01-05 07:45,0.046,,,,,,,,,,,2,Insulin,2020-01-05 07:48,93
10,"Sun, Jan 5",2020-01-05,Insulin,470,07:50,2020-01-05 07:50,0.046,,,,,,,,,,,2,Insulin,2020-01-05 07:53,94
10,"Sun, Jan 5",2020-01-05,Insulin,475,07:55,2020-01-05 07:55,0.043,,,,,,,,,,,2,Insulin,2020-01-05 07:58,95
10,"Sun, Jan 5",2020-01-05,Insulin,480,08:00,2020-01-05 08:00,0.046,,,,,,,,,,,2,Insulin,2020-01-05 08:03,96
10,"Sun, Jan 5",2020-01-05,Insulin,485,08:05,2020-01-05 08:05,0,,,,,,,,,,,2,Insulin,2020-01-05 08:08,97
10,"Sun, Jan 5",2020-01-05,Insulin,490,08:10,2020-01-05 08:10,0.051,,,,,,,,,,,2,Insulin,2020-01-05 08:13,98
10,"Sun, Jan 5",2020-01-05,Insulin,495,08:15,2020-01-05 08:15,0.051,,,,,,,,,,,2,Insulin,2020-01-05 08:18,99
10,"Sun, Jan 5",2020-01-05,Insulin,500,08:20,2020-01-05 08:20,0.056,,,,,,,,,,,2,Insulin,2020-01-05 08:23,100
10,"Sun, Jan 5",2020-01-05,Insulin,505,08:25,2020-01-05 08:25,0.062,,,,,,,,,,,2,Insulin,2020-01-05 08:28,101
10,"Sun, Jan 5",2020-01-05,Insulin,510,08:30,2020-01-05 08:30,0.05,,,,,,,,,,,2,Insulin,2020-01-05 08:33,102
10,"Sun, Jan 5",2020-01-05,Insulin,515,08:35,2020-01-05 08:35,0.048,,,,,,,,,,,2,Insulin,2020-01-05 08:38,103
10,"Sun, Jan 5",2020-01-05,Insulin,520,08:40,2020-01-05 08:40,0.043,,,,,,,,,,,2,Insulin,2020-01-05 08:43,104
10,"Sun, Jan 5",2020-01-05,Insulin,525,08:45,2020-01-05 08:45,0.061,,,,,,,,,,,2,Insulin,2020-01-05 08:48,105
10,"Sun, Jan 5",2020-01-05,Insulin,530,08:50,2020-01-05 08:50,0.206,,,,,,,,,,,2,Insulin,2020-01-05 08:53,106
10,"Sun, Jan 5",2020-01-05,Insulin,535,08:55,2020-01-05 08:55,0.442,,,,,,,,,,,2,Insulin,2020-01-05 08:58,107
10,"Sun, Jan 5",2020-01-05,Insulin,540,09:00,2020-01-05 09:00,0.609,,,,,,,,,,,2,Insulin,2020-01-05 09:03,108
10,"Sun, Jan 5",2020-01-05,Insulin,545,09:05,2020-01-05 09:05,0.474,,,,,,,,,,,2,Insulin,2020-01-05 09:08,109
10,"Sun, Jan 5",2020-01-05,Insulin,550,09:10,2020-01-05 09:10,0.193,,,,,,,,,,,2,Insulin,2020-01-05 09:13,110
10,"Sun, Jan 5",2020-01-05,Insulin,555,09:15,2020-01-05 09:15,0.071,,,,,,,,,,,2,Insulin,2020-01-05 09:18,111
10,"Sun, Jan 5",2020-01-05,Insulin,560,09:20,2020-01-05 09:20,0.081,,,,,,,,,,,2,Insulin,2020-01-05 09:23,112
10,"Sun, Jan 5",2020-01-05,Insulin,565,09:25,2020-01-05 09:25,0.35,,,,,,,,,,,2,Insulin,2020-01-05 09:28,113
10,"Sun, Jan 5",2020-01-05,Insulin,570,09:30,2020-01-05 09:30,0.081,,,,,,,,,,,2,Insulin,2020-01-05 09:33,114
10,"Sun, Jan 5",2020-01-05,Insulin,575,09:35,2020-01-05 09:35,0.046,,,,,,,,,,,2,Insulin,2020-01-05 09:38,115
10,"Sun, Jan 5",2020-01-05,Insulin,580,09:40,2020-01-05 09:40,0.069,,,,,,,,,,,2,Insulin,2020-01-05 09:43,116
10,"Sun, Jan 5",2020-01-05,Insulin,585,09:45,2020-01-05 09:45,0.061,,,,,,,,,,,2,Insulin,2020-01-05 09:48,117
10,"Sun, Jan 5",2020-01-05,Insulin,590,09:50,2020-01-05 09:50,0,,,,,,,,,,,2,Insulin,2020-01-05 09:53,118
10,"Sun, Jan 5",2020-01-05,Insulin,595,09:55,2020-01-05 09:55,0.066,,,,,,,,,,,2,Insulin,2020-01-05 09:58,119
10,"Sun, Jan 5",2020-01-05,Insulin,600,10:00,2020-01-05 10:00,0.043,,,,,,,,,,,2,Insulin,2020-01-05 10:03,120
10,"Sun, Jan 5",2020-01-05,Insulin,605,10:05,2020-01-05 10:05,0.061,,,,,,,,,,,2,Insulin,2020-01-05 10:08,121
10,"Sun, Jan 5",2020-01-05,Insulin,610,10:10,2020-01-05 10:10,0.071,,,,,,,,,,,2,Insulin,2020-01-05 10:13,122
10,"Sun, Jan 5",2020-01-05,Insulin,615,10:15,2020-01-05 10:15,0.043,,,,,,,,,,,2,Insulin,2020-01-05 10:18,123
10,"Sun, Jan 5",2020-01-05,Insulin,620,10:20,2020-01-05 10:20,0.048,,,,,,,,,,,2,Insulin,2020-01-05 10:23,124
10,"Sun, Jan 5",2020-01-05,Insulin,625,10:25,2020-01-05 10:25,0.061,,,,,,,,,,,2,Insulin,2020-01-05 10:28,125
10,"Sun, Jan 5",2020-01-05,Insulin,630,10:30,2020-01-05 10:30,0,,,,,,,,,,,2,Insulin,2020-01-05 10:33,126
10,"Sun, Jan 5",2020-01-05,Insulin,635,10:35,2020-01-05 10:35,0,,,,,,,,,,,2,Insulin,2020-01-05 10:38,127
10,"Sun, Jan 5",2020-01-05,Insulin,640,10:40,2020-01-05 10:40,0.051,,,,,,,,,,,2,Insulin,2020-01-05 10:43,128
10,"Sun, Jan 5",2020-01-05,Insulin,645,10:45,2020-01-05 10:45,0.069,,,,,,,,,,,2,Insulin,2020-01-05 10:48,129
10,"Sun, Jan 5",2020-01-05,Insulin,650,10:50,2020-01-05 10:50,0,,,,,,,,,,,2,Insulin,2020-01-05 10:53,130
10,"Sun, Jan 5",2020-01-05,Insulin,655,10:55,2020-01-05 10:55,0,,,,,,,,,,,2,Insulin,2020-01-05 10:58,131
10,"Sun, Jan 5",2020-01-05,Insulin,660,11:00,2020-01-05 11:00,0,,,,,,,,,,,2,Insulin,2020-01-05 11:03,132
10,"Sun, Jan 5",2020-01-05,Insulin,665,11:05,2020-01-05 11:05,0.058,,,,,,,,,,,2,Insulin,2020-01-05 11:08,133
10,"Sun, Jan 5",2020-01-05,Insulin,670,11:10,2020-01-05 11:10,0.051,,,,,,,,,,,2,Insulin,2020-01-05 11:13,134
10,"Sun, Jan 5",2020-01-05,Insulin,675,11:15,2020-01-05 11:15,0,,,,,,,,,,,2,Insulin,2020-01-05 11:18,135
10,"Sun, Jan 5",2020-01-05,Insulin,680,11:20,2020-01-05 11:20,0,,,,,,,,,,,2,Insulin,2020-01-05 11:23,136
10,"Sun, Jan 5",2020-01-05,Insulin,685,11:25,2020-01-05 11:25,0,,,,,,,,,,,2,Insulin,2020-01-05 11:28,137
10,"Sun, Jan 5",2020-01-05,Insulin,690,11:30,2020-01-05 11:30,0,,,,,,,,,,,2,Insulin,2020-01-05 11:33,138
10,"Sun, Jan 5",2020-01-05,Insulin,695,11:35,2020-01-05 11:35,0,,,,,,,,,,,2,Insulin,2020-01-05 11:38,139
10,"Sun, Jan 5",2020-01-05,Insulin,700,11:40,2020-01-05 11:40,0,,,,,,,,,,,2,Insulin,2020-01-05 11:43,140
10,"Sun, Jan 5",2020-01-05,Insulin,705,11:45,2020-01-05 11:45,0,,,,,,,,,,,2,Insulin,2020-01-05 11:48,141
10,"Sun, Jan 5",2020-01-05,Insulin,710,11:50,2020-01-05 11:50,0,,,,,,,,,,,2,Insulin,2020-01-05 11:53,142
10,"Sun, Jan 5",2020-01-05,Insulin,715,11:55,2020-01-05 11:55,0,,,,,,,,,,,2,Insulin,2020-01-05 11:58,143
10,"Sun, Jan 5",2020-01-05,Insulin,720,12:00,2020-01-05 12:00,0,,,,,,,,,,,2,Insulin,2020-01-05 12:03,144
10,"Sun, Jan 5",2020-01-05,Insulin,725,12:05,2020-01-05 12:05,0,,,,,,,,,,,2,Insulin,2020-01-05 12:08,145
10,"Sun, Jan 5",2020-01-05,Insulin,730,12:10,2020-01-05 12:10,0,,,,,,,,,,,2,Insulin,2020-01-05 12:13,146
10,"Sun, Jan 5",2020-01-05,Insulin,735,12:15,2020-01-05 12:15,0,,,,,,,,,,,2,Insulin,2020-01-05 12:18,147
10,"Sun, Jan 5",2020-01-05,Insulin,740,12:20,2020-01-05 12:20,0.046,,,,,,,,,,,2,Insulin,2020-01-05 12:23,148
10,"Sun, Jan 5",2020-01-05,Insulin,745,12:25,2020-01-05 12:25,0,,,,,,,,,,,2,Insulin,2020-01-05 12:28,149
10,"Sun, Jan 5",2020-01-05,Insulin,750,12:30,2020-01-05 12:30,0.043,,,,,,,,,,,2,Insulin,2020-01-05 12:33,150
10,"Sun, Jan 5",2020-01-05,Insulin,755,12:35,2020-01-05 12:35,0.051,,,,,,,,,,,2,Insulin,2020-01-05 12:38,151
10,"Sun, Jan 5",2020-01-05,Insulin,760,12:40,2020-01-05 12:40,0.106,,,,,,,,,,,2,Insulin,2020-01-05 12:43,152
10,"Sun, Jan 5",2020-01-05,Insulin,765,12:45,2020-01-05 12:45,1.433,,,,,,,,,,,2,Insulin,2020-01-05 12:48,153
10,"Sun, Jan 5",2020-01-05,Insulin,770,12:50,2020-01-05 12:50,1.427,,,,,,,,,,,2,Insulin,2020-01-05 12:53,154
10,"Sun, Jan 5",2020-01-05,Insulin,775,12:55,2020-01-05 12:55,0.555,,,,,,,,,,,2,Insulin,2020-01-05 12:58,155
10,"Sun, Jan 5",2020-01-05,Insulin,780,13:00,2020-01-05 13:00,0.056,,,,,,,,,,,2,Insulin,2020-01-05 13:03,156
10,"Sun, Jan 5",2020-01-05,Insulin,785,13:05,2020-01-05 13:05,0.865,,,,,,,,,,,2,Insulin,2020-01-05 13:08,157
10,"Sun, Jan 5",2020-01-05,Insulin,790,13:10,2020-01-05 13:10,1.183,,,,,,,,,,,2,Insulin,2020-01-05 13:13,158
10,"Sun, Jan 5",2020-01-05,Insulin,795,13:15,2020-01-05 13:15,1.262,,,,,,,,,,,2,Insulin,2020-01-05 13:18,159
10,"Sun, Jan 5",2020-01-05,Insulin,800,13:20,2020-01-05 13:20,0.081,,,,,,,,,,,2,Insulin,2020-01-05 13:23,160
10,"Sun, Jan 5",2020-01-05,Insulin,805,13:25,2020-01-05 13:25,0.084,,,,,,,,,,,2,Insulin,2020-01-05 13:28,161
10,"Sun, Jan 5",2020-01-05,Insulin,810,13:30,2020-01-05 13:30,0.094,,,,,,,,,,,2,Insulin,2020-01-05 13:33,162
10,"Sun, Jan 5",2020-01-05,Insulin,815,13:35,2020-01-05 13:35,0,,,,,,,,,,,2,Insulin,2020-01-05 13:38,163
10,"Sun, Jan 5",2020-01-05,Insulin,820,13:40,2020-01-05 13:40,0.17,,,,,,,,,,,2,Insulin,2020-01-05 13:43,164
10,"Sun, Jan 5",2020-01-05,Insulin,825,13:45,2020-01-05 13:45,0.464,,,,,,,,,,,2,Insulin,2020-01-05 13:48,165
10,"Sun, Jan 5",2020-01-05,Insulin,830,13:50,2020-01-05 13:50,0.5,,,,,,,,,,,2,Insulin,2020-01-05 13:53,166
10,"Sun, Jan 5",2020-01-05,Insulin,835,13:55,2020-01-05 13:55,0.546,,,,,,,,,,,2,Insulin,2020-01-05 13:58,167
10,"Sun, Jan 5",2020-01-05,Insulin,840,14:00,2020-01-05 14:00,0.572,,,,,,,,,,,2,Insulin,2020-01-05 14:03,168
10,"Sun, Jan 5",2020-01-05,Insulin,845,14:05,2020-01-05 14:05,0.635,,,,,,,,,,,2,Insulin,2020-01-05 14:08,169
10,"Sun, Jan 5",2020-01-05,Insulin,850,14:10,2020-01-05 14:10,0.477,,,,,,,,,,,2,Insulin,2020-01-05 14:13,170
10,"Sun, Jan 5",2020-01-05,Insulin,855,14:15,2020-01-05 14:15,0.282,,,,,,,,,,,2,Insulin,2020-01-05 14:18,171
10,"Sun, Jan 5",2020-01-05,Insulin,860,14:20,2020-01-05 14:20,0.116,,,,,,,,,,,2,Insulin,2020-01-05 14:23,172
10,"Sun, Jan 5",2020-01-05,Insulin,865,14:25,2020-01-05 14:25,0.242,,,,,,,,,,,2,Insulin,2020-01-05 14:28,173
10,"Sun, Jan 5",2020-01-05,Insulin,870,14:30,2020-01-05 14:30,0.452,,,,,,,,,,,2,Insulin,2020-01-05 14:33,174
10,"Sun, Jan 5",2020-01-05,Insulin,875,14:35,2020-01-05 14:35,0.896,,,,,,,,,,,2,Insulin,2020-01-05 14:38,175
10,"Sun, Jan 5",2020-01-05,Insulin,880,14:40,2020-01-05 14:40,0,,,,,,,,,,,2,Insulin,2020-01-05 14:43,176
10,"Sun, Jan 5",2020-01-05,Insulin,885,14:45,2020-01-05 14:45,0,,,,,,,,,,,2,Insulin,2020-01-05 14:48,177
10,"Sun, Jan 5",2020-01-05,Insulin,890,14:50,2020-01-05 14:50,0,,,,,,,,,,,2,Insulin,2020-01-05 14:53,178
10,"Sun, Jan 5",2020-01-05,Insulin,895,14:55,2020-01-05 14:55,0,,,,,,,,,,,2,Insulin,2020-01-05 14:58,179
10,"Sun, Jan 5",2020-01-05,Insulin,900,15:00,2020-01-05 15:00,0,,,,,,,,,,,2,Insulin,2020-01-05 15:03,180
10,"Sun, Jan 5",2020-01-05,Insulin,905,15:05,2020-01-05 15:05,0,,,,,,,,,,,2,Insulin,2020-01-05 15:08,181
10,"Sun, Jan 5",2020-01-05,Insulin,910,15:10,2020-01-05 15:10,0,,,,,,,,,,,2,Insulin,2020-01-05 15:13,182
10,"Sun, Jan 5",2020-01-05,Insulin,915,15:15,2020-01-05 15:15,0,,,,,,,,,,,2,Insulin,2020-01-05 15:18,183
10,"Sun, Jan 5",2020-01-05,Insulin,920,15:20,2020-01-05 15:20,0,,,,,,,,,,,2,Insulin,2020-01-05 15:23,184
10,"Sun, Jan 5",2020-01-05,Insulin,925,15:25,2020-01-05 15:25,0,,,,,,,,,,,2,Insulin,2020-01-05 15:28,185
10,"Sun, Jan 5",2020-01-05,Insulin,930,15:30,2020-01-05 15:30,0,,,,,,,,,,,2,Insulin,2020-01-05 15:33,186
10,"Sun, Jan 5",2020-01-05,Insulin,935,15:35,2020-01-05 15:35,0.091,,,,,,,,,,,2,Insulin,2020-01-05 15:38,187
10,"Sun, Jan 5",2020-01-05,Insulin,940,15:40,2020-01-05 15:40,0,,,,,,,,,,,2,Insulin,2020-01-05 15:43,188
10,"Sun, Jan 5",2020-01-05,Insulin,945,15:45,2020-01-05 15:45,0,,,,,,,,,,,2,Insulin,2020-01-05 15:48,189
10,"Sun, Jan 5",2020-01-05,Insulin,950,15:50,2020-01-05 15:50,0,,,,,,,,,,,2,Insulin,2020-01-05 15:53,190
10,"Sun, Jan 5",2020-01-05,Insulin,955,15:55,2020-01-05 15:55,0.061,,,,,,,,,,,2,Insulin,2020-01-05 15:58,191
10,"Sun, Jan 5",2020-01-05,Insulin,960,16:00,2020-01-05 16:00,0.097,,,,,,,,,,,2,Insulin,2020-01-05 16:03,192
10,"Sun, Jan 5",2020-01-05,Insulin,965,16:05,2020-01-05 16:05,0.188,,,,,,,,,,,2,Insulin,2020-01-05 16:08,193
10,"Sun, Jan 5",2020-01-05,Insulin,970,16:10,2020-01-05 16:10,0.185,,,,,,,,,,,2,Insulin,2020-01-05 16:13,194
10,"Sun, Jan 5",2020-01-05,Insulin,975,16:15,2020-01-05 16:15,0.233,,,,,,,,,,,2,Insulin,2020-01-05 16:18,195
10,"Sun, Jan 5",2020-01-05,Insulin,980,16:20,2020-01-05 16:20,0.193,,,,,,,,,,,2,Insulin,2020-01-05 16:23,196
10,"Sun, Jan 5",2020-01-05,Insulin,985,16:25,2020-01-05 16:25,0.076,,,,,,,,,,,2,Insulin,2020-01-05 16:28,197
10,"Sun, Jan 5",2020-01-05,Insulin,990,16:30,2020-01-05 16:30,0.168,,,,,,,,,,,2,Insulin,2020-01-05 16:33,198
10,"Sun, Jan 5",2020-01-05,Insulin,995,16:35,2020-01-05 16:35,0.086,,,,,,,,,,,2,Insulin,2020-01-05 16:38,199
10,"Sun, Jan 5",2020-01-05,Insulin,1000,16:40,2020-01-05 16:40,0.084,,,,,,,,,,,2,Insulin,2020-01-05 16:43,200
10,"Sun, Jan 5",2020-01-05,Insulin,1005,16:45,2020-01-05 16:45,0.127,,,,,,,,,,,2,Insulin,2020-01-05 16:48,201
10,"Sun, Jan 5",2020-01-05,Insulin,1010,16:50,2020-01-05 16:50,0.147,,,,,,,,,,,2,Insulin,2020-01-05 16:53,202
10,"Sun, Jan 5",2020-01-05,Insulin,1015,16:55,2020-01-05 16:55,0.122,,,,,,,,,,,2,Insulin,2020-01-05 16:58,203
10,"Sun, Jan 5",2020-01-05,Insulin,1020,17:00,2020-01-05 17:00,0.147,,,,,,,,,,,2,Insulin,2020-01-05 17:03,204
10,"Sun, Jan 5",2020-01-05,Insulin,1025,17:05,2020-01-05 17:05,0.13,,,,,,,,,,,2,Insulin,2020-01-05 17:08,205
10,"Sun, Jan 5",2020-01-05,Insulin,1030,17:10,2020-01-05 17:10,0.061,,,,,,,,,,,2,Insulin,2020-01-05 17:13,206
10,"Sun, Jan 5",2020-01-05,Insulin,1035,17:15,2020-01-05 17:15,0.076,,,,,,,,,,,2,Insulin,2020-01-05 17:18,207
10,"Sun, Jan 5",2020-01-05,Insulin,1040,17:20,2020-01-05 17:20,0.112,,,,,,,,,,,2,Insulin,2020-01-05 17:23,208
10,"Sun, Jan 5",2020-01-05,Insulin,1045,17:25,2020-01-05 17:25,0.097,,,,,,,,,,,2,Insulin,2020-01-05 17:28,209
10,"Sun, Jan 5",2020-01-05,Insulin,1050,17:30,2020-01-05 17:30,0.076,,,,,,,,,,,2,Insulin,2020-01-05 17:33,210
10,"Sun, Jan 5",2020-01-05,Insulin,1055,17:35,2020-01-05 17:35,0.109,,,,,,,,,,,2,Insulin,2020-01-05 17:38,211
10,"Sun, Jan 5",2020-01-05,Insulin,1060,17:40,2020-01-05 17:40,0.117,,,,,,,,,,,2,Insulin,2020-01-05 17:43,212
10,"Sun, Jan 5",2020-01-05,Insulin,1065,17:45,2020-01-05 17:45,0.081,,,,,,,,,,,2,Insulin,2020-01-05 17:48,213
10,"Sun, Jan 5",2020-01-05,Insulin,1070,17:50,2020-01-05 17:50,0.114,,,,,,,,,,,2,Insulin,2020-01-05 17:53,214
10,"Sun, Jan 5",2020-01-05,Insulin,1075,17:55,2020-01-05 17:55,0.107,,,,,,,,,,,2,Insulin,2020-01-05 17:58,215
10,"Sun, Jan 5",2020-01-05,Insulin,1080,18:00,2020-01-05 18:00,0.058,,,,,,,,,,,2,Insulin,2020-01-05 18:03,216
10,"Sun, Jan 5",2020-01-05,Insulin,1085,18:05,2020-01-05 18:05,0.046,,,,,,,,,,,2,Insulin,2020-01-05 18:08,217
10,"Sun, Jan 5",2020-01-05,Insulin,1090,18:10,2020-01-05 18:10,0.053,,,,,,,,,,,2,Insulin,2020-01-05 18:13,218
10,"Sun, Jan 5",2020-01-05,Insulin,1095,18:15,2020-01-05 18:15,0.117,,,,,,,,,,,2,Insulin,2020-01-05 18:18,219
10,"Sun, Jan 5",2020-01-05,Insulin,1100,18:20,2020-01-05 18:20,0.119,,,,,,,,,,,2,Insulin,2020-01-05 18:23,220
10,"Sun, Jan 5",2020-01-05,Insulin,1105,18:25,2020-01-05 18:25,0,,,,,,,,,,,2,Insulin,2020-01-05 18:28,221
10,"Sun, Jan 5",2020-01-05,Insulin,1110,18:30,2020-01-05 18:30,0.112,,,,,,,,,,,2,Insulin,2020-01-05 18:33,222
10,"Sun, Jan 5",2020-01-05,Insulin,1115,18:35,2020-01-05 18:35,0.458,,,,,,,,,,,2,Insulin,2020-01-05 18:38,223
10,"Sun, Jan 5",2020-01-05,Insulin,1120,18:40,2020-01-05 18:40,0.238,,,,,,,,,,,2,Insulin,2020-01-05 18:43,224
10,"Sun, Jan 5",2020-01-05,Insulin,1125,18:45,2020-01-05 18:45,0.219,,,,,,,,,,,2,Insulin,2020-01-05 18:48,225
10,"Sun, Jan 5",2020-01-05,Insulin,1130,18:50,2020-01-05 18:50,0.295,,,,,,,,,,,2,Insulin,2020-01-05 18:53,226
10,"Sun, Jan 5",2020-01-05,Insulin,1135,18:55,2020-01-05 18:55,0.253,,,,,,,,,,,2,Insulin,2020-01-05 18:58,227
10,"Sun, Jan 5",2020-01-05,Insulin,1140,19:00,2020-01-05 19:00,0.422,,,,,,,,,,,2,Insulin,2020-01-05 19:03,228
10,"Sun, Jan 5",2020-01-05,Insulin,1145,19:05,2020-01-05 19:05,0.646,,,,,,,,,,,2,Insulin,2020-01-05 19:08,229
10,"Sun, Jan 5",2020-01-05,Insulin,1150,19:10,2020-01-05 19:10,0.5,,,,,,,,,,,2,Insulin,2020-01-05 19:13,230
10,"Sun, Jan 5",2020-01-05,Insulin,1155,19:15,2020-01-05 19:15,0.66,,,,,,,,,,,2,Insulin,2020-01-05 19:18,231
10,"Sun, Jan 5",2020-01-05,Insulin,1160,19:20,2020-01-05 19:20,0.483,,,,,,,,,,,2,Insulin,2020-01-05 19:23,232
10,"Sun, Jan 5",2020-01-05,Insulin,1165,19:25,2020-01-05 19:25,0.721,,,,,,,,,,,2,Insulin,2020-01-05 19:28,233
10,"Sun, Jan 5",2020-01-05,Insulin,1170,19:30,2020-01-05 19:30,1.003,,,,,,,,,,,2,Insulin,2020-01-05 19:33,234
10,"Sun, Jan 5",2020-01-05,Insulin,1175,19:35,2020-01-05 19:35,1.201,,,,,,,,,,,2,Insulin,2020-01-05 19:38,235
10,"Sun, Jan 5",2020-01-05,Insulin,1180,19:40,2020-01-05 19:40,0.503,,,,,,,,,,,2,Insulin,2020-01-05 19:43,236
10,"Sun, Jan 5",2020-01-05,Insulin,1185,19:45,2020-01-05 19:45,0.584,,,,,,,,,,,2,Insulin,2020-01-05 19:48,237
10,"Sun, Jan 5",2020-01-05,Insulin,1190,19:50,2020-01-05 19:50,0.757,,,,,,,,,,,2,Insulin,2020-01-05 19:53,238
10,"Sun, Jan 5",2020-01-05,Insulin,1195,19:55,2020-01-05 19:55,0.122,,,,,,,,,,,2,Insulin,2020-01-05 19:58,239
10,"Sun, Jan 5",2020-01-05,Insulin,1200,20:00,2020-01-05 20:00,0.183,,,,,,,,,,,2,Insulin,2020-01-05 20:03,240
10,"Sun, Jan 5",2020-01-05,Insulin,1205,20:05,2020-01-05 20:05,0.089,,,,,,,,,,,2,Insulin,2020-01-05 20:08,241
10,"Sun, Jan 5",2020-01-05,Insulin,1210,20:10,2020-01-05 20:10,0,,,,,,,,,,,2,Insulin,2020-01-05 20:13,242
10,"Sun, Jan 5",2020-01-05,Insulin,1215,20:15,2020-01-05 20:15,0,,,,,,,,,,,2,Insulin,2020-01-05 20:18,243
10,"Sun, Jan 5",2020-01-05,Insulin,1220,20:20,2020-01-05 20:20,0,,,,,,,,,,,2,Insulin,2020-01-05 20:23,244
10,"Sun, Jan 5",2020-01-05,Insulin,1225,20:25,2020-01-05 20:25,0.051,,,,,,,,,,,2,Insulin,2020-01-05 20:28,245
10,"Sun, Jan 5",2020-01-05,Insulin,1230,20:30,2020-01-05 20:30,0.147,,,,,,,,,,,2,Insulin,2020-01-05 20:33,246
10,"Sun, Jan 5",2020-01-05,Insulin,1235,20:35,2020-01-05 20:35,0,,,,,,,,,,,2,Insulin,2020-01-05 20:38,247
10,"Sun, Jan 5",2020-01-05,Insulin,1240,20:40,2020-01-05 20:40,0,,,,,,,,,,,2,Insulin,2020-01-05 20:43,248
10,"Sun, Jan 5",2020-01-05,Insulin,1245,20:45,2020-01-05 20:45,0,,,,,,,,,,,2,Insulin,2020-01-05 20:48,249
10,"Sun, Jan 5",2020-01-05,Insulin,1250,20:50,2020-01-05 20:50,0,,,,,,,,,,,2,Insulin,2020-01-05 20:53,250
10,"Sun, Jan 5",2020-01-05,Insulin,1255,20:55,2020-01-05 20:55,0,,,,,,,,,,,2,Insulin,2020-01-05 20:58,251
10,"Sun, Jan 5",2020-01-05,Insulin,1260,21:00,2020-01-05 21:00,0.091,,,,,,,,,,,2,Insulin,2020-01-05 21:03,252
10,"Sun, Jan 5",2020-01-05,Insulin,1265,21:05,2020-01-05 21:05,0,,,,,,,,,,,2,Insulin,2020-01-05 21:08,253
10,"Sun, Jan 5",2020-01-05,Insulin,1270,21:10,2020-01-05 21:10,0,,,,,,,,,,,2,Insulin,2020-01-05 21:13,254
10,"Sun, Jan 5",2020-01-05,Insulin,1275,21:15,2020-01-05 21:15,0,,,,,,,,,,,2,Insulin,2020-01-05 21:18,255
10,"Sun, Jan 5",2020-01-05,Insulin,1280,21:20,2020-01-05 21:20,0,,,,,,,,,,,2,Insulin,2020-01-05 21:23,256
10,"Sun, Jan 5",2020-01-05,Insulin,1285,21:25,2020-01-05 21:25,0,,,,,,,,,,,2,Insulin,2020-01-05 21:28,257
10,"Sun, Jan 5",2020-01-05,Insulin,1290,21:30,2020-01-05 21:30,0,,,,,,,,,,,2,Insulin,2020-01-05 21:33,258
10,"Sun, Jan 5",2020-01-05,Insulin,1295,21:35,2020-01-05 21:35,0,,,,,,,,,,,2,Insulin,2020-01-05 21:38,259
10,"Sun, Jan 5",2020-01-05,Insulin,1300,21:40,2020-01-05 21:40,0,,,,,,,,,,,2,Insulin,2020-01-05 21:43,260
10,"Sun, Jan 5",2020-01-05,Insulin,1305,21:45,2020-01-05 21:45,0,,,,,,,,,,,2,Insulin,2020-01-05 21:48,261
10,"Sun, Jan 5",2020-01-05,Insulin,1310,21:50,2020-01-05 21:50,0,,,,,,,,,,,2,Insulin,2020-01-05 21:53,262
10,"Sun, Jan 5",2020-01-05,Insulin,1315,21:55,2020-01-05 21:55,0,,,,,,,,,,,2,Insulin,2020-01-05 21:58,263
10,"Sun, Jan 5",2020-01-05,Insulin,1320,22:00,2020-01-05 22:00,0,,,,,,,,,,,2,Insulin,2020-01-05 22:03,264
10,"Sun, Jan 5",2020-01-05,Insulin,1325,22:05,2020-01-05 22:05,0,,,,,,,,,,,2,Insulin,2020-01-05 22:08,265
10,"Sun, Jan 5",2020-01-05,Insulin,1330,22:10,2020-01-05 22:10,0.046,,,,,,,,,,,2,Insulin,2020-01-05 22:13,266
10,"Sun, Jan 5",2020-01-05,Insulin,1335,22:15,2020-01-05 22:15,0.051,,,,,,,,,,,2,Insulin,2020-01-05 22:18,267
10,"Sun, Jan 5",2020-01-05,Insulin,1340,22:20,2020-01-05 22:20,0,,,,,,,,,,,2,Insulin,2020-01-05 22:23,268
10,"Sun, Jan 5",2020-01-05,Insulin,1345,22:25,2020-01-05 22:25,0,,,,,,,,,,,2,Insulin,2020-01-05 22:28,269
10,"Sun, Jan 5",2020-01-05,Insulin,1350,22:30,2020-01-05 22:30,0,,,,,,,,,,,2,Insulin,2020-01-05 22:33,270
10,"Sun, Jan 5",2020-01-05,Insulin,1355,22:35,2020-01-05 22:35,0,,,,,,,,,,,2,Insulin,2020-01-05 22:38,271
10,"Sun, Jan 5",2020-01-05,Insulin,1360,22:40,2020-01-05 22:40,0,,,,,,,,,,,2,Insulin,2020-01-05 22:43,272
10,"Sun, Jan 5",2020-01-05,Insulin,1365,22:45,2020-01-05 22:45,0,,,,,,,,,,,2,Insulin,2020-01-05 22:48,273
10,"Sun, Jan 5",2020-01-05,Insulin,1370,22:50,2020-01-05 22:50,0.056,,,,,,,,,,,2,Insulin,2020-01-05 22:53,274
10,"Sun, Jan 5",2020-01-05,Insulin,1375,22:55,2020-01-05 22:55,0.066,,,,,,,,,,,2,Insulin,2020-01-05 22:58,275
10,"Sun, Jan 5",2020-01-05,Insulin,1380,23:00,2020-01-05 23:00,0.064,,,,,,,,,,,2,Insulin,2020-01-05 23:03,276
10,"Sun, Jan 5",2020-01-05,Insulin,1385,23:05,2020-01-05 23:05,0,,,,,,,,,,,2,Insulin,2020-01-05 23:08,277
10,"Sun, Jan 5",2020-01-05,Insulin,1390,23:10,2020-01-05 23:10,0.074,,,,,,,,,,,2,Insulin,2020-01-05 23:13,278
10,"Sun, Jan 5",2020-01-05,Insulin,1395,23:15,2020-01-05 23:15,0.304,,,,,,,,,,,2,Insulin,2020-01-05 23:18,279
10,"Sun, Jan 5",2020-01-05,Insulin,1400,23:20,2020-01-05 23:20,0.334,,,,,,,,,,,2,Insulin,2020-01-05 23:23,280
10,"Sun, Jan 5",2020-01-05,Insulin,1405,23:25,2020-01-05 23:25,0.5,,,,,,,,,,,2,Insulin,2020-01-05 23:28,281
10,"Sun, Jan 5",2020-01-05,Insulin,1410,23:30,2020-01-05 23:30,1.102,,,,,,,,,,,2,Insulin,2020-01-05 23:33,282
10,"Sun, Jan 5",2020-01-05,Insulin,1415,23:35,2020-01-05 23:35,0.378,,,,,,,,,,,2,Insulin,2020-01-05 23:38,283
10,"Sun, Jan 5",2020-01-05,Insulin,1420,23:40,2020-01-05 23:40,0.5,,,,,,,,,,,2,Insulin,2020-01-05 23:43,284
10,"Sun, Jan 5",2020-01-05,Insulin,1425,23:45,2020-01-05 23:45,1.087,,,,,,,,,,,2,Insulin,2020-01-05 23:48,285
10,"Sun, Jan 5",2020-01-05,Insulin,1430,23:50,2020-01-05 23:50,0.107,,,,,,,,,,,2,Insulin,2020-01-05 23:53,286
10,"Sun, Jan 5",2020-01-05,Insulin,1435,23:55,2020-01-05 23:55,0.074,,,,,,,,,,,2,Insulin,2020-01-05 23:58,287
11,"Sat, Jan 4",2020-01-04,CGM,0,00:00,2020-01-04 00:00,133,,,,,,,,,,,1,CGM,2020-01-04 00:03,0
11,"Sat, Jan 4",2020-01-04,CGM,5,00:05,2020-01-04 00:05,132,,,,,,,,,,,1,CGM,2020-01-04 00:08,1
11,"Sat, Jan 4",2020-01-04,CGM,10,00:10,2020-01-04 00:10,123,,,,,,,,,,,1,CGM,2020-01-04 00:13,2
11,"Sat, Jan 4",2020-01-04,CGM,15,00:15,2020-01-04 00:15,114,,,,,,,,,,,1,CGM,2020-01-04 00:18,3
11,"Sat, Jan 4",2020-01-04,CGM,20,00:20,2020-01-04 00:20,106,,,,,,,,,,,1,CGM,2020-01-04 00:23,4
11,"Sat, Jan 4",2020-01-04,CGM,25,00:25,2020-01-04 00:25,100,,,,,,,,,,,1,CGM,2020-01-04 00:28,5
11,"Sat, Jan 4",2020-01-04,CGM,30,00:30,2020-01-04 00:30,95,,,,,,,,,,,1,CGM,2020-01-04 00:33,6
11,"Sat, Jan 4",2020-01-04,CGM,35,00:35,2020-01-04 00:35,93,,,,,,,,,,,1,CGM,2020-01-04 00:38,7
11,"Sat, Jan 4",2020-01-04,CGM,40,00:40,2020-01-04 00:40,90,,,,,,,,,,,1,CGM,2020-01-04 00:43,8
11,"Sat, Jan 4",2020-01-04,CGM,45,00:45,2020-01-04 00:45,88,,,,,,,,,,,1,CGM,2020-01-04 00:48,9
11,"Sat, Jan 4",2020-01-04,CGM,50,00:50,2020-01-04 00:50,87,,,,,,,,,,,1,CGM,2020-01-04 00:53,10
11,"Sat, Jan 4",2020-01-04,CGM,55,00:55,2020-01-04 00:55,86,,,,,,,,,,,1,CGM,2020-01-04 00:58,11
11,"Sat, Jan 4",2020-01-04,CGM,60,01:00,2020-01-04 01:00,85,,,,,,,,,,,1,CGM,2020-01-04 01:03,12
11,"Sat, Jan 4",2020-01-04,CGM,65,01:05,2020-01-04 01:05,85,,,,,,,,,,,1,CGM,2020-01-04 01:08,13
11,"Sat, Jan 4",2020-01-04,CGM,70,01:10,2020-01-04 01:10,86,,,,,,,,,,,1,CGM,2020-01-04 01:13,14
11,"Sat, Jan 4",2020-01-04,CGM,75,01:15,2020-01-04 01:15,88,,,,,,,,,,,1,CGM,2020-01-04 01:18,15
11,"Sat, Jan 4",2020-01-04,CGM,80,01:20,2020-01-04 01:20,92,,,,,,,,,,,1,CGM,2020-01-04 01:23,16
11,"Sat, Jan 4",2020-01-04,CGM,85,01:25,2020-01-04 01:25,115,,,,,,,,,,,1,CGM,2020-01-04 01:28,17
11,"Sat, Jan 4",2020-01-04,CGM,90,01:30,2020-01-04 01:30,138,,,,,,,,,,,1,CGM,2020-01-04 01:33,18
11,"Sat, Jan 4",2020-01-04,CGM,95,01:35,2020-01-04 01:35,164,,,,,,,,,,,1,CGM,2020-01-04 01:38,19
11,"Sat, Jan 4",2020-01-04,CGM,100,01:40,2020-01-04 01:40,186,,,,,,,,,,,1,CGM,2020-01-04 01:43,20
11,"Sat, Jan 4",2020-01-04,CGM,105,01:45,2020-01-04 01:45,210,,,,,,,,,,,1,CGM,2020-01-04 01:48,21
11,"Sat, Jan 4",2020-01-04,CGM,110,01:50,2020-01-04 01:50,234,,,,,,,,,,,1,CGM,2020-01-04 01:53,22
11,"Sat, Jan 4",2020-01-04,CGM,115,01:55,2020-01-04 01:55,238,,,,,,,,,,,1,CGM,2020-01-04 01:58,23
11,"Sat, Jan 4",2020-01-04,CGM,120,02:00,2020-01-04 02:00,232,,,,,,,,,,,1,CGM,2020-01-04 02:03,24
11,"Sat, Jan 4",2020-01-04,CGM,125,02:05,2020-01-04 02:05,212,,,,,,,,,,,1,CGM,2020-01-04 02:08,25
11,"Sat, Jan 4",2020-01-04,CGM,130,02:10,2020-01-04 02:10,192,,,,,,,,,,,1,CGM,2020-01-04 02:13,26
11,"Sat, Jan 4",2020-01-04,CGM,135,02:15,2020-01-04 02:15,173,,,,,,,,,,,1,CGM,2020-01-04 02:18,27
11,"Sat, Jan 4",2020-01-04,CGM,140,02:20,2020-01-04 02:20,165,,,,,,,,,,,1,CGM,2020-01-04 02:23,28
11,"Sat, Jan 4",2020-01-04,CGM,145,02:25,2020-01-04 02:25,178,,,,,,,,,,,1,CGM,2020-01-04 02:28,29
11,"Sat, Jan 4",2020-01-04,CGM,150,02:30,2020-01-04 02:30,179,,,,,,,,,,,1,CGM,2020-01-04 02:33,30
11,"Sat, Jan 4",2020-01-04,CGM,155,02:35,2020-01-04 02:35,172,,,,,,,,,,,1,CGM,2020-01-04 02:38,31
11,"Sat, Jan 4",2020-01-04,CGM,160,02:40,2020-01-04 02:40,178,,,,,,,,,,,1,CGM,2020-01-04 02:43,32
11,"Sat, Jan 4",2020-01-04,CGM,165,02:45,2020-01-04 02:45,178,,,,,,,,,,,1,CGM,2020-01-04 02:48,33
11,"Sat, Jan 4",2020-01-04,CGM,170,02:50,2020-01-04 02:50,160,,,,,,,,,,,1,CGM,2020-01-04 02:53,34
11,"Sat, Jan 4",2020-01-04,CGM,175,02:55,2020-01-04 02:55,152,,,,,,,,,,,1,CGM,2020-01-04 02:58,35
11,"Sat, Jan 4",2020-01-04,CGM,180,03:00,2020-01-04 03:00,164,,,,,,,,,,,1,CGM,2020-01-04 03:03,36
11,"Sat, Jan 4",2020-01-04,CGM,185,03:05,2020-01-04 03:05,155,,,,,,,,,,,1,CGM,2020-01-04 03:08,37
11,"Sat, Jan 4",2020-01-04,CGM,190,03:10,2020-01-04 03:10,142,,,,,,,,,,,1,CGM,2020-01-04 03:13,38
11,"Sat, Jan 4",2020-01-04,CGM,195,03:15,2020-01-04 03:15,135,,,,,,,,,,,1,CGM,2020-01-04 03:18,39
11,"Sat, Jan 4",2020-01-04,CGM,200,03:20,2020-01-04 03:20,131,,,,,,,,,,,1,CGM,2020-01-04 03:23,40
11,"Sat, Jan 4",2020-01-04,CGM,205,03:25,2020-01-04 03:25,123,,,,,,,,,,,1,CGM,2020-01-04 03:28,41
11,"Sat, Jan 4",2020-01-04,CGM,210,03:30,2020-01-04 03:30,125,,,,,,,,,,,1,CGM,2020-01-04 03:33,42
11,"Sat, Jan 4",2020-01-04,CGM,215,03:35,2020-01-04 03:35,128,,,,,,,,,,,1,CGM,2020-01-04 03:38,43
11,"Sat, Jan 4",2020-01-04,CGM,220,03:40,2020-01-04 03:40,131,,,,,,,,,,,1,CGM,2020-01-04 03:43,44
11,"Sat, Jan 4",2020-01-04,CGM,225,03:45,2020-01-04 03:45,133,,,,,,,,,,,1,CGM,2020-01-04 03:48,45
11,"Sat, Jan 4",2020-01-04,CGM,230,03:50,2020-01-04 03:50,135,,,,,,,,,,,1,CGM,2020-01-04 03:53,46
11,"Sat, Jan 4",2020-01-04,CGM,235,03:55,2020-01-04 03:55,136,,,,,,,,,,,1,CGM,2020-01-04 03:58,47
11,"Sat, Jan 4",2020-01-04,CGM,240,04:00,2020-01-04 04:00,138,,,,,,,,,,,1,CGM,2020-01-04 04:03,48
11,"Sat, Jan 4",2020-01-04,CGM,245,04:05,2020-01-04 04:05,136,,,,,,,,,,,1,CGM,2020-01-04 04:08,49
11,"Sat, Jan 4",2020-01-04,CGM,250,04:10,2020-01-04 04:10,135,,,,,,,,,,,1,CGM,2020-01-04 04:13,50
11,"Sat, Jan 4",2020-01-04,CGM,255,04:15,2020-01-04 04:15,137,,,,,,,,,,,1,CGM,2020-01-04 04:18,51
11,"Sat, Jan 4",2020-01-04,CGM,260,04:20,2020-01-04 04:20,148,,,,,,,,,,,1,CGM,2020-01-04 04:23,52
11,"Sat, Jan 4",2020-01-04,CGM,265,04:25,2020-01-04 04:25,169,,,,,,,,,,,1,CGM,2020-01-04 04:28,53
11,"Sat, Jan 4",2020-01-04,CGM,270,04:30,2020-01-04 04:30,183,,,,,,,,,,,1,CGM,2020-01-04 04:33,54
11,"Sat, Jan 4",2020-01-04,CGM,275,04:35,2020-01-04 04:35,193,,,,,,,,,,,1,CGM,2020-01-04 04:38,55
11,"Sat, Jan 4",2020-01-04,CGM,280,04:40,2020-01-04 04:40,194,,,,,,,,,,,1,CGM,2020-01-04 04:43,56
11,"Sat, Jan 4",2020-01-04,CGM,285,04:45,2020-01-04 04:45,192,,,,,,,,,,,1,CGM,2020-01-04 04:48,57
11,"Sat, Jan 4",2020-01-04,CGM,290,04:50,2020-01-04 04:50,200,,,,,,,,,,,1,CGM,2020-01-04 04:53,58
11,"Sat, Jan 4",2020-01-04,CGM,295,04:55,2020-01-04 04:55,210,,,,,,,,,,,1,CGM,2020-01-04 04:58,59
11,"Sat, Jan 4",2020-01-04,CGM,300,05:00,2020-01-04 05:00,211,,,,,,,,,,,1,CGM,2020-01-04 05:03,60
11,"Sat, Jan 4",2020-01-04,CGM,305,05:05,2020-01-04 05:05,216,,,,,,,,,,,1,CGM,2020-01-04 05:08,61
11,"Sat, Jan 4",2020-01-04,CGM,310,05:10,2020-01-04 05:10,219,,,,,,,,,,,1,CGM,2020-01-04 05:13,62
11,"Sat, Jan 4",2020-01-04,CGM,315,05:15,2020-01-04 05:15,219,,,,,,,,,,,1,CGM,2020-01-04 05:18,63
11,"Sat, Jan 4",2020-01-04,CGM,320,05:20,2020-01-04 05:20,219,,,,,,,,,,,1,CGM,2020-01-04 05:23,64
11,"Sat, Jan 4",2020-01-04,CGM,325,05:25,2020-01-04 05:25,216,,,,,,,,,,,1,CGM,2020-01-04 05:28,65
11,"Sat, Jan 4",2020-01-04,CGM,330,05:30,2020-01-04 05:30,214,,,,,,,,,,,1,CGM,2020-01-04 05:33,66
11,"Sat, Jan 4",2020-01-04,CGM,335,05:35,2020-01-04 05:35,207,,,,,,,,,,,1,CGM,2020-01-04 05:38,67
11,"Sat, Jan 4",2020-01-04,CGM,340,05:40,2020-01-04 05:40,198,,,,,,,,,,,1,CGM,2020-01-04 05:43,68
11,"Sat, Jan 4",2020-01-04,CGM,345,05:45,2020-01-04 05:45,189,,,,,,,,,,,1,CGM,2020-01-04 05:48,69
11,"Sat, Jan 4",2020-01-04,CGM,350,05:50,2020-01-04 05:50,187,,,,,,,,,,,1,CGM,2020-01-04 05:53,70
11,"Sat, Jan 4",2020-01-04,CGM,355,05:55,2020-01-04 05:55,183,,,,,,,,,,,1,CGM,2020-01-04 05:58,71
11,"Sat, Jan 4",2020-01-04,CGM,360,06:00,2020-01-04 06:00,181,,,,,,,,,,,1,CGM,2020-01-04 06:03,72
11,"Sat, Jan 4",2020-01-04,CGM,365,06:05,2020-01-04 06:05,180,,,,,,,,,,,1,CGM,2020-01-04 06:08,73
11,"Sat, Jan 4",2020-01-04,CGM,370,06:10,2020-01-04 06:10,188,,,,,,,,,,,1,CGM,2020-01-04 06:13,74
11,"Sat, Jan 4",2020-01-04,CGM,375,06:15,2020-01-04 06:15,183,,,,,,,,,,,1,CGM,2020-01-04 06:18,75
11,"Sat, Jan 4",2020-01-04,CGM,380,06:20,2020-01-04 06:20,173,,,,,,,,,,,1,CGM,2020-01-04 06:23,76
11,"Sat, Jan 4",2020-01-04,CGM,385,06:25,2020-01-04 06:25,164,,,,,,,,,,,1,CGM,2020-01-04 06:28,77
11,"Sat, Jan 4",2020-01-04,CGM,390,06:30,2020-01-04 06:30,158,,,,,,,,,,,1,CGM,2020-01-04 06:33,78
11,"Sat, Jan 4",2020-01-04,CGM,395,06:35,2020-01-04 06:35,157,,,,,,,,,,,1,CGM,2020-01-04 06:38,79
11,"Sat, Jan 4",2020-01-04,CGM,400,06:40,2020-01-04 06:40,146,,,,,,,,,,,1,CGM,2020-01-04 06:43,80
11,"Sat, Jan 4",2020-01-04,CGM,405,06:45,2020-01-04 06:45,131,,,,,,,,,,,1,CGM,2020-01-04 06:48,81
11,"Sat, Jan 4",2020-01-04,CGM,410,06:50,2020-01-04 06:50,124,,,,,,,,,,,1,CGM,2020-01-04 06:53,82
11,"Sat, Jan 4",2020-01-04,CGM,415,06:55,2020-01-04 06:55,122,,,,,,,,,,,1,CGM,2020-01-04 06:58,83
11,"Sat, Jan 4",2020-01-04,CGM,420,07:00,2020-01-04 07:00,123,,,,,,,,,,,1,CGM,2020-01-04 07:03,84
11,"Sat, Jan 4",2020-01-04,CGM,425,07:05,2020-01-04 07:05,117,,,,,,,,,,,1,CGM,2020-01-04 07:08,85
11,"Sat, Jan 4",2020-01-04,CGM,430,07:10,2020-01-04 07:10,117,,,,,,,,,,,1,CGM,2020-01-04 07:13,86
11,"Sat, Jan 4",2020-01-04,CGM,435,07:15,2020-01-04 07:15,123,,,,,,,,,,,1,CGM,2020-01-04 07:18,87
11,"Sat, Jan 4",2020-01-04,CGM,440,07:20,2020-01-04 07:20,129,,,,,,,,,,,1,CGM,2020-01-04 07:23,88
11,"Sat, Jan 4",2020-01-04,CGM,445,07:25,2020-01-04 07:25,127,,,,,,,,,,,1,CGM,2020-01-04 07:28,89
11,"Sat, Jan 4",2020-01-04,CGM,450,07:30,2020-01-04 07:30,127,,,,,,,,,,,1,CGM,2020-01-04 07:33,90
11,"Sat, Jan 4",2020-01-04,CGM,455,07:35,2020-01-04 07:35,127,,,,,,,,,,,1,CGM,2020-01-04 07:38,91
11,"Sat, Jan 4",2020-01-04,CGM,460,07:40,2020-01-04 07:40,125,,,,,,,,,,,1,CGM,2020-01-04 07:43,92
11,"Sat, Jan 4",2020-01-04,CGM,465,07:45,2020-01-04 07:45,122,,,,,,,,,,,1,CGM,2020-01-04 07:48,93
11,"Sat, Jan 4",2020-01-04,CGM,470,07:50,2020-01-04 07:50,115,,,,,,,,,,,1,CGM,2020-01-04 07:53,94
11,"Sat, Jan 4",2020-01-04,CGM,475,07:55,2020-01-04 07:55,108,,,,,,,,,,,1,CGM,2020-01-04 07:58,95
11,"Sat, Jan 4",2020-01-04,CGM,480,08:00,2020-01-04 08:00,111,,,,,,,,,,,1,CGM,2020-01-04 08:03,96
11,"Sat, Jan 4",2020-01-04,CGM,485,08:05,2020-01-04 08:05,109,,,,,,,,,,,1,CGM,2020-01-04 08:08,97
11,"Sat, Jan 4",2020-01-04,CGM,490,08:10,2020-01-04 08:10,106,,,,,,,,,,,1,CGM,2020-01-04 08:13,98
11,"Sat, Jan 4",2020-01-04,CGM,495,08:15,2020-01-04 08:15,108,,,,,,,,,,,1,CGM,2020-01-04 08:18,99
11,"Sat, Jan 4",2020-01-04,CGM,500,08:20,2020-01-04 08:20,109,,,,,,,,,,,1,CGM,2020-01-04 08:23,100
11,"Sat, Jan 4",2020-01-04,CGM,505,08:25,2020-01-04 08:25,106,,,,,,,,,,,1,CGM,2020-01-04 08:28,101
11,"Sat, Jan 4",2020-01-04,CGM,510,08:30,2020-01-04 08:30,107,,,,,,,,,,,1,CGM,2020-01-04 08:33,102
11,"Sat, Jan 4",2020-01-04,CGM,515,08:35,2020-01-04 08:35,109,,,,,,,,,,,1,CGM,2020-01-04 08:38,103
11,"Sat, Jan 4",2020-01-04,CGM,520,08:40,2020-01-04 08:40,104,,,,,,,,,,,1,CGM,2020-01-04 08:43,104
11,"Sat, Jan 4",2020-01-04,CGM,525,08:45,2020-01-04 08:45,102,,,,,,,,,,,1,CGM,2020-01-04 08:48,105
11,"Sat, Jan 4",2020-01-04,CGM,530,08:50,2020-01-04 08:50,102,,,,,,,,,,,1,CGM,2020-01-04 08:53,106
11,"Sat, Jan 4",2020-01-04,CGM,535,08:55,2020-01-04 08:55,103,,,,,,,,,,,1,CGM,2020-01-04 08:58,107
11,"Sat, Jan 4",2020-01-04,CGM,540,09:00,2020-01-04 09:00,105,,,,,,,,,,,1,CGM,2020-01-04 09:03,108
11,"Sat, Jan 4",2020-01-04,CGM,545,09:05,2020-01-04 09:05,106,,,,,,,,,,,1,CGM,2020-01-04 09:08,109
11,"Sat, Jan 4",2020-01-04,CGM,550,09:10,2020-01-04 09:10,104,,,,,,,,,,,1,CGM,2020-01-04 09:13,110
11,"Sat, Jan 4",2020-01-04,CGM,555,09:15,2020-01-04 09:15,100,,,,,,,,,,,1,CGM,2020-01-04 09:18,111
11,"Sat, Jan 4",2020-01-04,CGM,560,09:20,2020-01-04 09:20,92,,,,,,,,,,,1,CGM,2020-01-04 09:23,112
11,"Sat, Jan 4",2020-01-04,CGM,565,09:25,2020-01-04 09:25,88,,,,,,,,,,,1,CGM,2020-01-04 09:28,113
11,"Sat, Jan 4",2020-01-04,CGM,570,09:30,2020-01-04 09:30,88,,,,,,,,,,,1,CGM,2020-01-04 09:33,114
11,"Sat, Jan 4",2020-01-04,CGM,575,09:35,2020-01-04 09:35,84,,,,,,,,,,,1,CGM,2020-01-04 09:38,115
11,"Sat, Jan 4",2020-01-04,CGM,580,09:40,2020-01-04 09:40,81,,,,,,,,,,,1,CGM,2020-01-04 09:43,116
11,"Sat, Jan 4",2020-01-04,CGM,585,09:45,2020-01-04 09:45,85,,,,,,,,,,,1,CGM,2020-01-04 09:48,117
11,"Sat, Jan 4",2020-01-04,CGM,590,09:50,2020-01-04 09:50,83,,,,,,,,,,,1,CGM,2020-01-04 09:53,118
11,"Sat, Jan 4",2020-01-04,CGM,595,09:55,2020-01-04 09:55,84,,,,,,,,,,,1,CGM,2020-01-04 09:58,119
11,"Sat, Jan 4",2020-01-04,CGM,600,10:00,2020-01-04 10:00,87,,,,,,,,,,,1,CGM,2020-01-04 10:03,120
11,"Sat, Jan 4",2020-01-04,CGM,605,10:05,2020-01-04 10:05,88,,,,,,,,,,,1,CGM,2020-01-04 10:08,121
11,"Sat, Jan 4",2020-01-04,CGM,610,10:10,2020-01-04 10:10,90,,,,,,,,,,,1,CGM,2020-01-04 10:13,122
11,"Sat, Jan 4",2020-01-04,CGM,615,10:15,2020-01-04 10:15,89,,,,,,,,,,,1,CGM,2020-01-04 10:18,123
11,"Sat, Jan 4",2020-01-04,CGM,620,10:20,2020-01-04 10:20,92,,,,,,,,,,,1,CGM,2020-01-04 10:23,124
11,"Sat, Jan 4",2020-01-04,CGM,625,10:25,2020-01-04 10:25,98,,,,,,,,,,,1,CGM,2020-01-04 10:28,125
11,"Sat, Jan 4",2020-01-04,CGM,630,10:30,2020-01-04 10:30,104,,,,,,,,,,,1,CGM,2020-01-04 10:33,126
11,"Sat, Jan 4",2020-01-04,CGM,635,10:35,2020-01-04 10:35,108,,,,,,,,,,,1,CGM,2020-01-04 10:38,127
11,"Sat, Jan 4",2020-01-04,CGM,640,10:40,2020-01-04 10:40,111,,,,,,,,,,,1,CGM,2020-01-04 10:43,128
11,"Sat, Jan 4",2020-01-04,CGM,645,10:45,2020-01-04 10:45,118,,,,,,,,,,,1,CGM,2020-01-04 10:48,129
11,"Sat, Jan 4",2020-01-04,CGM,650,10:50,2020-01-04 10:50,122,,,,,,,,,,,1,CGM,2020-01-04 10:53,130
11,"Sat, Jan 4",2020-01-04,CGM,655,10:55,2020-01-04 10:55,120,,,,,,,,,,,1,CGM,2020-01-04 10:58,131
11,"Sat, Jan 4",2020-01-04,CGM,660,11:00,2020-01-04 11:00,121,,,,,,,,,,,1,CGM,2020-01-04 11:03,132
11,"Sat, Jan 4",2020-01-04,CGM,665,11:05,2020-01-04 11:05,122,,,,,,,,,,,1,CGM,2020-01-04 11:08,133
11,"Sat, Jan 4",2020-01-04,CGM,670,11:10,2020-01-04 11:10,128,,,,,,,,,,,1,CGM,2020-01-04 11:13,134
11,"Sat, Jan 4",2020-01-04,CGM,675,11:15,2020-01-04 11:15,135,,,,,,,,,,,1,CGM,2020-01-04 11:18,135
11,"Sat, Jan 4",2020-01-04,CGM,680,11:20,2020-01-04 11:20,144,,,,,,,,,,,1,CGM,2020-01-04 11:23,136
11,"Sat, Jan 4",2020-01-04,CGM,685,11:25,2020-01-04 11:25,156,,,,,,,,,,,1,CGM,2020-01-04 11:28,137
11,"Sat, Jan 4",2020-01-04,CGM,690,11:30,2020-01-04 11:30,170,,,,,,,,,,,1,CGM,2020-01-04 11:33,138
11,"Sat, Jan 4",2020-01-04,CGM,695,11:35,2020-01-04 11:35,183,,,,,,,,,,,1,CGM,2020-01-04 11:38,139
11,"Sat, Jan 4",2020-01-04,CGM,700,11:40,2020-01-04 11:40,183,,,,,,,,,,,1,CGM,2020-01-04 11:43,140
11,"Sat, Jan 4",2020-01-04,CGM,705,11:45,2020-01-04 11:45,196,,,,,,,,,,,1,CGM,2020-01-04 11:48,141
11,"Sat, Jan 4",2020-01-04,CGM,710,11:50,2020-01-04 11:50,198,,,,,,,,,,,1,CGM,2020-01-04 11:53,142
11,"Sat, Jan 4",2020-01-04,CGM,715,11:55,2020-01-04 11:55,191,,,,,,,,,,,1,CGM,2020-01-04 11:58,143
11,"Sat, Jan 4",2020-01-04,CGM,720,12:00,2020-01-04 12:00,188,,,,,,,,,,,1,CGM,2020-01-04 12:03,144
11,"Sat, Jan 4",2020-01-04,CGM,725,12:05,2020-01-04 12:05,181,,,,,,,,,,,1,CGM,2020-01-04 12:08,145
11,"Sat, Jan 4",2020-01-04,CGM,730,12:10,2020-01-04 12:10,174,,,,,,,,,,,1,CGM,2020-01-04 12:13,146
11,"Sat, Jan 4",2020-01-04,CGM,735,12:15,2020-01-04 12:15,167,,,,,,,,,,,1,CGM,2020-01-04 12:18,147
11,"Sat, Jan 4",2020-01-04,CGM,740,12:20,2020-01-04 12:20,162,,,,,,,,,,,1,CGM,2020-01-04 12:23,148
11,"Sat, Jan 4",2020-01-04,CGM,745,12:25,2020-01-04 12:25,152,,,,,,,,,,,1,CGM,2020-01-04 12:28,149
11,"Sat, Jan 4",2020-01-04,CGM,750,12:30,2020-01-04 12:30,140,,,,,,,,,,,1,CGM,2020-01-04 12:33,150
11,"Sat, Jan 4",2020-01-04,CGM,755,12:35,2020-01-04 12:35,128,,,,,,,,,,,1,CGM,2020-01-04 12:38,151
11,"Sat, Jan 4",2020-01-04,CGM,760,12:40,2020-01-04 12:40,116,,,,,,,,,,,1,CGM,2020-01-04 12:43,152
11,"Sat, Jan 4",2020-01-04,CGM,765,12:45,2020-01-04 12:45,99,,,,,,,,,,,1,CGM,2020-01-04 12:48,153
11,"Sat, Jan 4",2020-01-04,CGM,770,12:50,2020-01-04 12:50,92,,,,,,,,,,,1,CGM,2020-01-04 12:53,154
11,"Sat, Jan 4",2020-01-04,CGM,775,12:55,2020-01-04 12:55,84,,,,,,,,,,,1,CGM,2020-01-04 12:58,155
11,"Sat, Jan 4",2020-01-04,CGM,780,13:00,2020-01-04 13:00,77,,,,,,,,,,,1,CGM,2020-01-04 13:03,156
11,"Sat, Jan 4",2020-01-04,CGM,785,13:05,2020-01-04 13:05,71,,,,,,,,,,,1,CGM,2020-01-04 13:08,157
11,"Sat, Jan 4",2020-01-04,CGM,790,13:10,2020-01-04 13:10,66,,,,,,,,,,,1,CGM,2020-01-04 13:13,158
11,"Sat, Jan 4",2020-01-04,CGM,795,13:15,2020-01-04 13:15,65,,,,,,,,,,,1,CGM,2020-01-04 13:18,159
11,"Sat, Jan 4",2020-01-04,CGM,800,13:20,2020-01-04 13:20,67,,,,,,,,,,,1,CGM,2020-01-04 13:23,160
11,"Sat, Jan 4",2020-01-04,CGM,805,13:25,2020-01-04 13:25,67,,,,,,,,,,,1,CGM,2020-01-04 13:28,161
11,"Sat, Jan 4",2020-01-04,CGM,810,13:30,2020-01-04 13:30,62,,,,,,,,,,,1,CGM,2020-01-04 13:33,162
11,"Sat, Jan 4",2020-01-04,CGM,815,13:35,2020-01-04 13:35,62,,,,,,,,,,,1,CGM,2020-01-04 13:38,163
11,"Sat, Jan 4",2020-01-04,CGM,820,13:40,2020-01-04 13:40,62,,,,,,,,,,,1,CGM,2020-01-04 13:43,164
11,"Sat, Jan 4",2020-01-04,CGM,825,13:45,2020-01-04 13:45,63,,,,,,,,,,,1,CGM,2020-01-04 13:48,165
11,"Sat, Jan 4",2020-01-04,CGM,830,13:50,2020-01-04 13:50,59,,,,,,,,,,,1,CGM,2020-01-04 13:53,166
11,"Sat, Jan 4",2020-01-04,CGM,835,13:55,2020-01-04 13:55,61,,,,,,,,,,,1,CGM,2020-01-04 13:58,167
11,"Sat, Jan 4",2020-01-04,CGM,840,14:00,2020-01-04 14:00,65,,,,,,,,,,,1,CGM,2020-01-04 14:03,168
11,"Sat, Jan 4",2020-01-04,CGM,845,14:05,2020-01-04 14:05,71,,,,,,,,,,,1,CGM,2020-01-04 14:08,169
11,"Sat, Jan 4",2020-01-04,CGM,850,14:10,2020-01-04 14:10,77,,,,,,,,,,,1,CGM,2020-01-04 14:13,170
11,"Sat, Jan 4",2020-01-04,CGM,855,14:15,2020-01-04 14:15,81,,,,,,,,,,,1,CGM,2020-01-04 14:18,171
11,"Sat, Jan 4",2020-01-04,CGM,860,14:20,2020-01-04 14:20,89,,,,,,,,,,,1,CGM,2020-01-04 14:23,172
11,"Sat, Jan 4",2020-01-04,CGM,865,14:25,2020-01-04 14:25,97,,,,,,,,,,,1,CGM,2020-01-04 14:28,173
11,"Sat, Jan 4",2020-01-04,CGM,870,14:30,2020-01-04 14:30,107,,,,,,,,,,,1,CGM,2020-01-04 14:33,174
11,"Sat, Jan 4",2020-01-04,CGM,875,14:35,2020-01-04 14:35,111,,,,,,,,,,,1,CGM,2020-01-04 14:38,175
11,"Sat, Jan 4",2020-01-04,CGM,880,14:40,2020-01-04 14:40,119,,,,,,,,,,,1,CGM,2020-01-04 14:43,176
11,"Sat, Jan 4",2020-01-04,CGM,885,14:45,2020-01-04 14:45,127,,,,,,,,,,,1,CGM,2020-01-04 14:48,177
11,"Sat, Jan 4",2020-01-04,CGM,890,14:50,2020-01-04 14:50,128,,,,,,,,,,,1,CGM,2020-01-04 14:53,178
11,"Sat, Jan 4",2020-01-04,CGM,900,15:00,2020-01-04 15:00,140,,,,,,,,,,,1,CGM,2020-01-04 15:03,179
11,"Sat, Jan 4",2020-01-04,CGM,905,15:05,2020-01-04 15:05,134,,,,,,,,,,,1,CGM,2020-01-04 15:08,180
11,"Sat, Jan 4",2020-01-04,CGM,910,15:10,2020-01-04 15:10,136,,,,,,,,,,,1,CGM,2020-01-04 15:13,181
11,"Sat, Jan 4",2020-01-04,CGM,915,15:15,2020-01-04 15:15,140,,,,,,,,,,,1,CGM,2020-01-04 15:18,182
11,"Sat, Jan 4",2020-01-04,CGM,920,15:20,2020-01-04 15:20,132,,,,,,,,,,,1,CGM,2020-01-04 15:23,183
11,"Sat, Jan 4",2020-01-04,CGM,925,15:25,2020-01-04 15:25,154,,,,,,,,,,,1,CGM,2020-01-04 15:28,184
11,"Sat, Jan 4",2020-01-04,CGM,930,15:30,2020-01-04 15:30,169,,,,,,,,,,,1,CGM,2020-01-04 15:33,185
11,"Sat, Jan 4",2020-01-04,CGM,935,15:35,2020-01-04 15:35,161,,,,,,,,,,,1,CGM,2020-01-04 15:38,186
11,"Sat, Jan 4",2020-01-04,CGM,940,15:40,2020-01-04 15:40,159,,,,,,,,,,,1,CGM,2020-01-04 15:43,187
11,"Sat, Jan 4",2020-01-04,CGM,945,15:45,2020-01-04 15:45,165,,,,,,,,,,,1,CGM,2020-01-04 15:48,188
11,"Sat, Jan 4",2020-01-04,CGM,950,15:50,2020-01-04 15:50,176,,,,,,,,,,,1,CGM,2020-01-04 15:53,189
11,"Sat, Jan 4",2020-01-04,CGM,955,15:55,2020-01-04 15:55,198,,,,,,,,,,,1,CGM,2020-01-04 15:58,190
11,"Sat, Jan 4",2020-01-04,CGM,960,16:00,2020-01-04 16:00,215,,,,,,,,,,,1,CGM,2020-01-04 16:03,191
11,"Sat, Jan 4",2020-01-04,CGM,965,16:05,2020-01-04 16:05,241,,,,,,,,,,,1,CGM,2020-01-04 16:08,192
11,"Sat, Jan 4",2020-01-04,CGM,970,16:10,2020-01-04 16:10,263,,,,,,,,,,,1,CGM,2020-01-04 16:13,193
11,"Sat, Jan 4",2020-01-04,CGM,975,16:15,2020-01-04 16:15,280,,,,,,,,,,,1,CGM,2020-01-04 16:18,194
11,"Sat, Jan 4",2020-01-04,CGM,980,16:20,2020-01-04 16:20,279,,,,,,,,,,,1,CGM,2020-01-04 16:23,195
11,"Sat, Jan 4",2020-01-04,CGM,985,16:25,2020-01-04 16:25,278,,,,,,,,,,,1,CGM,2020-01-04 16:28,196
11,"Sat, Jan 4",2020-01-04,CGM,990,16:30,2020-01-04 16:30,270,,,,,,,,,,,1,CGM,2020-01-04 16:33,197
11,"Sat, Jan 4",2020-01-04,CGM,995,16:35,2020-01-04 16:35,279,,,,,,,,,,,1,CGM,2020-01-04 16:38,198
11,"Sat, Jan 4",2020-01-04,CGM,1000,16:40,2020-01-04 16:40,282,,,,,,,,,,,1,CGM,2020-01-04 16:43,199
11,"Sat, Jan 4",2020-01-04,CGM,1005,16:45,2020-01-04 16:45,278,,,,,,,,,,,1,CGM,2020-01-04 16:48,200
11,"Sat, Jan 4",2020-01-04,CGM,1010,16:50,2020-01-04 16:50,265,,,,,,,,,,,1,CGM,2020-01-04 16:53,201
11,"Sat, Jan 4",2020-01-04,CGM,1015,16:55,2020-01-04 16:55,246,,,,,,,,,,,1,CGM,2020-01-04 16:58,202
11,"Sat, Jan 4",2020-01-04,CGM,1020,17:00,2020-01-04 17:00,244,,,,,,,,,,,1,CGM,2020-01-04 17:03,203
11,"Sat, Jan 4",2020-01-04,CGM,1025,17:05,2020-01-04 17:05,232,,,,,,,,,,,1,CGM,2020-01-04 17:08,204
11,"Sat, Jan 4",2020-01-04,CGM,1030,17:10,2020-01-04 17:10,218,,,,,,,,,,,1,CGM,2020-01-04 17:13,205
11,"Sat, Jan 4",2020-01-04,CGM,1035,17:15,2020-01-04 17:15,200,,,,,,,,,,,1,CGM,2020-01-04 17:18,206
11,"Sat, Jan 4",2020-01-04,CGM,1040,17:20,2020-01-04 17:20,175,,,,,,,,,,,1,CGM,2020-01-04 17:23,207
11,"Sat, Jan 4",2020-01-04,CGM,1045,17:25,2020-01-04 17:25,147,,,,,,,,,,,1,CGM,2020-01-04 17:28,208
11,"Sat, Jan 4",2020-01-04,CGM,1050,17:30,2020-01-04 17:30,125,,,,,,,,,,,1,CGM,2020-01-04 17:33,209
11,"Sat, Jan 4",2020-01-04,CGM,1055,17:35,2020-01-04 17:35,109,,,,,,,,,,,1,CGM,2020-01-04 17:38,210
11,"Sat, Jan 4",2020-01-04,CGM,1060,17:40,2020-01-04 17:40,97,,,,,,,,,,,1,CGM,2020-01-04 17:43,211
11,"Sat, Jan 4",2020-01-04,CGM,1065,17:45,2020-01-04 17:45,90,,,,,,,,,,,1,CGM,2020-01-04 17:48,212
11,"Sat, Jan 4",2020-01-04,CGM,1070,17:50,2020-01-04 17:50,82,,,,,,,,,,,1,CGM,2020-01-04 17:53,213
11,"Sat, Jan 4",2020-01-04,CGM,1075,17:55,2020-01-04 17:55,77,,,,,,,,,,,1,CGM,2020-01-04 17:58,214
11,"Sat, Jan 4",2020-01-04,CGM,1080,18:00,2020-01-04 18:00,72,,,,,,,,,,,1,CGM,2020-01-04 18:03,215
11,"Sat, Jan 4",2020-01-04,CGM,1085,18:05,2020-01-04 18:05,73,,,,,,,,,,,1,CGM,2020-01-04 18:08,216
11,"Sat, Jan 4",2020-01-04,CGM,1090,18:10,2020-01-04 18:10,80,,,,,,,,,,,1,CGM,2020-01-04 18:13,217
11,"Sat, Jan 4",2020-01-04,CGM,1095,18:15,2020-01-04 18:15,93,,,,,,,,,,,1,CGM,2020-01-04 18:18,218
11,"Sat, Jan 4",2020-01-04,CGM,1100,18:20,2020-01-04 18:20,113,,,,,,,,,,,1,CGM,2020-01-04 18:23,219
11,"Sat, Jan 4",2020-01-04,CGM,1105,18:25,2020-01-04 18:25,127,,,,,,,,,,,1,CGM,2020-01-04 18:28,220
11,"Sat, Jan 4",2020-01-04,CGM,1110,18:30,2020-01-04 18:30,147,,,,,,,,,,,1,CGM,2020-01-04 18:33,221
11,"Sat, Jan 4",2020-01-04,CGM,1115,18:35,2020-01-04 18:35,165,,,,,,,,,,,1,CGM,2020-01-04 18:38,222
11,"Sat, Jan 4",2020-01-04,CGM,1120,18:40,2020-01-04 18:40,167,,,,,,,,,,,1,CGM,2020-01-04 18:43,223
11,"Sat, Jan 4",2020-01-04,CGM,1125,18:45,2020-01-04 18:45,162,,,,,,,,,,,1,CGM,2020-01-04 18:48,224
11,"Sat, Jan 4",2020-01-04,CGM,1130,18:50,2020-01-04 18:50,159,,,,,,,,,,,1,CGM,2020-01-04 18:53,225
11,"Sat, Jan 4",2020-01-04,CGM,1135,18:55,2020-01-04 18:55,156,,,,,,,,,,,1,CGM,2020-01-04 18:58,226
11,"Sat, Jan 4",2020-01-04,CGM,1140,19:00,2020-01-04 19:00,143,,,,,,,,,,,1,CGM,2020-01-04 19:03,227
11,"Sat, Jan 4",2020-01-04,CGM,1145,19:05,2020-01-04 19:05,138,,,,,,,,,,,1,CGM,2020-01-04 19:08,228
11,"Sat, Jan 4",2020-01-04,CGM,1150,19:10,2020-01-04 19:10,145,,,,,,,,,,,1,CGM,2020-01-04 19:13,229
11,"Sat, Jan 4",2020-01-04,CGM,1155,19:15,2020-01-04 19:15,156,,,,,,,,,,,1,CGM,2020-01-04 19:18,230
11,"Sat, Jan 4",2020-01-04,CGM,1160,19:20,2020-01-04 19:20,166,,,,,,,,,,,1,CGM,2020-01-04 19:23,231
11,"Sat, Jan 4",2020-01-04,CGM,1165,19:25,2020-01-04 19:25,179,,,,,,,,,,,1,CGM,2020-01-04 19:28,232
11,"Sat, Jan 4",2020-01-04,CGM,1170,19:30,2020-01-04 19:30,182,,,,,,,,,,,1,CGM,2020-01-04 19:33,233
11,"Sat, Jan 4",2020-01-04,CGM,1175,19:35,2020-01-04 19:35,183,,,,,,,,,,,1,CGM,2020-01-04 19:38,234
11,"Sat, Jan 4",2020-01-04,CGM,1180,19:40,2020-01-04 19:40,187,,,,,,,,,,,1,CGM,2020-01-04 19:43,235
11,"Sat, Jan 4",2020-01-04,CGM,1185,19:45,2020-01-04 19:45,190,,,,,,,,,,,1,CGM,2020-01-04 19:48,236
11,"Sat, Jan 4",2020-01-04,CGM,1190,19:50,2020-01-04 19:50,202,,,,,,,,,,,1,CGM,2020-01-04 19:53,237
11,"Sat, Jan 4",2020-01-04,CGM,1195,19:55,2020-01-04 19:55,220,,,,,,,,,,,1,CGM,2020-01-04 19:58,238
11,"Sat, Jan 4",2020-01-04,CGM,1200,20:00,2020-01-04 20:00,224,,,,,,,,,,,1,CGM,2020-01-04 20:03,239
11,"Sat, Jan 4",2020-01-04,CGM,1205,20:05,2020-01-04 20:05,230,,,,,,,,,,,1,CGM,2020-01-04 20:08,240
11,"Sat, Jan 4",2020-01-04,CGM,1210,20:10,2020-01-04 20:10,239,,,,,,,,,,,1,CGM,2020-01-04 20:13,241
11,"Sat, Jan 4",2020-01-04,CGM,1215,20:15,2020-01-04 20:15,249,,,,,,,,,,,1,CGM,2020-01-04 20:18,242
11,"Sat, Jan 4",2020-01-04,CGM,1220,20:20,2020-01-04 20:20,261,,,,,,,,,,,1,CGM,2020-01-04 20:23,243
11,"Sat, Jan 4",2020-01-04,CGM,1225,20:25,2020-01-04 20:25,271,,,,,,,,,,,1,CGM,2020-01-04 20:28,244
11,"Sat, Jan 4",2020-01-04,CGM,1230,20:30,2020-01-04 20:30,276,,,,,,,,,,,1,CGM,2020-01-04 20:33,245
11,"Sat, Jan 4",2020-01-04,CGM,1235,20:35,2020-01-04 20:35,284,,,,,,,,,,,1,CGM,2020-01-04 20:38,246
11,"Sat, Jan 4",2020-01-04,CGM,1240,20:40,2020-01-04 20:40,297,,,,,,,,,,,1,CGM,2020-01-04 20:43,247
11,"Sat, Jan 4",2020-01-04,CGM,1250,20:50,2020-01-04 20:50,285,,,,,,,,,,,1,CGM,2020-01-04 20:53,248
11,"Sat, Jan 4",2020-01-04,CGM,1255,20:55,2020-01-04 20:55,275,,,,,,,,,,,1,CGM,2020-01-04 20:58,249
11,"Sat, Jan 4",2020-01-04,CGM,1260,21:00,2020-01-04 21:00,268,,,,,,,,,,,1,CGM,2020-01-04 21:03,250
11,"Sat, Jan 4",2020-01-04,CGM,1265,21:05,2020-01-04 21:05,260,,,,,,,,,,,1,CGM,2020-01-04 21:08,251
11,"Sat, Jan 4",2020-01-04,CGM,1270,21:10,2020-01-04 21:10,246,,,,,,,,,,,1,CGM,2020-01-04 21:13,252
11,"Sat, Jan 4",2020-01-04,CGM,1275,21:15,2020-01-04 21:15,228,,,,,,,,,,,1,CGM,2020-01-04 21:18,253
11,"Sat, Jan 4",2020-01-04,CGM,1280,21:20,2020-01-04 21:20,208,,,,,,,,,,,1,CGM,2020-01-04 21:23,254
11,"Sat, Jan 4",2020-01-04,CGM,1285,21:25,2020-01-04 21:25,181,,,,,,,,,,,1,CGM,2020-01-04 21:28,255
11,"Sat, Jan 4",2020-01-04,CGM,1290,21:30,2020-01-04 21:30,155,,,,,,,,,,,1,CGM,2020-01-04 21:33,256
11,"Sat, Jan 4",2020-01-04,CGM,1295,21:35,2020-01-04 21:35,136,,,,,,,,,,,1,CGM,2020-01-04 21:38,257
11,"Sat, Jan 4",2020-01-04,CGM,1300,21:40,2020-01-04 21:40,119,,,,,,,,,,,1,CGM,2020-01-04 21:43,258
11,"Sat, Jan 4",2020-01-04,CGM,1305,21:45,2020-01-04 21:45,113,,,,,,,,,,,1,CGM,2020-01-04 21:48,259
11,"Sat, Jan 4",2020-01-04,CGM,1310,21:50,2020-01-04 21:50,112,,,,,,,,,,,1,CGM,2020-01-04 21:53,260
11,"Sat, Jan 4",2020-01-04,CGM,1315,21:55,2020-01-04 21:55,104,,,,,,,,,,,1,CGM,2020-01-04 21:58,261
11,"Sat, Jan 4",2020-01-04,CGM,1320,22:00,2020-01-04 22:00,92,,,,,,,,,,,1,CGM,2020-01-04 22:03,262
11,"Sat, Jan 4",2020-01-04,CGM,1325,22:05,2020-01-04 22:05,81,,,,,,,,,,,1,CGM,2020-01-04 22:08,263
11,"Sat, Jan 4",2020-01-04,CGM,1330,22:10,2020-01-04 22:10,72,,,,,,,,,,,1,CGM,2020-01-04 22:13,264
11,"Sat, Jan 4",2020-01-04,CGM,1335,22:15,2020-01-04 22:15,64,,,,,,,,,,,1,CGM,2020-01-04 22:18,265
11,"Sat, Jan 4",2020-01-04,CGM,1340,22:20,2020-01-04 22:20,63,,,,,,,,,,,1,CGM,2020-01-04 22:23,266
11,"Sat, Jan 4",2020-01-04,CGM,1345,22:25,2020-01-04 22:25,63,,,,,,,,,,,1,CGM,2020-01-04 22:28,267
11,"Sat, Jan 4",2020-01-04,CGM,1350,22:30,2020-01-04 22:30,68,,,,,,,,,,,1,CGM,2020-01-04 22:33,268
11,"Sat, Jan 4",2020-01-04,CGM,1355,22:35,2020-01-04 22:35,77,,,,,,,,,,,1,CGM,2020-01-04 22:38,269
11,"Sat, Jan 4",2020-01-04,CGM,1360,22:40,2020-01-04 22:40,77,,,,,,,,,,,1,CGM,2020-01-04 22:43,270
11,"Sat, Jan 4",2020-01-04,CGM,1365,22:45,2020-01-04 22:45,79,,,,,,,,,,,1,CGM,2020-01-04 22:48,271
11,"Sat, Jan 4",2020-01-04,CGM,1370,22:50,2020-01-04 22:50,83,,,,,,,,,,,1,CGM,2020-01-04 22:53,272
11,"Sat, Jan 4",2020-01-04,CGM,1375,22:55,2020-01-04 22:55,82,,,,,,,,,,,1,CGM,2020-01-04 22:58,273
11,"Sat, Jan 4",2020-01-04,CGM,1380,23:00,2020-01-04 23:00,79,,,,,,,,,,,1,CGM,2020-01-04 23:03,274
11,"Sat, Jan 4",2020-01-04,CGM,1385,23:05,2020-01-04 23:05,76,,,,,,,,,,,1,CGM,2020-01-04 23:08,275
11,"Sat, Jan 4",2020-01-04,CGM,1390,23:10,2020-01-04 23:10,78,,,,,,,,,,,1,CGM,2020-01-04 23:13,276
11,"Sat, Jan 4",2020-01-04,CGM,1395,23:15,2020-01-04 23:15,83,,,,,,,,,,,1,CGM,2020-01-04 23:18,277
11,"Sat, Jan 4",2020-01-04,CGM,1400,23:20,2020-01-04 23:20,83,,,,,,,,,,,1,CGM,2020-01-04 23:23,278
11,"Sat, Jan 4",2020-01-04,CGM,1405,23:25,2020-01-04 23:25,84,,,,,,,,,,,1,CGM,2020-01-04 23:28,279
11,"Sat, Jan 4",2020-01-04,CGM,1410,23:30,2020-01-04 23:30,86,,,,,,,,,,,1,CGM,2020-01-04 23:33,280
11,"Sat, Jan 4",2020-01-04,CGM,1415,23:35,2020-01-04 23:35,90,,,,,,,,,,,1,CGM,2020-01-04 23:38,281
11,"Sat, Jan 4",2020-01-04,CGM,1420,23:40,2020-01-04 23:40,94,,,,,,,,,,,1,CGM,2020-01-04 23:43,282
11,"Sat, Jan 4",2020-01-04,CGM,1425,23:45,2020-01-04 23:45,91,,,,,,,,,,,1,CGM,2020-01-04 23:48,283
11,"Sat, Jan 4",2020-01-04,CGM,1430,23:50,2020-01-04 23:50,89,,,,,,,,,,,1,CGM,2020-01-04 23:53,284
11,"Sat, Jan 4",2020-01-04,CGM,1435,23:55,2020-01-04 23:55,88,,,,,,,,,,,1,CGM,2020-01-04 23:58,285
11,"Sat, Jan 4",2020-01-04,Insulin,0,00:00,2020-01-04 00:00,0,,,,,,,,,,,2,Insulin,2020-01-04 00:03,0
11,"Sat, Jan 4",2020-01-04,Insulin,5,00:05,2020-01-04 00:05,0.048,,,,,,,,,,,2,Insulin,2020-01-04 00:08,1
11,"Sat, Jan 4",2020-01-04,Insulin,10,00:10,2020-01-04 00:10,0,,,,,,,,,,,2,Insulin,2020-01-04 00:13,2
11,"Sat, Jan 4",2020-01-04,Insulin,15,00:15,2020-01-04 00:15,0,,,,,,,,,,,2,Insulin,2020-01-04 00:18,3
11,"Sat, Jan 4",2020-01-04,Insulin,20,00:20,2020-01-04 00:20,0,,,,,,,,,,,2,Insulin,2020-01-04 00:23,4
11,"Sat, Jan 4",2020-01-04,Insulin,25,00:25,2020-01-04 00:25,0,,,,,,,,,,,2,Insulin,2020-01-04 00:28,5
11,"Sat, Jan 4",2020-01-04,Insulin,30,00:30,2020-01-04 00:30,0,,,,,,,,,,,2,Insulin,2020-01-04 00:33,6
11,"Sat, Jan 4",2020-01-04,Insulin,35,00:35,2020-01-04 00:35,0,,,,,,,,,,,2,Insulin,2020-01-04 00:38,7
11,"Sat, Jan 4",2020-01-04,Insulin,40,00:40,2020-01-04 00:40,0,,,,,,,,,,,2,Insulin,2020-01-04 00:43,8
11,"Sat, Jan 4",2020-01-04,Insulin,45,00:45,2020-01-04 00:45,0,,,,,,,,,,,2,Insulin,2020-01-04 00:48,9
11,"Sat, Jan 4",2020-01-04,Insulin,50,00:50,2020-01-04 00:50,0,,,,,,,,,,,2,Insulin,2020-01-04 00:53,10
11,"Sat, Jan 4",2020-01-04,Insulin,55,00:55,2020-01-04 00:55,0,,,,,,,,,,,2,Insulin,2020-01-04 00:58,11
11,"Sat, Jan 4",2020-01-04,Insulin,60,01:00,2020-01-04 01:00,0.043,,,,,,,,,,,2,Insulin,2020-01-04 01:03,12
11,"Sat, Jan 4",2020-01-04,Insulin,65,01:05,2020-01-04 01:05,0,,,,,,,,,,,2,Insulin,2020-01-04 01:08,13
11,"Sat, Jan 4",2020-01-04,Insulin,70,01:10,2020-01-04 01:10,0,,,,,,,,,,,2,Insulin,2020-01-04 01:13,14
11,"Sat, Jan 4",2020-01-04,Insulin,75,01:15,2020-01-04 01:15,0.051,,,,,,,,,,,2,Insulin,2020-01-04 01:18,15
11,"Sat, Jan 4",2020-01-04,Insulin,80,01:20,2020-01-04 01:20,0,,,,,,,,,,,2,Insulin,2020-01-04 01:23,16
11,"Sat, Jan 4",2020-01-04,Insulin,85,01:25,2020-01-04 01:25,0,,,,,,,,,,,2,Insulin,2020-01-04 01:28,17
11,"Sat, Jan 4",2020-01-04,Insulin,90,01:30,2020-01-04 01:30,0.043,,,,,,,,,,,2,Insulin,2020-01-04 01:33,18
11,"Sat, Jan 4",2020-01-04,Insulin,95,01:35,2020-01-04 01:35,0.289,,,,,,,,,,,2,Insulin,2020-01-04 01:38,19
11,"Sat, Jan 4",2020-01-04,Insulin,100,01:40,2020-01-04 01:40,1.071,,,,,,,,,,,2,Insulin,2020-01-04 01:43,20
11,"Sat, Jan 4",2020-01-04,Insulin,105,01:45,2020-01-04 01:45,0.894,,,,,,,,,,,2,Insulin,2020-01-04 01:48,21
11,"Sat, Jan 4",2020-01-04,Insulin,110,01:50,2020-01-04 01:50,0.813,,,,,,,,,,,2,Insulin,2020-01-04 01:53,22
11,"Sat, Jan 4",2020-01-04,Insulin,115,01:55,2020-01-04 01:55,0.742,,,,,,,,,,,2,Insulin,2020-01-04 01:58,23
11,"Sat, Jan 4",2020-01-04,Insulin,120,02:00,2020-01-04 02:00,0.046,,,,,,,,,,,2,Insulin,2020-01-04 02:03,24
11,"Sat, Jan 4",2020-01-04,Insulin,125,02:05,2020-01-04 02:05,0,,,,,,,,,,,2,Insulin,2020-01-04 02:08,25
11,"Sat, Jan 4",2020-01-04,Insulin,130,02:10,2020-01-04 02:10,0,,,,,,,,,,,2,Insulin,2020-01-04 02:13,26
11,"Sat, Jan 4",2020-01-04,Insulin,135,02:15,2020-01-04 02:15,0,,,,,,,,,,,2,Insulin,2020-01-04 02:18,27
11,"Sat, Jan 4",2020-01-04,Insulin,140,02:20,2020-01-04 02:20,0,,,,,,,,,,,2,Insulin,2020-01-04 02:23,28
11,"Sat, Jan 4",2020-01-04,Insulin,145,02:25,2020-01-04 02:25,0,,,,,,,,,,,2,Insulin,2020-01-04 02:28,29
11,"Sat, Jan 4",2020-01-04,Insulin,150,02:30,2020-01-04 02:30,0.046,,,,,,,,,,,2,Insulin,2020-01-04 02:33,30
11,"Sat, Jan 4",2020-01-04,Insulin,155,02:35,2020-01-04 02:35,0.043,,,,,,,,,,,2,Insulin,2020-01-04 02:38,31
11,"Sat, Jan 4",2020-01-04,Insulin,160,02:40,2020-01-04 02:40,0,,,,,,,,,,,2,Insulin,2020-01-04 02:43,32
11,"Sat, Jan 4",2020-01-04,Insulin,165,02:45,2020-01-04 02:45,0.048,,,,,,,,,,,2,Insulin,2020-01-04 02:48,33
11,"Sat, Jan 4",2020-01-04,Insulin,170,02:50,2020-01-04 02:50,0,,,,,,,,,,,2,Insulin,2020-01-04 02:53,34
11,"Sat, Jan 4",2020-01-04,Insulin,175,02:55,2020-01-04 02:55,0,,,,,,,,,,,2,Insulin,2020-01-04 02:58,35
11,"Sat, Jan 4",2020-01-04,Insulin,180,03:00,2020-01-04 03:00,0,,,,,,,,,,,2,Insulin,2020-01-04 03:03,36
11,"Sat, Jan 4",2020-01-04,Insulin,185,03:05,2020-01-04 03:05,0.046,,,,,,,,,,,2,Insulin,2020-01-04 03:08,37
11,"Sat, Jan 4",2020-01-04,Insulin,190,03:10,2020-01-04 03:10,0,,,,,,,,,,,2,Insulin,2020-01-04 03:13,38
11,"Sat, Jan 4",2020-01-04,Insulin,195,03:15,2020-01-04 03:15,0,,,,,,,,,,,2,Insulin,2020-01-04 03:18,39
11,"Sat, Jan 4",2020-01-04,Insulin,200,03:20,2020-01-04 03:20,0,,,,,,,,,,,2,Insulin,2020-01-04 03:23,40
11,"Sat, Jan 4",2020-01-04,Insulin,205,03:25,2020-01-04 03:25,0,,,,,,,,,,,2,Insulin,2020-01-04 03:28,41
11,"Sat, Jan 4",2020-01-04,Insulin,210,03:30,2020-01-04 03:30,0,,,,,,,,,,,2,Insulin,2020-01-04 03:33,42
11,"Sat, Jan 4",2020-01-04,Insulin,215,03:35,2020-01-04 03:35,0,,,,,,,,,,,2,Insulin,2020-01-04 03:38,43
11,"Sat, Jan 4",2020-01-04,Insulin,220,03:40,2020-01-04 03:40,0.044,,,,,,,,,,,2,Insulin,2020-01-04 03:43,44
11,"Sat, Jan 4",2020-01-04,Insulin,225,03:45,2020-01-04 03:45,0,,,,,,,,,,,2,Insulin,2020-01-04 03:48,45
11,"Sat, Jan 4",2020-01-04,Insulin,230,03:50,2020-01-04 03:50,0.047,,,,,,,,,,,2,Insulin,2020-01-04 03:53,46
11,"Sat, Jan 4",2020-01-04,Insulin,235,03:55,2020-01-04 03:55,0,,,,,,,,,,,2,Insulin,2020-01-04 03:58,47
11,"Sat, Jan 4",2020-01-04,Insulin,240,04:00,2020-01-04 04:00,0.043,,,,,,,,,,,2,Insulin,2020-01-04 04:03,48
11,"Sat, Jan 4",2020-01-04,Insulin,245,04:05,2020-01-04 04:05,0,,,,,,,,,,,2,Insulin,2020-01-04 04:08,49
11,"Sat, Jan 4",2020-01-04,Insulin,250,04:10,2020-01-04 04:10,0.051,,,,,,,,,,,2,Insulin,2020-01-04 04:13,50
11,"Sat, Jan 4",2020-01-04,Insulin,255,04:15,2020-01-04 04:15,0,,,,,,,,,,,2,Insulin,2020-01-04 04:18,51
11,"Sat, Jan 4",2020-01-04,Insulin,260,04:20,2020-01-04 04:20,0.043,,,,,,,,,,,2,Insulin,2020-01-04 04:23,52
11,"Sat, Jan 4",2020-01-04,Insulin,265,04:25,2020-01-04 04:25,0,,,,,,,,,,,2,Insulin,2020-01-04 04:28,53
11,"Sat, Jan 4",2020-01-04,Insulin,270,04:30,2020-01-04 04:30,0.456,,,,,,,,,,,2,Insulin,2020-01-04 04:33,54
11,"Sat, Jan 4",2020-01-04,Insulin,275,04:35,2020-01-04 04:35,0.4,,,,,,,,,,,2,Insulin,2020-01-04 04:38,55
11,"Sat, Jan 4",2020-01-04,Insulin,280,04:40,2020-01-04 04:40,0.359,,,,,,,,,,,2,Insulin,2020-01-04 04:43,56
11,"Sat, Jan 4",2020-01-04,Insulin,285,04:45,2020-01-04 04:45,0.051,,,,,,,,,,,2,Insulin,2020-01-04 04:48,57
11,"Sat, Jan 4",2020-01-04,Insulin,290,04:50,2020-01-04 04:50,0.046,,,,,,,,,,,2,Insulin,2020-01-04 04:53,58
11,"Sat, Jan 4",2020-01-04,Insulin,295,04:55,2020-01-04 04:55,0.452,,,,,,,,,,,2,Insulin,2020-01-04 04:58,59
11,"Sat, Jan 4",2020-01-04,Insulin,300,05:00,2020-01-04 05:00,0.554,,,,,,,,,,,2,Insulin,2020-01-04 05:03,60
11,"Sat, Jan 4",2020-01-04,Insulin,305,05:05,2020-01-04 05:05,0.211,,,,,,,,,,,2,Insulin,2020-01-04 05:08,61
11,"Sat, Jan 4",2020-01-04,Insulin,310,05:10,2020-01-04 05:10,0.34,,,,,,,,,,,2,Insulin,2020-01-04 05:13,62
11,"Sat, Jan 4",2020-01-04,Insulin,315,05:15,2020-01-04 05:15,0.312,,,,,,,,,,,2,Insulin,2020-01-04 05:18,63
11,"Sat, Jan 4",2020-01-04,Insulin,320,05:20,2020-01-04 05:20,0.218,,,,,,,,,,,2,Insulin,2020-01-04 05:23,64
11,"Sat, Jan 4",2020-01-04,Insulin,325,05:25,2020-01-04 05:25,0.231,,,,,,,,,,,2,Insulin,2020-01-04 05:28,65
11,"Sat, Jan 4",2020-01-04,Insulin,330,05:30,2020-01-04 05:30,0.083,,,,,,,,,,,2,Insulin,2020-01-04 05:33,66
11,"Sat, Jan 4",2020-01-04,Insulin,335,05:35,2020-01-04 05:35,0.176,,,,,,,,,,,2,Insulin,2020-01-04 05:38,67
11,"Sat, Jan 4",2020-01-04,Insulin,340,05:40,2020-01-04 05:40,0.043,,,,,,,,,,,2,Insulin,2020-01-04 05:43,68
11,"Sat, Jan 4",2020-01-04,Insulin,345,05:45,2020-01-04 05:45,0,,,,,,,,,,,2,Insulin,2020-01-04 05:48,69
11,"Sat, Jan 4",2020-01-04,Insulin,350,05:50,2020-01-04 05:50,0,,,,,,,,,,,2,Insulin,2020-01-04 05:53,70
11,"Sat, Jan 4",2020-01-04,Insulin,355,05:55,2020-01-04 05:55,0,,,,,,,,,,,2,Insulin,2020-01-04 05:58,71
11,"Sat, Jan 4",2020-01-04,Insulin,360,06:00,2020-01-04 06:00,0.043,,,,,,,,,,,2,Insulin,2020-01-04 06:03,72
11,"Sat, Jan 4",2020-01-04,Insulin,365,06:05,2020-01-04 06:05,0.099,,,,,,,,,,,2,Insulin,2020-01-04 06:08,73
11,"Sat, Jan 4",2020-01-04,Insulin,370,06:10,2020-01-04 06:10,0.142,,,,,,,,,,,2,Insulin,2020-01-04 06:13,74
11,"Sat, Jan 4",2020-01-04,Insulin,375,06:15,2020-01-04 06:15,0.637,,,,,,,,,,,2,Insulin,2020-01-04 06:18,75
11,"Sat, Jan 4",2020-01-04,Insulin,380,06:20,2020-01-04 06:20,0.084,,,,,,,,,,,2,Insulin,2020-01-04 06:23,76
11,"Sat, Jan 4",2020-01-04,Insulin,385,06:25,2020-01-04 06:25,0,,,,,,,,,,,2,Insulin,2020-01-04 06:28,77
11,"Sat, Jan 4",2020-01-04,Insulin,390,06:30,2020-01-04 06:30,0,,,,,,,,,,,2,Insulin,2020-01-04 06:33,78
11,"Sat, Jan 4",2020-01-04,Insulin,395,06:35,2020-01-04 06:35,0.081,,,,,,,,,,,2,Insulin,2020-01-04 06:38,79
11,"Sat, Jan 4",2020-01-04,Insulin,400,06:40,2020-01-04 06:40,0.142,,,,,,,,,,,2,Insulin,2020-01-04 06:43,80
11,"Sat, Jan 4",2020-01-04,Insulin,405,06:45,2020-01-04 06:45,0,,,,,,,,,,,2,Insulin,2020-01-04 06:48,81
11,"Sat, Jan 4",2020-01-04,Insulin,410,06:50,2020-01-04 06:50,0,,,,,,,,,,,2,Insulin,2020-01-04 06:53,82
11,"Sat, Jan 4",2020-01-04,Insulin,415,06:55,2020-01-04 06:55,0,,,,,,,,,,,2,Insulin,2020-01-04 06:58,83
11,"Sat, Jan 4",2020-01-04,Insulin,420,07:00,2020-01-04 07:00,0.104,,,,,,,,,,,2,Insulin,2020-01-04 07:03,84
11,"Sat, Jan 4",2020-01-04,Insulin,425,07:05,2020-01-04 07:05,0.127,,,,,,,,,,,2,Insulin,2020-01-04 07:08,85
11,"Sat, Jan 4",2020-01-04,Insulin,430,07:10,2020-01-04 07:10,0,,,,,,,,,,,2,Insulin,2020-01-04 07:13,86
11,"Sat, Jan 4",2020-01-04,Insulin,435,07:15,2020-01-04 07:15,0.122,,,,,,,,,,,2,Insulin,2020-01-04 07:18,87
11,"Sat, Jan 4",2020-01-04,Insulin,440,07:20,2020-01-04 07:20,0.132,,,,,,,,,,,2,Insulin,2020-01-04 07:23,88
11,"Sat, Jan 4",2020-01-04,Insulin,445,07:25,2020-01-04 07:25,0.137,,,,,,,,,,,2,Insulin,2020-01-04 07:28,89
11,"Sat, Jan 4",2020-01-04,Insulin,450,07:30,2020-01-04 07:30,0.104,,,,,,,,,,,2,Insulin,2020-01-04 07:33,90
11,"Sat, Jan 4",2020-01-04,Insulin,455,07:35,2020-01-04 07:35,0.137,,,,,,,,,,,2,Insulin,2020-01-04 07:38,91
11,"Sat, Jan 4",2020-01-04,Insulin,460,07:40,2020-01-04 07:40,0.132,,,,,,,,,,,2,Insulin,2020-01-04 07:43,92
11,"Sat, Jan 4",2020-01-04,Insulin,465,07:45,2020-01-04 07:45,0.112,,,,,,,,,,,2,Insulin,2020-01-04 07:48,93
11,"Sat, Jan 4",2020-01-04,Insulin,470,07:50,2020-01-04 07:50,0.091,,,,,,,,,,,2,Insulin,2020-01-04 07:53,94
11,"Sat, Jan 4",2020-01-04,Insulin,475,07:55,2020-01-04 07:55,0,,,,,,,,,,,2,Insulin,2020-01-04 07:58,95
11,"Sat, Jan 4",2020-01-04,Insulin,480,08:00,2020-01-04 08:00,0,,,,,,,,,,,2,Insulin,2020-01-04 08:03,96
11,"Sat, Jan 4",2020-01-04,Insulin,485,08:05,2020-01-04 08:05,0.122,,,,,,,,,,,2,Insulin,2020-01-04 08:08,97
11,"Sat, Jan 4",2020-01-04,Insulin,490,08:10,2020-01-04 08:10,0.097,,,,,,,,,,,2,Insulin,2020-01-04 08:13,98
11,"Sat, Jan 4",2020-01-04,Insulin,495,08:15,2020-01-04 08:15,0.079,,,,,,,,,,,2,Insulin,2020-01-04 08:18,99
11,"Sat, Jan 4",2020-01-04,Insulin,500,08:20,2020-01-04 08:20,0.117,,,,,,,,,,,2,Insulin,2020-01-04 08:23,100
11,"Sat, Jan 4",2020-01-04,Insulin,505,08:25,2020-01-04 08:25,0.117,,,,,,,,,,,2,Insulin,2020-01-04 08:28,101
11,"Sat, Jan 4",2020-01-04,Insulin,510,08:30,2020-01-04 08:30,0.081,,,,,,,,,,,2,Insulin,2020-01-04 08:33,102
11,"Sat, Jan 4",2020-01-04,Insulin,515,08:35,2020-01-04 08:35,0.112,,,,,,,,,,,2,Insulin,2020-01-04 08:38,103
11,"Sat, Jan 4",2020-01-04,Insulin,520,08:40,2020-01-04 08:40,0.117,,,,,,,,,,,2,Insulin,2020-01-04 08:43,104
11,"Sat, Jan 4",2020-01-04,Insulin,525,08:45,2020-01-04 08:45,0,,,,,,,,,,,2,Insulin,2020-01-04 08:48,105
11,"Sat, Jan 4",2020-01-04,Insulin,530,08:50,2020-01-04 08:50,0.088,,,,,,,,,,,2,Insulin,2020-01-04 08:53,106
11,"Sat, Jan 4",2020-01-04,Insulin,535,08:55,2020-01-04 08:55,0.113,,,,,,,,,,,2,Insulin,2020-01-04 08:58,107
11,"Sat, Jan 4",2020-01-04,Insulin,540,09:00,2020-01-04 09:00,0.112,,,,,,,,,,,2,Insulin,2020-01-04 09:03,108
11,"Sat, Jan 4",2020-01-04,Insulin,545,09:05,2020-01-04 09:05,0.107,,,,,,,,,,,2,Insulin,2020-01-04 09:08,109
11,"Sat, Jan 4",2020-01-04,Insulin,550,09:10,2020-01-04 09:10,0.117,,,,,,,,,,,2,Insulin,2020-01-04 09:13,110
11,"Sat, Jan 4",2020-01-04,Insulin,555,09:15,2020-01-04 09:15,0.089,,,,,,,,,,,2,Insulin,2020-01-04 09:18,111
11,"Sat, Jan 4",2020-01-04,Insulin,560,09:20,2020-01-04 09:20,0,,,,,,,,,,,2,Insulin,2020-01-04 09:23,112
11,"Sat, Jan 4",2020-01-04,Insulin,565,09:25,2020-01-04 09:25,0,,,,,,,,,,,2,Insulin,2020-01-04 09:28,113
11,"Sat, Jan 4",2020-01-04,Insulin,570,09:30,2020-01-04 09:30,0,,,,,,,,,,,2,Insulin,2020-01-04 09:33,114
11,"Sat, Jan 4",2020-01-04,Insulin,575,09:35,2020-01-04 09:35,0.099,,,,,,,,,,,2,Insulin,2020-01-04 09:38,115
11,"Sat, Jan 4",2020-01-04,Insulin,580,09:40,2020-01-04 09:40,0,,,,,,,,,,,2,Insulin,2020-01-04 09:43,116
11,"Sat, Jan 4",2020-01-04,Insulin,585,09:45,2020-01-04 09:45,0,,,,,,,,,,,2,Insulin,2020-01-04 09:48,117
11,"Sat, Jan 4",2020-01-04,Insulin,590,09:50,2020-01-04 09:50,0.091,,,,,,,,,,,2,Insulin,2020-01-04 09:53,118
11,"Sat, Jan 4",2020-01-04,Insulin,595,09:55,2020-01-04 09:55,0,,,,,,,,,,,2,Insulin,2020-01-04 09:58,119
11,"Sat, Jan 4",2020-01-04,Insulin,600,10:00,2020-01-04 10:00,0.086,,,,,,,,,,,2,Insulin,2020-01-04 10:03,120
11,"Sat, Jan 4",2020-01-04,Insulin,605,10:05,2020-01-04 10:05,0.089,,,,,,,,,,,2,Insulin,2020-01-04 10:08,121
11,"Sat, Jan 4",2020-01-04,Insulin,610,10:10,2020-01-04 10:10,0.091,,,,,,,,,,,2,Insulin,2020-01-04 10:13,122
11,"Sat, Jan 4",2020-01-04,Insulin,615,10:15,2020-01-04 10:15,0.091,,,,,,,,,,,2,Insulin,2020-01-04 10:18,123
11,"Sat, Jan 4",2020-01-04,Insulin,620,10:20,2020-01-04 10:20,0.081,,,,,,,,,,,2,Insulin,2020-01-04 10:23,124
11,"Sat, Jan 4",2020-01-04,Insulin,625,10:25,2020-01-04 10:25,0.099,,,,,,,,,,,2,Insulin,2020-01-04 10:28,125
11,"Sat, Jan 4",2020-01-04,Insulin,630,10:30,2020-01-04 10:30,0.091,,,,,,,,,,,2,Insulin,2020-01-04 10:33,126
11,"Sat, Jan 4",2020-01-04,Insulin,635,10:35,2020-01-04 10:35,0.107,,,,,,,,,,,2,Insulin,2020-01-04 10:38,127
11,"Sat, Jan 4",2020-01-04,Insulin,640,10:40,2020-01-04 10:40,0.109,,,,,,,,,,,2,Insulin,2020-01-04 10:43,128
11,"Sat, Jan 4",2020-01-04,Insulin,645,10:45,2020-01-04 10:45,0.112,,,,,,,,,,,2,Insulin,2020-01-04 10:48,129
11,"Sat, Jan 4",2020-01-04,Insulin,650,10:50,2020-01-04 10:50,0.122,,,,,,,,,,,2,Insulin,2020-01-04 10:53,130
11,"Sat, Jan 4",2020-01-04,Insulin,655,10:55,2020-01-04 10:55,0.122,,,,,,,,,,,2,Insulin,2020-01-04 10:58,131
11,"Sat, Jan 4",2020-01-04,Insulin,660,11:00,2020-01-04 11:00,0.102,,,,,,,,,,,2,Insulin,2020-01-04 11:03,132
11,"Sat, Jan 4",2020-01-04,Insulin,665,11:05,2020-01-04 11:05,0.122,,,,,,,,,,,2,Insulin,2020-01-04 11:08,133
11,"Sat, Jan 4",2020-01-04,Insulin,670,11:10,2020-01-04 11:10,0.127,,,,,,,,,,,2,Insulin,2020-01-04 11:13,134
11,"Sat, Jan 4",2020-01-04,Insulin,675,11:15,2020-01-04 11:15,0.361,,,,,,,,,,,2,Insulin,2020-01-04 11:18,135
11,"Sat, Jan 4",2020-01-04,Insulin,680,11:20,2020-01-04 11:20,0.755,,,,,,,,,,,2,Insulin,2020-01-04 11:23,136
11,"Sat, Jan 4",2020-01-04,Insulin,685,11:25,2020-01-04 11:25,0.973,,,,,,,,,,,2,Insulin,2020-01-04 11:28,137
11,"Sat, Jan 4",2020-01-04,Insulin,690,11:30,2020-01-04 11:30,1.049,,,,,,,,,,,2,Insulin,2020-01-04 11:33,138
11,"Sat, Jan 4",2020-01-04,Insulin,695,11:35,2020-01-04 11:35,1.125,,,,,,,,,,,2,Insulin,2020-01-04 11:38,139
11,"Sat, Jan 4",2020-01-04,Insulin,700,11:40,2020-01-04 11:40,1.052,,,,,,,,,,,2,Insulin,2020-01-04 11:43,140
11,"Sat, Jan 4",2020-01-04,Insulin,705,11:45,2020-01-04 11:45,0.267,,,,,,,,,,,2,Insulin,2020-01-04 11:48,141
11,"Sat, Jan 4",2020-01-04,Insulin,710,11:50,2020-01-04 11:50,0.61,,,,,,,,,,,2,Insulin,2020-01-04 11:53,142
11,"Sat, Jan 4",2020-01-04,Insulin,715,11:55,2020-01-04 11:55,0.196,,,,,,,,,,,2,Insulin,2020-01-04 11:58,143
11,"Sat, Jan 4",2020-01-04,Insulin,720,12:00,2020-01-04 12:00,0.064,,,,,,,,,,,2,Insulin,2020-01-04 12:03,144
11,"Sat, Jan 4",2020-01-04,Insulin,725,12:05,2020-01-04 12:05,0.107,,,,,,,,,,,2,Insulin,2020-01-04 12:08,145
11,"Sat, Jan 4",2020-01-04,Insulin,730,12:10,2020-01-04 12:10,0.043,,,,,,,,,,,2,Insulin,2020-01-04 12:13,146
11,"Sat, Jan 4",2020-01-04,Insulin,735,12:15,2020-01-04 12:15,0.043,,,,,,,,,,,2,Insulin,2020-01-04 12:18,147
11,"Sat, Jan 4",2020-01-04,Insulin,740,12:20,2020-01-04 12:20,0.056,,,,,,,,,,,2,Insulin,2020-01-04 12:23,148
11,"Sat, Jan 4",2020-01-04,Insulin,745,12:25,2020-01-04 12:25,0.099,,,,,,,,,,,2,Insulin,2020-01-04 12:28,149
11,"Sat, Jan 4",2020-01-04,Insulin,750,12:30,2020-01-04 12:30,0,,,,,,,,,,,2,Insulin,2020-01-04 12:33,150
11,"Sat, Jan 4",2020-01-04,Insulin,755,12:35,2020-01-04 12:35,0,,,,,,,,,,,2,Insulin,2020-01-04 12:38,151
11,"Sat, Jan 4",2020-01-04,Insulin,760,12:40,2020-01-04 12:40,0,,,,,,,,,,,2,Insulin,2020-01-04 12:43,152
11,"Sat, Jan 4",2020-01-04,Insulin,765,12:45,2020-01-04 12:45,0,,,,,,,,,,,2,Insulin,2020-01-04 12:48,153
11,"Sat, Jan 4",2020-01-04,Insulin,770,12:50,2020-01-04 12:50,0,,,,,,,,,,,2,Insulin,2020-01-04 12:53,154
11,"Sat, Jan 4",2020-01-04,Insulin,775,12:55,2020-01-04 12:55,0,,,,,,,,,,,2,Insulin,2020-01-04 12:58,155
11,"Sat, Jan 4",2020-01-04,Insulin,780,13:00,2020-01-04 13:00,0,,,,,,,,,,,2,Insulin,2020-01-04 13:03,156
11,"Sat, Jan 4",2020-01-04,Insulin,785,13:05,2020-01-04 13:05,0,,,,,,,,,,,2,Insulin,2020-01-04 13:08,157
11,"Sat, Jan 4",2020-01-04,Insulin,790,13:10,2020-01-04 13:10,0,,,,,,,,,,,2,Insulin,2020-01-04 13:13,158
11,"Sat, Jan 4",2020-01-04,Insulin,795,13:15,2020-01-04 13:15,0,,,,,,,,,,,2,Insulin,2020-01-04 13:18,159
11,"Sat, Jan 4",2020-01-04,Insulin,800,13:20,2020-01-04 13:20,0,,,,,,,,,,,2,Insulin,2020-01-04 13:23,160
11,"Sat, Jan 4",2020-01-04,Insulin,805,13:25,2020-01-04 13:25,0,,,,,,,,,,,2,Insulin,2020-01-04 13:28,161
11,"Sat, Jan 4",2020-01-04,Insulin,810,13:30,2020-01-04 13:30,0,,,,,,,,,,,2,Insulin,2020-01-04 13:33,162
11,"Sat, Jan 4",2020-01-04,Insulin,815,13:35,2020-01-04 13:35,0,,,,,,,,,,,2,Insulin,2020-01-04 13:38,163
11,"Sat, Jan 4",2020-01-04,Insulin,820,13:40,2020-01-04 13:40,0,,,,,,,,,,,2,Insulin,2020-01-04 13:43,164
11,"Sat, Jan 4",2020-01-04,Insulin,825,13:45,2020-01-04 13:45,0,,,,,,,,,,,2,Insulin,2020-01-04 13:48,165
11,"Sat, Jan 4",2020-01-04,Insulin,830,13:50,2020-01-04 13:50,0,,,,,,,,,,,2,Insulin,2020-01-04 13:53,166
11,"Sat, Jan 4",2020-01-04,Insulin,835,13:55,2020-01-04 13:55,0,,,,,,,,,,,2,Insulin,2020-01-04 13:58,167
11,"Sat, Jan 4",2020-01-04,Insulin,840,14:00,2020-01-04 14:00,0,,,,,,,,,,,2,Insulin,2020-01-04 14:03,168
11,"Sat, Jan 4",2020-01-04,Insulin,845,14:05,2020-01-04 14:05,0,,,,,,,,,,,2,Insulin,2020-01-04 14:08,169
11,"Sat, Jan 4",2020-01-04,Insulin,850,14:10,2020-01-04 14:10,0,,,,,,,,,,,2,Insulin,2020-01-04 14:13,170
11,"Sat, Jan 4",2020-01-04,Insulin,855,14:15,2020-01-04 14:15,0,,,,,,,,,,,2,Insulin,2020-01-04 14:18,171
11,"Sat, Jan 4",2020-01-04,Insulin,860,14:20,2020-01-04 14:20,0,,,,,,,,,,,2,Insulin,2020-01-04 14:23,172
11,"Sat, Jan 4",2020-01-04,Insulin,865,14:25,2020-01-04 14:25,0,,,,,,,,,,,2,Insulin,2020-01-04 14:28,173
11,"Sat, Jan 4",2020-01-04,Insulin,870,14:30,2020-01-04 14:30,0,,,,,,,,,,,2,Insulin,2020-01-04 14:33,174
11,"Sat, Jan 4",2020-01-04,Insulin,875,14:35,2020-01-04 14:35,0,,,,,,,,,,,2,Insulin,2020-01-04 14:38,175
11,"Sat, Jan 4",2020-01-04,Insulin,880,14:40,2020-01-04 14:40,0,,,,,,,,,,,2,Insulin,2020-01-04 14:43,176
11,"Sat, Jan 4",2020-01-04,Insulin,885,14:45,2020-01-04 14:45,0,,,,,,,,,,,2,Insulin,2020-01-04 14:48,177
11,"Sat, Jan 4",2020-01-04,Insulin,890,14:50,2020-01-04 14:50,0.043,,,,,,,,,,,2,Insulin,2020-01-04 14:53,178
11,"Sat, Jan 4",2020-01-04,Insulin,895,14:55,2020-01-04 14:55,0.046,,,,,,,,,,,2,Insulin,2020-01-04 14:58,179
11,"Sat, Jan 4",2020-01-04,Insulin,900,15:00,2020-01-04 15:00,0.102,,,,,,,,,,,2,Insulin,2020-01-04 15:03,180
11,"Sat, Jan 4",2020-01-04,Insulin,905,15:05,2020-01-04 15:05,0.046,,,,,,,,,,,2,Insulin,2020-01-04 15:08,181
11,"Sat, Jan 4",2020-01-04,Insulin,910,15:10,2020-01-04 15:10,0,,,,,,,,,,,2,Insulin,2020-01-04 15:13,182
11,"Sat, Jan 4",2020-01-04,Insulin,915,15:15,2020-01-04 15:15,0.048,,,,,,,,,,,2,Insulin,2020-01-04 15:18,183
11,"Sat, Jan 4",2020-01-04,Insulin,920,15:20,2020-01-04 15:20,0,,,,,,,,,,,2,Insulin,2020-01-04 15:23,184
11,"Sat, Jan 4",2020-01-04,Insulin,925,15:25,2020-01-04 15:25,0,,,,,,,,,,,2,Insulin,2020-01-04 15:28,185
11,"Sat, Jan 4",2020-01-04,Insulin,930,15:30,2020-01-04 15:30,0.695,,,,,,,,,,,2,Insulin,2020-01-04 15:33,186
11,"Sat, Jan 4",2020-01-04,Insulin,935,15:35,2020-01-04 15:35,0.378,,,,,,,,,,,2,Insulin,2020-01-04 15:38,187
11,"Sat, Jan 4",2020-01-04,Insulin,940,15:40,2020-01-04 15:40,0,,,,,,,,,,,2,Insulin,2020-01-04 15:43,188
11,"Sat, Jan 4",2020-01-04,Insulin,945,15:45,2020-01-04 15:45,0.043,,,,,,,,,,,2,Insulin,2020-01-04 15:48,189
11,"Sat, Jan 4",2020-01-04,Insulin,950,15:50,2020-01-04 15:50,0,,,,,,,,,,,2,Insulin,2020-01-04 15:53,190
11,"Sat, Jan 4",2020-01-04,Insulin,955,15:55,2020-01-04 15:55,0.34,,,,,,,,,,,2,Insulin,2020-01-04 15:58,191
11,"Sat, Jan 4",2020-01-04,Insulin,960,16:00,2020-01-04 16:00,0.97,,,,,,,,,,,2,Insulin,2020-01-04 16:03,192
11,"Sat, Jan 4",2020-01-04,Insulin,965,16:05,2020-01-04 16:05,0.885,,,,,,,,,,,2,Insulin,2020-01-04 16:08,193
11,"Sat, Jan 4",2020-01-04,Insulin,970,16:10,2020-01-04 16:10,1.213,,,,,,,,,,,2,Insulin,2020-01-04 16:13,194
11,"Sat, Jan 4",2020-01-04,Insulin,975,16:15,2020-01-04 16:15,1.001,,,,,,,,,,,2,Insulin,2020-01-04 16:18,195
11,"Sat, Jan 4",2020-01-04,Insulin,980,16:20,2020-01-04 16:20,0.712,,,,,,,,,,,2,Insulin,2020-01-04 16:23,196
11,"Sat, Jan 4",2020-01-04,Insulin,985,16:25,2020-01-04 16:25,0.088,,,,,,,,,,,2,Insulin,2020-01-04 16:28,197
11,"Sat, Jan 4",2020-01-04,Insulin,990,16:30,2020-01-04 16:30,0.091,,,,,,,,,,,2,Insulin,2020-01-04 16:33,198
11,"Sat, Jan 4",2020-01-04,Insulin,995,16:35,2020-01-04 16:35,0,,,,,,,,,,,2,Insulin,2020-01-04 16:38,199
11,"Sat, Jan 4",2020-01-04,Insulin,1000,16:40,2020-01-04 16:40,0.32,,,,,,,,,,,2,Insulin,2020-01-04 16:43,200
11,"Sat, Jan 4",2020-01-04,Insulin,1005,16:45,2020-01-04 16:45,0.276,,,,,,,,,,,2,Insulin,2020-01-04 16:48,201
11,"Sat, Jan 4",2020-01-04,Insulin,1010,16:50,2020-01-04 16:50,0.074,,,,,,,,,,,2,Insulin,2020-01-04 16:53,202
11,"Sat, Jan 4",2020-01-04,Insulin,1015,16:55,2020-01-04 16:55,0,,,,,,,,,,,2,Insulin,2020-01-04 16:58,203
11,"Sat, Jan 4",2020-01-04,Insulin,1020,17:00,2020-01-04 17:00,0,,,,,,,,,,,2,Insulin,2020-01-04 17:03,204
11,"Sat, Jan 4",2020-01-04,Insulin,1025,17:05,2020-01-04 17:05,0,,,,,,,,,,,2,Insulin,2020-01-04 17:08,205
11,"Sat, Jan 4",2020-01-04,Insulin,1030,17:10,2020-01-04 17:10,0,,,,,,,,,,,2,Insulin,2020-01-04 17:13,206
11,"Sat, Jan 4",2020-01-04,Insulin,1035,17:15,2020-01-04 17:15,0,,,,,,,,,,,2,Insulin,2020-01-04 17:18,207
11,"Sat, Jan 4",2020-01-04,Insulin,1040,17:20,2020-01-04 17:20,0,,,,,,,,,,,2,Insulin,2020-01-04 17:23,208
11,"Sat, Jan 4",2020-01-04,Insulin,1045,17:25,2020-01-04 17:25,0,,,,,,,,,,,2,Insulin,2020-01-04 17:28,209
11,"Sat, Jan 4",2020-01-04,Insulin,1050,17:30,2020-01-04 17:30,0,,,,,,,,,,,2,Insulin,2020-01-04 17:33,210
11,"Sat, Jan 4",2020-01-04,Insulin,1055,17:35,2020-01-04 17:35,0,,,,,,,,,,,2,Insulin,2020-01-04 17:38,211
11,"Sat, Jan 4",2020-01-04,Insulin,1060,17:40,2020-01-04 17:40,0,,,,,,,,,,,2,Insulin,2020-01-04 17:43,212
11,"Sat, Jan 4",2020-01-04,Insulin,1065,17:45,2020-01-04 17:45,0,,,,,,,,,,,2,Insulin,2020-01-04 17:48,213
11,"Sat, Jan 4",2020-01-04,Insulin,1070,17:50,2020-01-04 17:50,0,,,,,,,,,,,2,Insulin,2020-01-04 17:53,214
11,"Sat, Jan 4",2020-01-04,Insulin,1075,17:55,2020-01-04 17:55,0,,,,,,,,,,,2,Insulin,2020-01-04 17:58,215
11,"Sat, Jan 4",2020-01-04,Insulin,1080,18:00,2020-01-04 18:00,0,,,,,,,,,,,2,Insulin,2020-01-04 18:03,216
11,"Sat, Jan 4",2020-01-04,Insulin,1085,18:05,2020-01-04 18:05,0,,,,,,,,,,,2,Insulin,2020-01-04 18:08,217
11,"Sat, Jan 4",2020-01-04,Insulin,1090,18:10,2020-01-04 18:10,0,,,,,,,,,,,2,Insulin,2020-01-04 18:13,218
11,"Sat, Jan 4",2020-01-04,Insulin,1095,18:15,2020-01-04 18:15,0,,,,,,,,,,,2,Insulin,2020-01-04 18:18,219
11,"Sat, Jan 4",2020-01-04,Insulin,1100,18:20,2020-01-04 18:20,0.066,,,,,,,,,,,2,Insulin,2020-01-04 18:23,220
11,"Sat, Jan 4",2020-01-04,Insulin,1105,18:25,2020-01-04 18:25,0.081,,,,,,,,,,,2,Insulin,2020-01-04 18:28,221
11,"Sat, Jan 4",2020-01-04,Insulin,1110,18:30,2020-01-04 18:30,0.089,,,,,,,,,,,2,Insulin,2020-01-04 18:33,222
11,"Sat, Jan 4",2020-01-04,Insulin,1115,18:35,2020-01-04 18:35,0.091,,,,,,,,,,,2,Insulin,2020-01-04 18:38,223
11,"Sat, Jan 4",2020-01-04,Insulin,1120,18:40,2020-01-04 18:40,0.132,,,,,,,,,,,2,Insulin,2020-01-04 18:43,224
11,"Sat, Jan 4",2020-01-04,Insulin,1125,18:45,2020-01-04 18:45,0.104,,,,,,,,,,,2,Insulin,2020-01-04 18:48,225
11,"Sat, Jan 4",2020-01-04,Insulin,1130,18:50,2020-01-04 18:50,0.051,,,,,,,,,,,2,Insulin,2020-01-04 18:53,226
11,"Sat, Jan 4",2020-01-04,Insulin,1135,18:55,2020-01-04 18:55,0.071,,,,,,,,,,,2,Insulin,2020-01-04 18:58,227
11,"Sat, Jan 4",2020-01-04,Insulin,1140,19:00,2020-01-04 19:00,0.067,,,,,,,,,,,2,Insulin,2020-01-04 19:03,228
11,"Sat, Jan 4",2020-01-04,Insulin,1145,19:05,2020-01-04 19:05,0,,,,,,,,,,,2,Insulin,2020-01-04 19:08,229
11,"Sat, Jan 4",2020-01-04,Insulin,1150,19:10,2020-01-04 19:10,0.05,,,,,,,,,,,2,Insulin,2020-01-04 19:13,230
11,"Sat, Jan 4",2020-01-04,Insulin,1155,19:15,2020-01-04 19:15,0.081,,,,,,,,,,,2,Insulin,2020-01-04 19:18,231
11,"Sat, Jan 4",2020-01-04,Insulin,1160,19:20,2020-01-04 19:20,0.233,,,,,,,,,,,2,Insulin,2020-01-04 19:23,232
11,"Sat, Jan 4",2020-01-04,Insulin,1165,19:25,2020-01-04 19:25,0.256,,,,,,,,,,,2,Insulin,2020-01-04 19:28,233
11,"Sat, Jan 4",2020-01-04,Insulin,1170,19:30,2020-01-04 19:30,0.553,,,,,,,,,,,2,Insulin,2020-01-04 19:33,234
11,"Sat, Jan 4",2020-01-04,Insulin,1175,19:35,2020-01-04 19:35,0.221,,,,,,,,,,,2,Insulin,2020-01-04 19:38,235
11,"Sat, Jan 4",2020-01-04,Insulin,1180,19:40,2020-01-04 19:40,0.107,,,,,,,,,,,2,Insulin,2020-01-04 19:43,236
11,"Sat, Jan 4",2020-01-04,Insulin,1185,19:45,2020-01-04 19:45,0.292,,,,,,,,,,,2,Insulin,2020-01-04 19:48,237
11,"Sat, Jan 4",2020-01-04,Insulin,1190,19:50,2020-01-04 19:50,0.152,,,,,,,,,,,2,Insulin,2020-01-04 19:53,238
11,"Sat, Jan 4",2020-01-04,Insulin,1195,19:55,2020-01-04 19:55,0.556,,,,,,,,,,,2,Insulin,2020-01-04 19:58,239
11,"Sat, Jan 4",2020-01-04,Insulin,1200,20:00,2020-01-04 20:00,0.927,,,,,,,,,,,2,Insulin,2020-01-04 20:03,240
11,"Sat, Jan 4",2020-01-04,Insulin,1205,20:05,2020-01-04 20:05,0.348,,,,,,,,,,,2,Insulin,2020-01-04 20:08,241
11,"Sat, Jan 4",2020-01-04,Insulin,1210,20:10,2020-01-04 20:10,0.264,,,,,,,,,,,2,Insulin,2020-01-04 20:13,242
11,"Sat, Jan 4",2020-01-04,Insulin,1215,20:15,2020-01-04 20:15,0.359,,,,,,,,,,,2,Insulin,2020-01-04 20:18,243
11,"Sat, Jan 4",2020-01-04,Insulin,1220,20:20,2020-01-04 20:20,0.478,,,,,,,,,,,2,Insulin,2020-01-04 20:23,244
11,"Sat, Jan 4",2020-01-04,Insulin,1225,20:25,2020-01-04 20:25,0.675,,,,,,,,,,,2,Insulin,2020-01-04 20:28,245
11,"Sat, Jan 4",2020-01-04,Insulin,1230,20:30,2020-01-04 20:30,0.665,,,,,,,,,,,2,Insulin,2020-01-04 20:33,246
11,"Sat, Jan 4",2020-01-04,Insulin,1235,20:35,2020-01-04 20:35,0.441,,,,,,,,,,,2,Insulin,2020-01-04 20:38,247
11,"Sat, Jan 4",2020-01-04,Insulin,1240,20:40,2020-01-04 20:40,0.5,,,,,,,,,,,2,Insulin,2020-01-04 20:43,248
11,"Sat, Jan 4",2020-01-04,Insulin,1240,20:40,2020-01-04 20:40,0.81,,,,,,,,,,,2,Insulin,2020-01-04 20:44,249
11,"Sat, Jan 4",2020-01-04,Insulin,1250,20:50,2020-01-04 20:50,9.932,,,,,,,,,,,2,Insulin,2020-01-04 20:53,250
11,"Sat, Jan 4",2020-01-04,Insulin,1255,20:55,2020-01-04 20:55,0.053,,,,,,,,,,,2,Insulin,2020-01-04 20:58,251
11,"Sat, Jan 4",2020-01-04,Insulin,1260,21:00,2020-01-04 21:00,0,,,,,,,,,,,2,Insulin,2020-01-04 21:03,252
11,"Sat, Jan 4",2020-01-04,Insulin,1265,21:05,2020-01-04 21:05,0,,,,,,,,,,,2,Insulin,2020-01-04 21:08,253
11,"Sat, Jan 4",2020-01-04,Insulin,1270,21:10,2020-01-04 21:10,0,,,,,,,,,,,2,Insulin,2020-01-04 21:13,254
11,"Sat, Jan 4",2020-01-04,Insulin,1275,21:15,2020-01-04 21:15,0,,,,,,,,,,,2,Insulin,2020-01-04 21:18,255
11,"Sat, Jan 4",2020-01-04,Insulin,1280,21:20,2020-01-04 21:20,0,,,,,,,,,,,2,Insulin,2020-01-04 21:23,256
11,"Sat, Jan 4",2020-01-04,Insulin,1285,21:25,2020-01-04 21:25,0,,,,,,,,,,,2,Insulin,2020-01-04 21:28,257
11,"Sat, Jan 4",2020-01-04,Insulin,1290,21:30,2020-01-04 21:30,0,,,,,,,,,,,2,Insulin,2020-01-04 21:33,258
11,"Sat, Jan 4",2020-01-04,Insulin,1295,21:35,2020-01-04 21:35,0,,,,,,,,,,,2,Insulin,2020-01-04 21:38,259
11,"Sat, Jan 4",2020-01-04,Insulin,1300,21:40,2020-01-04 21:40,0,,,,,,,,,,,2,Insulin,2020-01-04 21:43,260
11,"Sat, Jan 4",2020-01-04,Insulin,1305,21:45,2020-01-04 21:45,0,,,,,,,,,,,2,Insulin,2020-01-04 21:48,261
11,"Sat, Jan 4",2020-01-04,Insulin,1310,21:50,2020-01-04 21:50,0,,,,,,,,,,,2,Insulin,2020-01-04 21:53,262
11,"Sat, Jan 4",2020-01-04,Insulin,1315,21:55,2020-01-04 21:55,0.081,,,,,,,,,,,2,Insulin,2020-01-04 21:58,263
11,"Sat, Jan 4",2020-01-04,Insulin,1320,22:00,2020-01-04 22:00,0,,,,,,,,,,,2,Insulin,2020-01-04 22:03,264
11,"Sat, Jan 4",2020-01-04,Insulin,1325,22:05,2020-01-04 22:05,0,,,,,,,,,,,2,Insulin,2020-01-04 22:08,265
11,"Sat, Jan 4",2020-01-04,Insulin,1330,22:10,2020-01-04 22:10,0,,,,,,,,,,,2,Insulin,2020-01-04 22:13,266
11,"Sat, Jan 4",2020-01-04,Insulin,1335,22:15,2020-01-04 22:15,0,,,,,,,,,,,2,Insulin,2020-01-04 22:18,267
11,"Sat, Jan 4",2020-01-04,Insulin,1340,22:20,2020-01-04 22:20,0,,,,,,,,,,,2,Insulin,2020-01-04 22:23,268
11,"Sat, Jan 4",2020-01-04,Insulin,1345,22:25,2020-01-04 22:25,0,,,,,,,,,,,2,Insulin,2020-01-04 22:28,269
11,"Sat, Jan 4",2020-01-04,Insulin,1350,22:30,2020-01-04 22:30,0,,,,,,,,,,,2,Insulin,2020-01-04 22:33,270
11,"Sat, Jan 4",2020-01-04,Insulin,1355,22:35,2020-01-04 22:35,0,,,,,,,,,,,2,Insulin,2020-01-04 22:38,271
11,"Sat, Jan 4",2020-01-04,Insulin,1360,22:40,2020-01-04 22:40,0,,,,,,,,,,,2,Insulin,2020-01-04 22:43,272
11,"Sat, Jan 4",2020-01-04,Insulin,1365,22:45,2020-01-04 22:45,0,,,,,,,,,,,2,Insulin,2020-01-04 22:48,273
11,"Sat, Jan 4",2020-01-04,Insulin,1370,22:50,2020-01-04 22:50,0,,,,,,,,,,,2,Insulin,2020-01-04 22:53,274
11,"Sat, Jan 4",2020-01-04,Insulin,1375,22:55,2020-01-04 22:55,0.046,,,,,,,,,,,2,Insulin,2020-01-04 22:58,275
11,"Sat, Jan 4",2020-01-04,Insulin,1380,23:00,2020-01-04 23:00,0,,,,,,,,,,,2,Insulin,2020-01-04 23:03,276
11,"Sat, Jan 4",2020-01-04,Insulin,1385,23:05,2020-01-04 23:05,0,,,,,,,,,,,2,Insulin,2020-01-04 23:08,277
11,"Sat, Jan 4",2020-01-04,Insulin,1390,23:10,2020-01-04 23:10,0,,,,,,,,,,,2,Insulin,2020-01-04 23:13,278
11,"Sat, Jan 4",2020-01-04,Insulin,1395,23:15,2020-01-04 23:15,0,,,,,,,,,,,2,Insulin,2020-01-04 23:18,279
11,"Sat, Jan 4",2020-01-04,Insulin,1400,23:20,2020-01-04 23:20,0.048,,,,,,,,,,,2,Insulin,2020-01-04 23:23,280
11,"Sat, Jan 4",2020-01-04,Insulin,1405,23:25,2020-01-04 23:25,0.044,,,,,,,,,,,2,Insulin,2020-01-04 23:28,281
11,"Sat, Jan 4",2020-01-04,Insulin,1410,23:30,2020-01-04 23:30,0,,,,,,,,,,,2,Insulin,2020-01-04 23:33,282
11,"Sat, Jan 4",2020-01-04,Insulin,1415,23:35,2020-01-04 23:35,0.062,,,,,,,,,,,2,Insulin,2020-01-04 23:38,283
11,"Sat, Jan 4",2020-01-04,Insulin,1420,23:40,2020-01-04 23:40,0.046,,,,,,,,,,,2,Insulin,2020-01-04 23:43,284
11,"Sat, Jan 4",2020-01-04,Insulin,1425,23:45,2020-01-04 23:45,0.043,,,,,,,,,,,2,Insulin,2020-01-04 23:48,285
11,"Sat, Jan 4",2020-01-04,Insulin,1430,23:50,2020-01-04 23:50,0,,,,,,,,,,,2,Insulin,2020-01-04 23:53,286
11,"Sat, Jan 4",2020-01-04,Insulin,1435,23:55,2020-01-04 23:55,0,,,,,,,,,,,2,Insulin,2020-01-04 23:58,287
11,"Sat, Jan 4",2020-01-04,Meal Announcement,1240,20:40,2020-01-04 20:40,0,Meal,,"Lunch, Usual, 8:44 PM","Lunch, Usual, 8:44 PM",Lunch,L,Usual,8:44 PM,,,3,Meal Announcement,2020-01-04 20:44,0
12,"Fri, Jan 3",2020-01-03,CGM,0,00:00,2020-01-03 00:00,116,,,,,,,,,,,1,CGM,2020-01-03 00:03,0
12,"Fri, Jan 3",2020-01-03,CGM,5,00:05,2020-01-03 00:05,123,,,,,,,,,,,1,CGM,2020-01-03 00:08,1
12,"Fri, Jan 3",2020-01-03,CGM,10,00:10,2020-01-03 00:10,125,,,,,,,,,,,1,CGM,2020-01-03 00:13,2
12,"Fri, Jan 3",2020-01-03,CGM,15,00:15,2020-01-03 00:15,122,,,,,,,,,,,1,CGM,2020-01-03 00:18,3
12,"Fri, Jan 3",2020-01-03,CGM,20,00:20,2020-01-03 00:20,111,,,,,,,,,,,1,CGM,2020-01-03 00:23,4
12,"Fri, Jan 3",2020-01-03,CGM,25,00:25,2020-01-03 00:25,99,,,,,,,,,,,1,CGM,2020-01-03 00:28,5
12,"Fri, Jan 3",2020-01-03,CGM,30,00:30,2020-01-03 00:30,93,,,,,,,,,,,1,CGM,2020-01-03 00:33,6
12,"Fri, Jan 3",2020-01-03,CGM,35,00:35,2020-01-03 00:35,87,,,,,,,,,,,1,CGM,2020-01-03 00:38,7
12,"Fri, Jan 3",2020-01-03,CGM,40,00:40,2020-01-03 00:40,79,,,,,,,,,,,1,CGM,2020-01-03 00:43,8
12,"Fri, Jan 3",2020-01-03,CGM,45,00:45,2020-01-03 00:45,73,,,,,,,,,,,1,CGM,2020-01-03 00:48,9
12,"Fri, Jan 3",2020-01-03,CGM,50,00:50,2020-01-03 00:50,72,,,,,,,,,,,1,CGM,2020-01-03 00:53,10
12,"Fri, Jan 3",2020-01-03,CGM,55,00:55,2020-01-03 00:55,68,,,,,,,,,,,1,CGM,2020-01-03 00:58,11
12,"Fri, Jan 3",2020-01-03,CGM,60,01:00,2020-01-03 01:00,64,,,,,,,,,,,1,CGM,2020-01-03 01:03,12
12,"Fri, Jan 3",2020-01-03,CGM,65,01:05,2020-01-03 01:05,62,,,,,,,,,,,1,CGM,2020-01-03 01:08,13
12,"Fri, Jan 3",2020-01-03,CGM,70,01:10,2020-01-03 01:10,62,,,,,,,,,,,1,CGM,2020-01-03 01:13,14
12,"Fri, Jan 3",2020-01-03,CGM,75,01:15,2020-01-03 01:15,68,,,,,,,,,,,1,CGM,2020-01-03 01:18,15
12,"Fri, Jan 3",2020-01-03,CGM,80,01:20,2020-01-03 01:20,71,,,,,,,,,,,1,CGM,2020-01-03 01:23,16
12,"Fri, Jan 3",2020-01-03,CGM,85,01:25,2020-01-03 01:25,75,,,,,,,,,,,1,CGM,2020-01-03 01:28,17
12,"Fri, Jan 3",2020-01-03,CGM,90,01:30,2020-01-03 01:30,77,,,,,,,,,,,1,CGM,2020-01-03 01:33,18
12,"Fri, Jan 3",2020-01-03,CGM,95,01:35,2020-01-03 01:35,92,,,,,,,,,,,1,CGM,2020-01-03 01:38,19
12,"Fri, Jan 3",2020-01-03,CGM,100,01:40,2020-01-03 01:40,121,,,,,,,,,,,1,CGM,2020-01-03 01:43,20
12,"Fri, Jan 3",2020-01-03,CGM,105,01:45,2020-01-03 01:45,153,,,,,,,,,,,1,CGM,2020-01-03 01:48,21
12,"Fri, Jan 3",2020-01-03,CGM,110,01:50,2020-01-03 01:50,192,,,,,,,,,,,1,CGM,2020-01-03 01:53,22
12,"Fri, Jan 3",2020-01-03,CGM,115,01:55,2020-01-03 01:55,209,,,,,,,,,,,1,CGM,2020-01-03 01:58,23
12,"Fri, Jan 3",2020-01-03,CGM,120,02:00,2020-01-03 02:00,213,,,,,,,,,,,1,CGM,2020-01-03 02:03,24
12,"Fri, Jan 3",2020-01-03,CGM,125,02:05,2020-01-03 02:05,216,,,,,,,,,,,1,CGM,2020-01-03 02:08,25
12,"Fri, Jan 3",2020-01-03,CGM,130,02:10,2020-01-03 02:10,213,,,,,,,,,,,1,CGM,2020-01-03 02:13,26
12,"Fri, Jan 3",2020-01-03,CGM,135,02:15,2020-01-03 02:15,218,,,,,,,,,,,1,CGM,2020-01-03 02:18,27
12,"Fri, Jan 3",2020-01-03,CGM,140,02:20,2020-01-03 02:20,207,,,,,,,,,,,1,CGM,2020-01-03 02:23,28
12,"Fri, Jan 3",2020-01-03,CGM,145,02:25,2020-01-03 02:25,190,,,,,,,,,,,1,CGM,2020-01-03 02:28,29
12,"Fri, Jan 3",2020-01-03,CGM,150,02:30,2020-01-03 02:30,174,,,,,,,,,,,1,CGM,2020-01-03 02:33,30
12,"Fri, Jan 3",2020-01-03,CGM,155,02:35,2020-01-03 02:35,161,,,,,,,,,,,1,CGM,2020-01-03 02:38,31
12,"Fri, Jan 3",2020-01-03,CGM,160,02:40,2020-01-03 02:40,153,,,,,,,,,,,1,CGM,2020-01-03 02:43,32
12,"Fri, Jan 3",2020-01-03,CGM,165,02:45,2020-01-03 02:45,149,,,,,,,,,,,1,CGM,2020-01-03 02:48,33
12,"Fri, Jan 3",2020-01-03,CGM,170,02:50,2020-01-03 02:50,150,,,,,,,,,,,1,CGM,2020-01-03 02:53,34
12,"Fri, Jan 3",2020-01-03,CGM,175,02:55,2020-01-03 02:55,168,,,,,,,,,,,1,CGM,2020-01-03 02:58,35
12,"Fri, Jan 3",2020-01-03,CGM,180,03:00,2020-01-03 03:00,168,,,,,,,,,,,1,CGM,2020-01-03 03:03,36
12,"Fri, Jan 3",2020-01-03,CGM,185,03:05,2020-01-03 03:05,159,,,,,,,,,,,1,CGM,2020-01-03 03:08,37
12,"Fri, Jan 3",2020-01-03,CGM,190,03:10,2020-01-03 03:10,149,,,,,,,,,,,1,CGM,2020-01-03 03:13,38
12,"Fri, Jan 3",2020-01-03,CGM,195,03:15,2020-01-03 03:15,145,,,,,,,,,,,1,CGM,2020-01-03 03:18,39
12,"Fri, Jan 3",2020-01-03,CGM,200,03:20,2020-01-03 03:20,142,,,,,,,,,,,1,CGM,2020-01-03 03:23,40
12,"Fri, Jan 3",2020-01-03,CGM,205,03:25,2020-01-03 03:25,136,,,,,,,,,,,1,CGM,2020-01-03 03:28,41
12,"Fri, Jan 3",2020-01-03,CGM,210,03:30,2020-01-03 03:30,121,,,,,,,,,,,1,CGM,2020-01-03 03:33,42
12,"Fri, Jan 3",2020-01-03,CGM,215,03:35,2020-01-03 03:35,119,,,,,,,,,,,1,CGM,2020-01-03 03:38,43
12,"Fri, Jan 3",2020-01-03,CGM,220,03:40,2020-01-03 03:40,114,,,,,,,,,,,1,CGM,2020-01-03 03:43,44
12,"Fri, Jan 3",2020-01-03,CGM,225,03:45,2020-01-03 03:45,114,,,,,,,,,,,1,CGM,2020-01-03 03:48,45
12,"Fri, Jan 3",2020-01-03,CGM,230,03:50,2020-01-03 03:50,110,,,,,,,,,,,1,CGM,2020-01-03 03:53,46
12,"Fri, Jan 3",2020-01-03,CGM,235,03:55,2020-01-03 03:55,102,,,,,,,,,,,1,CGM,2020-01-03 03:58,47
12,"Fri, Jan 3",2020-01-03,CGM,240,04:00,2020-01-03 04:00,97,,,,,,,,,,,1,CGM,2020-01-03 04:03,48
12,"Fri, Jan 3",2020-01-03,CGM,245,04:05,2020-01-03 04:05,94,,,,,,,,,,,1,CGM,2020-01-03 04:08,49
12,"Fri, Jan 3",2020-01-03,CGM,250,04:10,2020-01-03 04:10,91,,,,,,,,,,,1,CGM,2020-01-03 04:13,50
12,"Fri, Jan 3",2020-01-03,CGM,255,04:15,2020-01-03 04:15,89,,,,,,,,,,,1,CGM,2020-01-03 04:18,51
12,"Fri, Jan 3",2020-01-03,CGM,260,04:20,2020-01-03 04:20,85,,,,,,,,,,,1,CGM,2020-01-03 04:23,52
12,"Fri, Jan 3",2020-01-03,CGM,265,04:25,2020-01-03 04:25,82,,,,,,,,,,,1,CGM,2020-01-03 04:28,53
12,"Fri, Jan 3",2020-01-03,CGM,270,04:30,2020-01-03 04:30,79,,,,,,,,,,,1,CGM,2020-01-03 04:33,54
12,"Fri, Jan 3",2020-01-03,CGM,275,04:35,2020-01-03 04:35,74,,,,,,,,,,,1,CGM,2020-01-03 04:38,55
12,"Fri, Jan 3",2020-01-03,CGM,280,04:40,2020-01-03 04:40,68,,,,,,,,,,,1,CGM,2020-01-03 04:43,56
12,"Fri, Jan 3",2020-01-03,CGM,285,04:45,2020-01-03 04:45,68,,,,,,,,,,,1,CGM,2020-01-03 04:48,57
12,"Fri, Jan 3",2020-01-03,CGM,290,04:50,2020-01-03 04:50,64,,,,,,,,,,,1,CGM,2020-01-03 04:53,58
12,"Fri, Jan 3",2020-01-03,CGM,295,04:55,2020-01-03 04:55,63,,,,,,,,,,,1,CGM,2020-01-03 04:58,59
12,"Fri, Jan 3",2020-01-03,CGM,300,05:00,2020-01-03 05:00,62,,,,,,,,,,,1,CGM,2020-01-03 05:03,60
12,"Fri, Jan 3",2020-01-03,CGM,305,05:05,2020-01-03 05:05,62,,,,,,,,,,,1,CGM,2020-01-03 05:08,61
12,"Fri, Jan 3",2020-01-03,CGM,310,05:10,2020-01-03 05:10,60,,,,,,,,,,,1,CGM,2020-01-03 05:13,62
12,"Fri, Jan 3",2020-01-03,CGM,315,05:15,2020-01-03 05:15,61,,,,,,,,,,,1,CGM,2020-01-03 05:18,63
12,"Fri, Jan 3",2020-01-03,CGM,320,05:20,2020-01-03 05:20,62,,,,,,,,,,,1,CGM,2020-01-03 05:23,64
12,"Fri, Jan 3",2020-01-03,CGM,325,05:25,2020-01-03 05:25,60,,,,,,,,,,,1,CGM,2020-01-03 05:28,65
12,"Fri, Jan 3",2020-01-03,CGM,330,05:30,2020-01-03 05:30,61,,,,,,,,,,,1,CGM,2020-01-03 05:33,66
12,"Fri, Jan 3",2020-01-03,CGM,335,05:35,2020-01-03 05:35,65,,,,,,,,,,,1,CGM,2020-01-03 05:38,67
12,"Fri, Jan 3",2020-01-03,CGM,340,05:40,2020-01-03 05:40,69,,,,,,,,,,,1,CGM,2020-01-03 05:43,68
12,"Fri, Jan 3",2020-01-03,CGM,345,05:45,2020-01-03 05:45,73,,,,,,,,,,,1,CGM,2020-01-03 05:48,69
12,"Fri, Jan 3",2020-01-03,CGM,350,05:50,2020-01-03 05:50,74,,,,,,,,,,,1,CGM,2020-01-03 05:53,70
12,"Fri, Jan 3",2020-01-03,CGM,355,05:55,2020-01-03 05:55,75,,,,,,,,,,,1,CGM,2020-01-03 05:58,71
12,"Fri, Jan 3",2020-01-03,CGM,360,06:00,2020-01-03 06:00,77,,,,,,,,,,,1,CGM,2020-01-03 06:03,72
12,"Fri, Jan 3",2020-01-03,CGM,365,06:05,2020-01-03 06:05,79,,,,,,,,,,,1,CGM,2020-01-03 06:08,73
12,"Fri, Jan 3",2020-01-03,CGM,370,06:10,2020-01-03 06:10,81,,,,,,,,,,,1,CGM,2020-01-03 06:13,74
12,"Fri, Jan 3",2020-01-03,CGM,375,06:15,2020-01-03 06:15,82,,,,,,,,,,,1,CGM,2020-01-03 06:18,75
12,"Fri, Jan 3",2020-01-03,CGM,380,06:20,2020-01-03 06:20,86,,,,,,,,,,,1,CGM,2020-01-03 06:23,76
12,"Fri, Jan 3",2020-01-03,CGM,385,06:25,2020-01-03 06:25,88,,,,,,,,,,,1,CGM,2020-01-03 06:28,77
12,"Fri, Jan 3",2020-01-03,CGM,390,06:30,2020-01-03 06:30,88,,,,,,,,,,,1,CGM,2020-01-03 06:33,78
12,"Fri, Jan 3",2020-01-03,CGM,395,06:35,2020-01-03 06:35,89,,,,,,,,,,,1,CGM,2020-01-03 06:38,79
12,"Fri, Jan 3",2020-01-03,CGM,400,06:40,2020-01-03 06:40,91,,,,,,,,,,,1,CGM,2020-01-03 06:43,80
12,"Fri, Jan 3",2020-01-03,CGM,405,06:45,2020-01-03 06:45,86,,,,,,,,,,,1,CGM,2020-01-03 06:48,81
12,"Fri, Jan 3",2020-01-03,CGM,410,06:50,2020-01-03 06:50,85,,,,,,,,,,,1,CGM,2020-01-03 06:53,82
12,"Fri, Jan 3",2020-01-03,CGM,415,06:55,2020-01-03 06:55,91,,,,,,,,,,,1,CGM,2020-01-03 06:58,83
12,"Fri, Jan 3",2020-01-03,CGM,420,07:00,2020-01-03 07:00,95,,,,,,,,,,,1,CGM,2020-01-03 07:03,84
12,"Fri, Jan 3",2020-01-03,CGM,425,07:05,2020-01-03 07:05,98,,,,,,,,,,,1,CGM,2020-01-03 07:08,85
12,"Fri, Jan 3",2020-01-03,CGM,430,07:10,2020-01-03 07:10,102,,,,,,,,,,,1,CGM,2020-01-03 07:13,86
12,"Fri, Jan 3",2020-01-03,CGM,435,07:15,2020-01-03 07:15,110,,,,,,,,,,,1,CGM,2020-01-03 07:18,87
12,"Fri, Jan 3",2020-01-03,CGM,440,07:20,2020-01-03 07:20,113,,,,,,,,,,,1,CGM,2020-01-03 07:23,88
12,"Fri, Jan 3",2020-01-03,CGM,445,07:25,2020-01-03 07:25,123,,,,,,,,,,,1,CGM,2020-01-03 07:28,89
12,"Fri, Jan 3",2020-01-03,CGM,450,07:30,2020-01-03 07:30,125,,,,,,,,,,,1,CGM,2020-01-03 07:33,90
12,"Fri, Jan 3",2020-01-03,CGM,455,07:35,2020-01-03 07:35,130,,,,,,,,,,,1,CGM,2020-01-03 07:38,91
12,"Fri, Jan 3",2020-01-03,CGM,460,07:40,2020-01-03 07:40,137,,,,,,,,,,,1,CGM,2020-01-03 07:43,92
12,"Fri, Jan 3",2020-01-03,CGM,465,07:45,2020-01-03 07:45,141,,,,,,,,,,,1,CGM,2020-01-03 07:48,93
12,"Fri, Jan 3",2020-01-03,CGM,470,07:50,2020-01-03 07:50,143,,,,,,,,,,,1,CGM,2020-01-03 07:53,94
12,"Fri, Jan 3",2020-01-03,CGM,475,07:55,2020-01-03 07:55,145,,,,,,,,,,,1,CGM,2020-01-03 07:58,95
12,"Fri, Jan 3",2020-01-03,CGM,480,08:00,2020-01-03 08:00,148,,,,,,,,,,,1,CGM,2020-01-03 08:03,96
12,"Fri, Jan 3",2020-01-03,CGM,485,08:05,2020-01-03 08:05,152,,,,,,,,,,,1,CGM,2020-01-03 08:08,97
12,"Fri, Jan 3",2020-01-03,CGM,490,08:10,2020-01-03 08:10,157,,,,,,,,,,,1,CGM,2020-01-03 08:13,98
12,"Fri, Jan 3",2020-01-03,CGM,495,08:15,2020-01-03 08:15,164,,,,,,,,,,,1,CGM,2020-01-03 08:18,99
12,"Fri, Jan 3",2020-01-03,CGM,500,08:20,2020-01-03 08:20,167,,,,,,,,,,,1,CGM,2020-01-03 08:23,100
12,"Fri, Jan 3",2020-01-03,CGM,505,08:25,2020-01-03 08:25,168,,,,,,,,,,,1,CGM,2020-01-03 08:28,101
12,"Fri, Jan 3",2020-01-03,CGM,510,08:30,2020-01-03 08:30,166,,,,,,,,,,,1,CGM,2020-01-03 08:33,102
12,"Fri, Jan 3",2020-01-03,CGM,515,08:35,2020-01-03 08:35,162,,,,,,,,,,,1,CGM,2020-01-03 08:38,103
12,"Fri, Jan 3",2020-01-03,CGM,520,08:40,2020-01-03 08:40,155,,,,,,,,,,,1,CGM,2020-01-03 08:43,104
12,"Fri, Jan 3",2020-01-03,CGM,525,08:45,2020-01-03 08:45,156,,,,,,,,,,,1,CGM,2020-01-03 08:48,105
12,"Fri, Jan 3",2020-01-03,CGM,530,08:50,2020-01-03 08:50,156,,,,,,,,,,,1,CGM,2020-01-03 08:53,106
12,"Fri, Jan 3",2020-01-03,CGM,535,08:55,2020-01-03 08:55,157,,,,,,,,,,,1,CGM,2020-01-03 08:58,107
12,"Fri, Jan 3",2020-01-03,CGM,540,09:00,2020-01-03 09:00,156,,,,,,,,,,,1,CGM,2020-01-03 09:03,108
12,"Fri, Jan 3",2020-01-03,CGM,545,09:05,2020-01-03 09:05,154,,,,,,,,,,,1,CGM,2020-01-03 09:08,109
12,"Fri, Jan 3",2020-01-03,CGM,550,09:10,2020-01-03 09:10,151,,,,,,,,,,,1,CGM,2020-01-03 09:13,110
12,"Fri, Jan 3",2020-01-03,CGM,555,09:15,2020-01-03 09:15,146,,,,,,,,,,,1,CGM,2020-01-03 09:18,111
12,"Fri, Jan 3",2020-01-03,CGM,560,09:20,2020-01-03 09:20,148,,,,,,,,,,,1,CGM,2020-01-03 09:23,112
12,"Fri, Jan 3",2020-01-03,CGM,565,09:25,2020-01-03 09:25,148,,,,,,,,,,,1,CGM,2020-01-03 09:28,113
12,"Fri, Jan 3",2020-01-03,CGM,570,09:30,2020-01-03 09:30,149,,,,,,,,,,,1,CGM,2020-01-03 09:33,114
12,"Fri, Jan 3",2020-01-03,CGM,575,09:35,2020-01-03 09:35,147,,,,,,,,,,,1,CGM,2020-01-03 09:38,115
12,"Fri, Jan 3",2020-01-03,CGM,580,09:40,2020-01-03 09:40,147,,,,,,,,,,,1,CGM,2020-01-03 09:43,116
12,"Fri, Jan 3",2020-01-03,CGM,585,09:45,2020-01-03 09:45,149,,,,,,,,,,,1,CGM,2020-01-03 09:48,117
12,"Fri, Jan 3",2020-01-03,CGM,590,09:50,2020-01-03 09:50,149,,,,,,,,,,,1,CGM,2020-01-03 09:53,118
12,"Fri, Jan 3",2020-01-03,CGM,595,09:55,2020-01-03 09:55,153,,,,,,,,,,,1,CGM,2020-01-03 09:58,119
12,"Fri, Jan 3",2020-01-03,CGM,600,10:00,2020-01-03 10:00,152,,,,,,,,,,,1,CGM,2020-01-03 10:03,120
12,"Fri, Jan 3",2020-01-03,CGM,605,10:05,2020-01-03 10:05,154,,,,,,,,,,,1,CGM,2020-01-03 10:08,121
12,"Fri, Jan 3",2020-01-03,CGM,610,10:10,2020-01-03 10:10,155,,,,,,,,,,,1,CGM,2020-01-03 10:13,122
12,"Fri, Jan 3",2020-01-03,CGM,615,10:15,2020-01-03 10:15,156,,,,,,,,,,,1,CGM,2020-01-03 10:18,123
12,"Fri, Jan 3",2020-01-03,CGM,620,10:20,2020-01-03 10:20,158,,,,,,,,,,,1,CGM,2020-01-03 10:23,124
12,"Fri, Jan 3",2020-01-03,CGM,625,10:25,2020-01-03 10:25,163,,,,,,,,,,,1,CGM,2020-01-03 10:28,125
12,"Fri, Jan 3",2020-01-03,CGM,630,10:30,2020-01-03 10:30,165,,,,,,,,,,,1,CGM,2020-01-03 10:33,126
12,"Fri, Jan 3",2020-01-03,CGM,635,10:35,2020-01-03 10:35,168,,,,,,,,,,,1,CGM,2020-01-03 10:38,127
12,"Fri, Jan 3",2020-01-03,CGM,640,10:40,2020-01-03 10:40,168,,,,,,,,,,,1,CGM,2020-01-03 10:43,128
12,"Fri, Jan 3",2020-01-03,CGM,645,10:45,2020-01-03 10:45,171,,,,,,,,,,,1,CGM,2020-01-03 10:48,129
12,"Fri, Jan 3",2020-01-03,CGM,650,10:50,2020-01-03 10:50,171,,,,,,,,,,,1,CGM,2020-01-03 10:53,130
12,"Fri, Jan 3",2020-01-03,CGM,655,10:55,2020-01-03 10:55,172,,,,,,,,,,,1,CGM,2020-01-03 10:58,131
12,"Fri, Jan 3",2020-01-03,CGM,660,11:00,2020-01-03 11:00,174,,,,,,,,,,,1,CGM,2020-01-03 11:03,132
12,"Fri, Jan 3",2020-01-03,CGM,665,11:05,2020-01-03 11:05,172,,,,,,,,,,,1,CGM,2020-01-03 11:08,133
12,"Fri, Jan 3",2020-01-03,CGM,670,11:10,2020-01-03 11:10,174,,,,,,,,,,,1,CGM,2020-01-03 11:13,134
12,"Fri, Jan 3",2020-01-03,CGM,675,11:15,2020-01-03 11:15,174,,,,,,,,,,,1,CGM,2020-01-03 11:18,135
12,"Fri, Jan 3",2020-01-03,CGM,680,11:20,2020-01-03 11:20,174,,,,,,,,,,,1,CGM,2020-01-03 11:23,136
12,"Fri, Jan 3",2020-01-03,CGM,685,11:25,2020-01-03 11:25,178,,,,,,,,,,,1,CGM,2020-01-03 11:28,137
12,"Fri, Jan 3",2020-01-03,CGM,690,11:30,2020-01-03 11:30,171,,,,,,,,,,,1,CGM,2020-01-03 11:33,138
12,"Fri, Jan 3",2020-01-03,CGM,695,11:35,2020-01-03 11:35,168,,,,,,,,,,,1,CGM,2020-01-03 11:38,139
12,"Fri, Jan 3",2020-01-03,CGM,700,11:40,2020-01-03 11:40,171,,,,,,,,,,,1,CGM,2020-01-03 11:43,140
12,"Fri, Jan 3",2020-01-03,CGM,705,11:45,2020-01-03 11:45,167,,,,,,,,,,,1,CGM,2020-01-03 11:48,141
12,"Fri, Jan 3",2020-01-03,CGM,710,11:50,2020-01-03 11:50,167,,,,,,,,,,,1,CGM,2020-01-03 11:53,142
12,"Fri, Jan 3",2020-01-03,CGM,715,11:55,2020-01-03 11:55,170,,,,,,,,,,,1,CGM,2020-01-03 11:58,143
12,"Fri, Jan 3",2020-01-03,CGM,720,12:00,2020-01-03 12:00,167,,,,,,,,,,,1,CGM,2020-01-03 12:03,144
12,"Fri, Jan 3",2020-01-03,CGM,725,12:05,2020-01-03 12:05,163,,,,,,,,,,,1,CGM,2020-01-03 12:08,145
12,"Fri, Jan 3",2020-01-03,CGM,730,12:10,2020-01-03 12:10,165,,,,,,,,,,,1,CGM,2020-01-03 12:13,146
12,"Fri, Jan 3",2020-01-03,CGM,735,12:15,2020-01-03 12:15,169,,,,,,,,,,,1,CGM,2020-01-03 12:18,147
12,"Fri, Jan 3",2020-01-03,CGM,740,12:20,2020-01-03 12:20,178,,,,,,,,,,,1,CGM,2020-01-03 12:23,148
12,"Fri, Jan 3",2020-01-03,CGM,745,12:25,2020-01-03 12:25,187,,,,,,,,,,,1,CGM,2020-01-03 12:28,149
12,"Fri, Jan 3",2020-01-03,CGM,750,12:30,2020-01-03 12:30,194,,,,,,,,,,,1,CGM,2020-01-03 12:33,150
12,"Fri, Jan 3",2020-01-03,CGM,755,12:35,2020-01-03 12:35,199,,,,,,,,,,,1,CGM,2020-01-03 12:38,151
12,"Fri, Jan 3",2020-01-03,CGM,760,12:40,2020-01-03 12:40,202,,,,,,,,,,,1,CGM,2020-01-03 12:43,152
12,"Fri, Jan 3",2020-01-03,CGM,765,12:45,2020-01-03 12:45,206,,,,,,,,,,,1,CGM,2020-01-03 12:48,153
12,"Fri, Jan 3",2020-01-03,CGM,770,12:50,2020-01-03 12:50,207,,,,,,,,,,,1,CGM,2020-01-03 12:53,154
12,"Fri, Jan 3",2020-01-03,CGM,775,12:55,2020-01-03 12:55,207,,,,,,,,,,,1,CGM,2020-01-03 12:58,155
12,"Fri, Jan 3",2020-01-03,CGM,780,13:00,2020-01-03 13:00,211,,,,,,,,,,,1,CGM,2020-01-03 13:03,156
12,"Fri, Jan 3",2020-01-03,CGM,785,13:05,2020-01-03 13:05,213,,,,,,,,,,,1,CGM,2020-01-03 13:08,157
12,"Fri, Jan 3",2020-01-03,CGM,790,13:10,2020-01-03 13:10,213,,,,,,,,,,,1,CGM,2020-01-03 13:13,158
12,"Fri, Jan 3",2020-01-03,CGM,795,13:15,2020-01-03 13:15,218,,,,,,,,,,,1,CGM,2020-01-03 13:18,159
12,"Fri, Jan 3",2020-01-03,CGM,800,13:20,2020-01-03 13:20,224,,,,,,,,,,,1,CGM,2020-01-03 13:23,160
12,"Fri, Jan 3",2020-01-03,CGM,805,13:25,2020-01-03 13:25,242,,,,,,,,,,,1,CGM,2020-01-03 13:28,161
12,"Fri, Jan 3",2020-01-03,CGM,810,13:30,2020-01-03 13:30,262,,,,,,,,,,,1,CGM,2020-01-03 13:33,162
12,"Fri, Jan 3",2020-01-03,CGM,815,13:35,2020-01-03 13:35,282,,,,,,,,,,,1,CGM,2020-01-03 13:38,163
12,"Fri, Jan 3",2020-01-03,CGM,820,13:40,2020-01-03 13:40,289,,,,,,,,,,,1,CGM,2020-01-03 13:43,164
12,"Fri, Jan 3",2020-01-03,CGM,825,13:45,2020-01-03 13:45,303,,,,,,,,,,,1,CGM,2020-01-03 13:48,165
12,"Fri, Jan 3",2020-01-03,CGM,830,13:50,2020-01-03 13:50,323,,,,,,,,,,,1,CGM,2020-01-03 13:53,166
12,"Fri, Jan 3",2020-01-03,CGM,835,13:55,2020-01-03 13:55,334,,,,,,,,,,,1,CGM,2020-01-03 13:58,167
12,"Fri, Jan 3",2020-01-03,CGM,840,14:00,2020-01-03 14:00,341,,,,,,,,,,,1,CGM,2020-01-03 14:03,168
12,"Fri, Jan 3",2020-01-03,CGM,845,14:05,2020-01-03 14:05,344,,,,,,,,,,,1,CGM,2020-01-03 14:08,169
12,"Fri, Jan 3",2020-01-03,CGM,850,14:10,2020-01-03 14:10,343,,,,,,,,,,,1,CGM,2020-01-03 14:13,170
12,"Fri, Jan 3",2020-01-03,CGM,855,14:15,2020-01-03 14:15,345,,,,,,,,,,,1,CGM,2020-01-03 14:18,171
12,"Fri, Jan 3",2020-01-03,CGM,860,14:20,2020-01-03 14:20,338,,,,,,,,,,,1,CGM,2020-01-03 14:23,172
12,"Fri, Jan 3",2020-01-03,CGM,865,14:25,2020-01-03 14:25,331,,,,,,,,,,,1,CGM,2020-01-03 14:28,173
12,"Fri, Jan 3",2020-01-03,CGM,870,14:30,2020-01-03 14:30,330,,,,,,,,,,,1,CGM,2020-01-03 14:33,174
12,"Fri, Jan 3",2020-01-03,CGM,875,14:35,2020-01-03 14:35,336,,,,,,,,,,,1,CGM,2020-01-03 14:38,175
12,"Fri, Jan 3",2020-01-03,CGM,880,14:40,2020-01-03 14:40,326,,,,,,,,,,,1,CGM,2020-01-03 14:43,176
12,"Fri, Jan 3",2020-01-03,CGM,885,14:45,2020-01-03 14:45,295,,,,,,,,,,,1,CGM,2020-01-03 14:48,177
12,"Fri, Jan 3",2020-01-03,CGM,890,14:50,2020-01-03 14:50,277,,,,,,,,,,,1,CGM,2020-01-03 14:53,178
12,"Fri, Jan 3",2020-01-03,CGM,895,14:55,2020-01-03 14:55,259,,,,,,,,,,,1,CGM,2020-01-03 14:58,179
12,"Fri, Jan 3",2020-01-03,CGM,900,15:00,2020-01-03 15:00,259,,,,,,,,,,,1,CGM,2020-01-03 15:03,180
12,"Fri, Jan 3",2020-01-03,CGM,905,15:05,2020-01-03 15:05,262,,,,,,,,,,,1,CGM,2020-01-03 15:08,181
12,"Fri, Jan 3",2020-01-03,CGM,910,15:10,2020-01-03 15:10,250,,,,,,,,,,,1,CGM,2020-01-03 15:13,182
12,"Fri, Jan 3",2020-01-03,CGM,915,15:15,2020-01-03 15:15,227,,,,,,,,,,,1,CGM,2020-01-03 15:18,183
12,"Fri, Jan 3",2020-01-03,CGM,920,15:20,2020-01-03 15:20,215,,,,,,,,,,,1,CGM,2020-01-03 15:23,184
12,"Fri, Jan 3",2020-01-03,CGM,925,15:25,2020-01-03 15:25,203,,,,,,,,,,,1,CGM,2020-01-03 15:28,185
12,"Fri, Jan 3",2020-01-03,CGM,930,15:30,2020-01-03 15:30,193,,,,,,,,,,,1,CGM,2020-01-03 15:33,186
12,"Fri, Jan 3",2020-01-03,CGM,935,15:35,2020-01-03 15:35,181,,,,,,,,,,,1,CGM,2020-01-03 15:38,187
12,"Fri, Jan 3",2020-01-03,CGM,940,15:40,2020-01-03 15:40,168,,,,,,,,,,,1,CGM,2020-01-03 15:43,188
12,"Fri, Jan 3",2020-01-03,CGM,945,15:45,2020-01-03 15:45,156,,,,,,,,,,,1,CGM,2020-01-03 15:48,189
12,"Fri, Jan 3",2020-01-03,CGM,950,15:50,2020-01-03 15:50,146,,,,,,,,,,,1,CGM,2020-01-03 15:53,190
12,"Fri, Jan 3",2020-01-03,CGM,955,15:55,2020-01-03 15:55,141,,,,,,,,,,,1,CGM,2020-01-03 15:58,191
12,"Fri, Jan 3",2020-01-03,CGM,960,16:00,2020-01-03 16:00,135,,,,,,,,,,,1,CGM,2020-01-03 16:03,192
12,"Fri, Jan 3",2020-01-03,CGM,965,16:05,2020-01-03 16:05,129,,,,,,,,,,,1,CGM,2020-01-03 16:08,193
12,"Fri, Jan 3",2020-01-03,CGM,970,16:10,2020-01-03 16:10,122,,,,,,,,,,,1,CGM,2020-01-03 16:13,194
12,"Fri, Jan 3",2020-01-03,CGM,975,16:15,2020-01-03 16:15,115,,,,,,,,,,,1,CGM,2020-01-03 16:18,195
12,"Fri, Jan 3",2020-01-03,CGM,980,16:20,2020-01-03 16:20,108,,,,,,,,,,,1,CGM,2020-01-03 16:23,196
12,"Fri, Jan 3",2020-01-03,CGM,985,16:25,2020-01-03 16:25,98,,,,,,,,,,,1,CGM,2020-01-03 16:28,197
12,"Fri, Jan 3",2020-01-03,CGM,990,16:30,2020-01-03 16:30,97,,,,,,,,,,,1,CGM,2020-01-03 16:33,198
12,"Fri, Jan 3",2020-01-03,CGM,995,16:35,2020-01-03 16:35,93,,,,,,,,,,,1,CGM,2020-01-03 16:38,199
12,"Fri, Jan 3",2020-01-03,CGM,1000,16:40,2020-01-03 16:40,87,,,,,,,,,,,1,CGM,2020-01-03 16:43,200
12,"Fri, Jan 3",2020-01-03,CGM,1005,16:45,2020-01-03 16:45,86,,,,,,,,,,,1,CGM,2020-01-03 16:48,201
12,"Fri, Jan 3",2020-01-03,CGM,1010,16:50,2020-01-03 16:50,85,,,,,,,,,,,1,CGM,2020-01-03 16:53,202
12,"Fri, Jan 3",2020-01-03,CGM,1015,16:55,2020-01-03 16:55,84,,,,,,,,,,,1,CGM,2020-01-03 16:58,203
12,"Fri, Jan 3",2020-01-03,CGM,1020,17:00,2020-01-03 17:00,84,,,,,,,,,,,1,CGM,2020-01-03 17:03,204
12,"Fri, Jan 3",2020-01-03,CGM,1025,17:05,2020-01-03 17:05,90,,,,,,,,,,,1,CGM,2020-01-03 17:08,205
12,"Fri, Jan 3",2020-01-03,CGM,1030,17:10,2020-01-03 17:10,97,,,,,,,,,,,1,CGM,2020-01-03 17:13,206
12,"Fri, Jan 3",2020-01-03,CGM,1035,17:15,2020-01-03 17:15,112,,,,,,,,,,,1,CGM,2020-01-03 17:18,207
12,"Fri, Jan 3",2020-01-03,CGM,1040,17:20,2020-01-03 17:20,134,,,,,,,,,,,1,CGM,2020-01-03 17:23,208
12,"Fri, Jan 3",2020-01-03,CGM,1045,17:25,2020-01-03 17:25,156,,,,,,,,,,,1,CGM,2020-01-03 17:28,209
12,"Fri, Jan 3",2020-01-03,CGM,1050,17:30,2020-01-03 17:30,170,,,,,,,,,,,1,CGM,2020-01-03 17:33,210
12,"Fri, Jan 3",2020-01-03,CGM,1055,17:35,2020-01-03 17:35,175,,,,,,,,,,,1,CGM,2020-01-03 17:38,211
12,"Fri, Jan 3",2020-01-03,CGM,1060,17:40,2020-01-03 17:40,175,,,,,,,,,,,1,CGM,2020-01-03 17:43,212
12,"Fri, Jan 3",2020-01-03,CGM,1065,17:45,2020-01-03 17:45,184,,,,,,,,,,,1,CGM,2020-01-03 17:48,213
12,"Fri, Jan 3",2020-01-03,CGM,1070,17:50,2020-01-03 17:50,203,,,,,,,,,,,1,CGM,2020-01-03 17:53,214
12,"Fri, Jan 3",2020-01-03,CGM,1075,17:55,2020-01-03 17:55,222,,,,,,,,,,,1,CGM,2020-01-03 17:58,215
12,"Fri, Jan 3",2020-01-03,CGM,1080,18:00,2020-01-03 18:00,239,,,,,,,,,,,1,CGM,2020-01-03 18:03,216
12,"Fri, Jan 3",2020-01-03,CGM,1085,18:05,2020-01-03 18:05,243,,,,,,,,,,,1,CGM,2020-01-03 18:08,217
12,"Fri, Jan 3",2020-01-03,CGM,1090,18:10,2020-01-03 18:10,256,,,,,,,,,,,1,CGM,2020-01-03 18:13,218
12,"Fri, Jan 3",2020-01-03,CGM,1095,18:15,2020-01-03 18:15,276,,,,,,,,,,,1,CGM,2020-01-03 18:18,219
12,"Fri, Jan 3",2020-01-03,CGM,1100,18:20,2020-01-03 18:20,281,,,,,,,,,,,1,CGM,2020-01-03 18:23,220
12,"Fri, Jan 3",2020-01-03,CGM,1105,18:25,2020-01-03 18:25,269,,,,,,,,,,,1,CGM,2020-01-03 18:28,221
12,"Fri, Jan 3",2020-01-03,CGM,1110,18:30,2020-01-03 18:30,257,,,,,,,,,,,1,CGM,2020-01-03 18:33,222
12,"Fri, Jan 3",2020-01-03,CGM,1115,18:35,2020-01-03 18:35,253,,,,,,,,,,,1,CGM,2020-01-03 18:38,223
12,"Fri, Jan 3",2020-01-03,CGM,1120,18:40,2020-01-03 18:40,247,,,,,,,,,,,1,CGM,2020-01-03 18:43,224
12,"Fri, Jan 3",2020-01-03,CGM,1125,18:45,2020-01-03 18:45,225,,,,,,,,,,,1,CGM,2020-01-03 18:48,225
12,"Fri, Jan 3",2020-01-03,CGM,1130,18:50,2020-01-03 18:50,209,,,,,,,,,,,1,CGM,2020-01-03 18:53,226
12,"Fri, Jan 3",2020-01-03,CGM,1135,18:55,2020-01-03 18:55,204,,,,,,,,,,,1,CGM,2020-01-03 18:58,227
12,"Fri, Jan 3",2020-01-03,CGM,1140,19:00,2020-01-03 19:00,207,,,,,,,,,,,1,CGM,2020-01-03 19:03,228
12,"Fri, Jan 3",2020-01-03,CGM,1145,19:05,2020-01-03 19:05,209,,,,,,,,,,,1,CGM,2020-01-03 19:08,229
12,"Fri, Jan 3",2020-01-03,CGM,1150,19:10,2020-01-03 19:10,215,,,,,,,,,,,1,CGM,2020-01-03 19:13,230
12,"Fri, Jan 3",2020-01-03,CGM,1155,19:15,2020-01-03 19:15,219,,,,,,,,,,,1,CGM,2020-01-03 19:18,231
12,"Fri, Jan 3",2020-01-03,CGM,1160,19:20,2020-01-03 19:20,228,,,,,,,,,,,1,CGM,2020-01-03 19:23,232
12,"Fri, Jan 3",2020-01-03,CGM,1165,19:25,2020-01-03 19:25,235,,,,,,,,,,,1,CGM,2020-01-03 19:28,233
12,"Fri, Jan 3",2020-01-03,CGM,1170,19:30,2020-01-03 19:30,243,,,,,,,,,,,1,CGM,2020-01-03 19:33,234
12,"Fri, Jan 3",2020-01-03,CGM,1175,19:35,2020-01-03 19:35,247,,,,,,,,,,,1,CGM,2020-01-03 19:38,235
12,"Fri, Jan 3",2020-01-03,CGM,1180,19:40,2020-01-03 19:40,241,,,,,,,,,,,1,CGM,2020-01-03 19:43,236
12,"Fri, Jan 3",2020-01-03,CGM,1185,19:45,2020-01-03 19:45,233,,,,,,,,,,,1,CGM,2020-01-03 19:48,237
12,"Fri, Jan 3",2020-01-03,CGM,1190,19:50,2020-01-03 19:50,223,,,,,,,,,,,1,CGM,2020-01-03 19:53,238
12,"Fri, Jan 3",2020-01-03,CGM,1195,19:55,2020-01-03 19:55,206,,,,,,,,,,,1,CGM,2020-01-03 19:58,239
12,"Fri, Jan 3",2020-01-03,CGM,1200,20:00,2020-01-03 20:00,197,,,,,,,,,,,1,CGM,2020-01-03 20:03,240
12,"Fri, Jan 3",2020-01-03,CGM,1205,20:05,2020-01-03 20:05,187,,,,,,,,,,,1,CGM,2020-01-03 20:08,241
12,"Fri, Jan 3",2020-01-03,CGM,1210,20:10,2020-01-03 20:10,175,,,,,,,,,,,1,CGM,2020-01-03 20:13,242
12,"Fri, Jan 3",2020-01-03,CGM,1215,20:15,2020-01-03 20:15,174,,,,,,,,,,,1,CGM,2020-01-03 20:18,243
12,"Fri, Jan 3",2020-01-03,CGM,1220,20:20,2020-01-03 20:20,174,,,,,,,,,,,1,CGM,2020-01-03 20:23,244
12,"Fri, Jan 3",2020-01-03,CGM,1225,20:25,2020-01-03 20:25,166,,,,,,,,,,,1,CGM,2020-01-03 20:28,245
12,"Fri, Jan 3",2020-01-03,CGM,1230,20:30,2020-01-03 20:30,158,,,,,,,,,,,1,CGM,2020-01-03 20:33,246
12,"Fri, Jan 3",2020-01-03,CGM,1235,20:35,2020-01-03 20:35,147,,,,,,,,,,,1,CGM,2020-01-03 20:38,247
12,"Fri, Jan 3",2020-01-03,CGM,1240,20:40,2020-01-03 20:40,142,,,,,,,,,,,1,CGM,2020-01-03 20:43,248
12,"Fri, Jan 3",2020-01-03,CGM,1245,20:45,2020-01-03 20:45,142,,,,,,,,,,,1,CGM,2020-01-03 20:48,249
12,"Fri, Jan 3",2020-01-03,CGM,1250,20:50,2020-01-03 20:50,141,,,,,,,,,,,1,CGM,2020-01-03 20:53,250
12,"Fri, Jan 3",2020-01-03,CGM,1255,20:55,2020-01-03 20:55,136,,,,,,,,,,,1,CGM,2020-01-03 20:58,251
12,"Fri, Jan 3",2020-01-03,CGM,1260,21:00,2020-01-03 21:00,131,,,,,,,,,,,1,CGM,2020-01-03 21:03,252
12,"Fri, Jan 3",2020-01-03,CGM,1265,21:05,2020-01-03 21:05,127,,,,,,,,,,,1,CGM,2020-01-03 21:08,253
12,"Fri, Jan 3",2020-01-03,CGM,1270,21:10,2020-01-03 21:10,130,,,,,,,,,,,1,CGM,2020-01-03 21:13,254
12,"Fri, Jan 3",2020-01-03,CGM,1275,21:15,2020-01-03 21:15,132,,,,,,,,,,,1,CGM,2020-01-03 21:18,255
12,"Fri, Jan 3",2020-01-03,CGM,1280,21:20,2020-01-03 21:20,133,,,,,,,,,,,1,CGM,2020-01-03 21:23,256
12,"Fri, Jan 3",2020-01-03,CGM,1285,21:25,2020-01-03 21:25,132,,,,,,,,,,,1,CGM,2020-01-03 21:28,257
12,"Fri, Jan 3",2020-01-03,CGM,1290,21:30,2020-01-03 21:30,126,,,,,,,,,,,1,CGM,2020-01-03 21:33,258
12,"Fri, Jan 3",2020-01-03,CGM,1295,21:35,2020-01-03 21:35,127,,,,,,,,,,,1,CGM,2020-01-03 21:38,259
12,"Fri, Jan 3",2020-01-03,CGM,1300,21:40,2020-01-03 21:40,128,,,,,,,,,,,1,CGM,2020-01-03 21:43,260
12,"Fri, Jan 3",2020-01-03,CGM,1305,21:45,2020-01-03 21:45,131,,,,,,,,,,,1,CGM,2020-01-03 21:48,261
12,"Fri, Jan 3",2020-01-03,CGM,1310,21:50,2020-01-03 21:50,135,,,,,,,,,,,1,CGM,2020-01-03 21:53,262
12,"Fri, Jan 3",2020-01-03,CGM,1315,21:55,2020-01-03 21:55,140,,,,,,,,,,,1,CGM,2020-01-03 21:58,263
12,"Fri, Jan 3",2020-01-03,CGM,1320,22:00,2020-01-03 22:00,143,,,,,,,,,,,1,CGM,2020-01-03 22:03,264
12,"Fri, Jan 3",2020-01-03,CGM,1325,22:05,2020-01-03 22:05,148,,,,,,,,,,,1,CGM,2020-01-03 22:08,265
12,"Fri, Jan 3",2020-01-03,CGM,1330,22:10,2020-01-03 22:10,153,,,,,,,,,,,1,CGM,2020-01-03 22:13,266
12,"Fri, Jan 3",2020-01-03,CGM,1335,22:15,2020-01-03 22:15,159,,,,,,,,,,,1,CGM,2020-01-03 22:18,267
12,"Fri, Jan 3",2020-01-03,CGM,1340,22:20,2020-01-03 22:20,163,,,,,,,,,,,1,CGM,2020-01-03 22:23,268
12,"Fri, Jan 3",2020-01-03,CGM,1345,22:25,2020-01-03 22:25,170,,,,,,,,,,,1,CGM,2020-01-03 22:28,269
12,"Fri, Jan 3",2020-01-03,CGM,1350,22:30,2020-01-03 22:30,174,,,,,,,,,,,1,CGM,2020-01-03 22:33,270
12,"Fri, Jan 3",2020-01-03,CGM,1355,22:35,2020-01-03 22:35,179,,,,,,,,,,,1,CGM,2020-01-03 22:38,271
12,"Fri, Jan 3",2020-01-03,CGM,1360,22:40,2020-01-03 22:40,182,,,,,,,,,,,1,CGM,2020-01-03 22:43,272
12,"Fri, Jan 3",2020-01-03,CGM,1365,22:45,2020-01-03 22:45,185,,,,,,,,,,,1,CGM,2020-01-03 22:48,273
12,"Fri, Jan 3",2020-01-03,CGM,1370,22:50,2020-01-03 22:50,176,,,,,,,,,,,1,CGM,2020-01-03 22:53,274
12,"Fri, Jan 3",2020-01-03,CGM,1375,22:55,2020-01-03 22:55,174,,,,,,,,,,,1,CGM,2020-01-03 22:58,275
12,"Fri, Jan 3",2020-01-03,CGM,1380,23:00,2020-01-03 23:00,162,,,,,,,,,,,1,CGM,2020-01-03 23:03,276
12,"Fri, Jan 3",2020-01-03,CGM,1385,23:05,2020-01-03 23:05,159,,,,,,,,,,,1,CGM,2020-01-03 23:08,277
12,"Fri, Jan 3",2020-01-03,CGM,1390,23:10,2020-01-03 23:10,160,,,,,,,,,,,1,CGM,2020-01-03 23:13,278
12,"Fri, Jan 3",2020-01-03,CGM,1395,23:15,2020-01-03 23:15,160,,,,,,,,,,,1,CGM,2020-01-03 23:18,279
12,"Fri, Jan 3",2020-01-03,CGM,1400,23:20,2020-01-03 23:20,158,,,,,,,,,,,1,CGM,2020-01-03 23:23,280
12,"Fri, Jan 3",2020-01-03,CGM,1405,23:25,2020-01-03 23:25,150,,,,,,,,,,,1,CGM,2020-01-03 23:28,281
12,"Fri, Jan 3",2020-01-03,CGM,1410,23:30,2020-01-03 23:30,147,,,,,,,,,,,1,CGM,2020-01-03 23:33,282
12,"Fri, Jan 3",2020-01-03,CGM,1415,23:35,2020-01-03 23:35,145,,,,,,,,,,,1,CGM,2020-01-03 23:38,283
12,"Fri, Jan 3",2020-01-03,CGM,1420,23:40,2020-01-03 23:40,148,,,,,,,,,,,1,CGM,2020-01-03 23:43,284
12,"Fri, Jan 3",2020-01-03,CGM,1425,23:45,2020-01-03 23:45,143,,,,,,,,,,,1,CGM,2020-01-03 23:48,285
12,"Fri, Jan 3",2020-01-03,CGM,1430,23:50,2020-01-03 23:50,137,,,,,,,,,,,1,CGM,2020-01-03 23:53,286
12,"Fri, Jan 3",2020-01-03,CGM,1435,23:55,2020-01-03 23:55,133,,,,,,,,,,,1,CGM,2020-01-03 23:58,287
12,"Fri, Jan 3",2020-01-03,Insulin,0,00:00,2020-01-03 00:00,0.131,,,,,,,,,,,2,Insulin,2020-01-03 00:03,0
12,"Fri, Jan 3",2020-01-03,Insulin,5,00:05,2020-01-03 00:05,0,,,,,,,,,,,2,Insulin,2020-01-03 00:08,1
12,"Fri, Jan 3",2020-01-03,Insulin,10,00:10,2020-01-03 00:10,0.136,,,,,,,,,,,2,Insulin,2020-01-03 00:13,2
12,"Fri, Jan 3",2020-01-03,Insulin,15,00:15,2020-01-03 00:15,0.137,,,,,,,,,,,2,Insulin,2020-01-03 00:18,3
12,"Fri, Jan 3",2020-01-03,Insulin,20,00:20,2020-01-03 00:20,0.097,,,,,,,,,,,2,Insulin,2020-01-03 00:23,4
12,"Fri, Jan 3",2020-01-03,Insulin,25,00:25,2020-01-03 00:25,0,,,,,,,,,,,2,Insulin,2020-01-03 00:28,5
12,"Fri, Jan 3",2020-01-03,Insulin,30,00:30,2020-01-03 00:30,0,,,,,,,,,,,2,Insulin,2020-01-03 00:33,6
12,"Fri, Jan 3",2020-01-03,Insulin,35,00:35,2020-01-03 00:35,0,,,,,,,,,,,2,Insulin,2020-01-03 00:38,7
12,"Fri, Jan 3",2020-01-03,Insulin,40,00:40,2020-01-03 00:40,0,,,,,,,,,,,2,Insulin,2020-01-03 00:43,8
12,"Fri, Jan 3",2020-01-03,Insulin,45,00:45,2020-01-03 00:45,0,,,,,,,,,,,2,Insulin,2020-01-03 00:48,9
12,"Fri, Jan 3",2020-01-03,Insulin,50,00:50,2020-01-03 00:50,0,,,,,,,,,,,2,Insulin,2020-01-03 00:53,10
12,"Fri, Jan 3",2020-01-03,Insulin,55,00:55,2020-01-03 00:55,0,,,,,,,,,,,2,Insulin,2020-01-03 00:58,11
12,"Fri, Jan 3",2020-01-03,Insulin,60,01:00,2020-01-03 01:00,0,,,,,,,,,,,2,Insulin,2020-01-03 01:03,12
12,"Fri, Jan 3",2020-01-03,Insulin,65,01:05,2020-01-03 01:05,0,,,,,,,,,,,2,Insulin,2020-01-03 01:08,13
12,"Fri, Jan 3",2020-01-03,Insulin,70,01:10,2020-01-03 01:10,0,,,,,,,,,,,2,Insulin,2020-01-03 01:13,14
12,"Fri, Jan 3",2020-01-03,Insulin,75,01:15,2020-01-03 01:15,0,,,,,,,,,,,2,Insulin,2020-01-03 01:18,15
12,"Fri, Jan 3",2020-01-03,Insulin,80,01:20,2020-01-03 01:20,0,,,,,,,,,,,2,Insulin,2020-01-03 01:23,16
12,"Fri, Jan 3",2020-01-03,Insulin,85,01:25,2020-01-03 01:25,0,,,,,,,,,,,2,Insulin,2020-01-03 01:28,17
12,"Fri, Jan 3",2020-01-03,Insulin,90,01:30,2020-01-03 01:30,0,,,,,,,,,,,2,Insulin,2020-01-03 01:33,18
12,"Fri, Jan 3",2020-01-03,Insulin,95,01:35,2020-01-03 01:35,0,,,,,,,,,,,2,Insulin,2020-01-03 01:38,19
12,"Fri, Jan 3",2020-01-03,Insulin,100,01:40,2020-01-03 01:40,0.076,,,,,,,,,,,2,Insulin,2020-01-03 01:43,20
12,"Fri, Jan 3",2020-01-03,Insulin,105,01:45,2020-01-03 01:45,0.152,,,,,,,,,,,2,Insulin,2020-01-03 01:48,21
12,"Fri, Jan 3",2020-01-03,Insulin,110,01:50,2020-01-03 01:50,0.81,,,,,,,,,,,2,Insulin,2020-01-03 01:53,22
12,"Fri, Jan 3",2020-01-03,Insulin,115,01:55,2020-01-03 01:55,1.791,,,,,,,,,,,2,Insulin,2020-01-03 01:58,23
12,"Fri, Jan 3",2020-01-03,Insulin,120,02:00,2020-01-03 02:00,1.179,,,,,,,,,,,2,Insulin,2020-01-03 02:03,24
12,"Fri, Jan 3",2020-01-03,Insulin,125,02:05,2020-01-03 02:05,0.338,,,,,,,,,,,2,Insulin,2020-01-03 02:08,25
12,"Fri, Jan 3",2020-01-03,Insulin,130,02:10,2020-01-03 02:10,0.124,,,,,,,,,,,2,Insulin,2020-01-03 02:13,26
12,"Fri, Jan 3",2020-01-03,Insulin,135,02:15,2020-01-03 02:15,0.081,,,,,,,,,,,2,Insulin,2020-01-03 02:18,27
12,"Fri, Jan 3",2020-01-03,Insulin,140,02:20,2020-01-03 02:20,0.122,,,,,,,,,,,2,Insulin,2020-01-03 02:23,28
12,"Fri, Jan 3",2020-01-03,Insulin,145,02:25,2020-01-03 02:25,0,,,,,,,,,,,2,Insulin,2020-01-03 02:28,29
12,"Fri, Jan 3",2020-01-03,Insulin,150,02:30,2020-01-03 02:30,0,,,,,,,,,,,2,Insulin,2020-01-03 02:33,30
12,"Fri, Jan 3",2020-01-03,Insulin,155,02:35,2020-01-03 02:35,0,,,,,,,,,,,2,Insulin,2020-01-03 02:38,31
12,"Fri, Jan 3",2020-01-03,Insulin,160,02:40,2020-01-03 02:40,0,,,,,,,,,,,2,Insulin,2020-01-03 02:43,32
12,"Fri, Jan 3",2020-01-03,Insulin,165,02:45,2020-01-03 02:45,0,,,,,,,,,,,2,Insulin,2020-01-03 02:48,33
12,"Fri, Jan 3",2020-01-03,Insulin,170,02:50,2020-01-03 02:50,0.076,,,,,,,,,,,2,Insulin,2020-01-03 02:53,34
12,"Fri, Jan 3",2020-01-03,Insulin,175,02:55,2020-01-03 02:55,0.091,,,,,,,,,,,2,Insulin,2020-01-03 02:58,35
12,"Fri, Jan 3",2020-01-03,Insulin,180,03:00,2020-01-03 03:00,0.102,,,,,,,,,,,2,Insulin,2020-01-03 03:03,36
12,"Fri, Jan 3",2020-01-03,Insulin,185,03:05,2020-01-03 03:05,0.102,,,,,,,,,,,2,Insulin,2020-01-03 03:08,37
12,"Fri, Jan 3",2020-01-03,Insulin,190,03:10,2020-01-03 03:10,0,,,,,,,,,,,2,Insulin,2020-01-03 03:13,38
12,"Fri, Jan 3",2020-01-03,Insulin,195,03:15,2020-01-03 03:15,0,,,,,,,,,,,2,Insulin,2020-01-03 03:18,39
12,"Fri, Jan 3",2020-01-03,Insulin,200,03:20,2020-01-03 03:20,0.061,,,,,,,,,,,2,Insulin,2020-01-03 03:23,40
12,"Fri, Jan 3",2020-01-03,Insulin,205,03:25,2020-01-03 03:25,0.066,,,,,,,,,,,2,Insulin,2020-01-03 03:28,41
12,"Fri, Jan 3",2020-01-03,Insulin,210,03:30,2020-01-03 03:30,0.043,,,,,,,,,,,2,Insulin,2020-01-03 03:33,42
12,"Fri, Jan 3",2020-01-03,Insulin,215,03:35,2020-01-03 03:35,0,,,,,,,,,,,2,Insulin,2020-01-03 03:38,43
12,"Fri, Jan 3",2020-01-03,Insulin,220,03:40,2020-01-03 03:40,0.064,,,,,,,,,,,2,Insulin,2020-01-03 03:43,44
12,"Fri, Jan 3",2020-01-03,Insulin,225,03:45,2020-01-03 03:45,0.046,,,,,,,,,,,2,Insulin,2020-01-03 03:48,45
12,"Fri, Jan 3",2020-01-03,Insulin,230,03:50,2020-01-03 03:50,0.062,,,,,,,,,,,2,Insulin,2020-01-03 03:53,46
12,"Fri, Jan 3",2020-01-03,Insulin,235,03:55,2020-01-03 03:55,0.044,,,,,,,,,,,2,Insulin,2020-01-03 03:58,47
12,"Fri, Jan 3",2020-01-03,Insulin,240,04:00,2020-01-03 04:00,0,,,,,,,,,,,2,Insulin,2020-01-03 04:03,48
12,"Fri, Jan 3",2020-01-03,Insulin,245,04:05,2020-01-03 04:05,0,,,,,,,,,,,2,Insulin,2020-01-03 04:08,49
12,"Fri, Jan 3",2020-01-03,Insulin,250,04:10,2020-01-03 04:10,0,,,,,,,,,,,2,Insulin,2020-01-03 04:13,50
12,"Fri, Jan 3",2020-01-03,Insulin,255,04:15,2020-01-03 04:15,0,,,,,,,,,,,2,Insulin,2020-01-03 04:18,51
12,"Fri, Jan 3",2020-01-03,Insulin,260,04:20,2020-01-03 04:20,0,,,,,,,,,,,2,Insulin,2020-01-03 04:23,52
12,"Fri, Jan 3",2020-01-03,Insulin,265,04:25,2020-01-03 04:25,0,,,,,,,,,,,2,Insulin,2020-01-03 04:28,53
12,"Fri, Jan 3",2020-01-03,Insulin,270,04:30,2020-01-03 04:30,0,,,,,,,,,,,2,Insulin,2020-01-03 04:33,54
12,"Fri, Jan 3",2020-01-03,Insulin,275,04:35,2020-01-03 04:35,0,,,,,,,,,,,2,Insulin,2020-01-03 04:38,55
12,"Fri, Jan 3",2020-01-03,Insulin,280,04:40,2020-01-03 04:40,0,,,,,,,,,,,2,Insulin,2020-01-03 04:43,56
12,"Fri, Jan 3",2020-01-03,Insulin,285,04:45,2020-01-03 04:45,0,,,,,,,,,,,2,Insulin,2020-01-03 04:48,57
12,"Fri, Jan 3",2020-01-03,Insulin,290,04:50,2020-01-03 04:50,0,,,,,,,,,,,2,Insulin,2020-01-03 04:53,58
12,"Fri, Jan 3",2020-01-03,Insulin,295,04:55,2020-01-03 04:55,0,,,,,,,,,,,2,Insulin,2020-01-03 04:58,59
12,"Fri, Jan 3",2020-01-03,Insulin,300,05:00,2020-01-03 05:00,0,,,,,,,,,,,2,Insulin,2020-01-03 05:03,60
12,"Fri, Jan 3",2020-01-03,Insulin,305,05:05,2020-01-03 05:05,0,,,,,,,,,,,2,Insulin,2020-01-03 05:08,61
12,"Fri, Jan 3",2020-01-03,Insulin,310,05:10,2020-01-03 05:10,0,,,,,,,,,,,2,Insulin,2020-01-03 05:13,62
12,"Fri, Jan 3",2020-01-03,Insulin,315,05:15,2020-01-03 05:15,0,,,,,,,,,,,2,Insulin,2020-01-03 05:18,63
12,"Fri, Jan 3",2020-01-03,Insulin,320,05:20,2020-01-03 05:20,0,,,,,,,,,,,2,Insulin,2020-01-03 05:23,64
12,"Fri, Jan 3",2020-01-03,Insulin,325,05:25,2020-01-03 05:25,0,,,,,,,,,,,2,Insulin,2020-01-03 05:28,65
12,"Fri, Jan 3",2020-01-03,Insulin,330,05:30,2020-01-03 05:30,0,,,,,,,,,,,2,Insulin,2020-01-03 05:33,66
12,"Fri, Jan 3",2020-01-03,Insulin,335,05:35,2020-01-03 05:35,0,,,,,,,,,,,2,Insulin,2020-01-03 05:38,67
12,"Fri, Jan 3",2020-01-03,Insulin,340,05:40,2020-01-03 05:40,0,,,,,,,,,,,2,Insulin,2020-01-03 05:43,68
12,"Fri, Jan 3",2020-01-03,Insulin,345,05:45,2020-01-03 05:45,0,,,,,,,,,,,2,Insulin,2020-01-03 05:48,69
12,"Fri, Jan 3",2020-01-03,Insulin,350,05:50,2020-01-03 05:50,0,,,,,,,,,,,2,Insulin,2020-01-03 05:53,70
12,"Fri, Jan 3",2020-01-03,Insulin,355,05:55,2020-01-03 05:55,0,,,,,,,,,,,2,Insulin,2020-01-03 05:58,71
12,"Fri, Jan 3",2020-01-03,Insulin,360,06:00,2020-01-03 06:00,0,,,,,,,,,,,2,Insulin,2020-01-03 06:03,72
12,"Fri, Jan 3",2020-01-03,Insulin,365,06:05,2020-01-03 06:05,0,,,,,,,,,,,2,Insulin,2020-01-03 06:08,73
12,"Fri, Jan 3",2020-01-03,Insulin,370,06:10,2020-01-03 06:10,0,,,,,,,,,,,2,Insulin,2020-01-03 06:13,74
12,"Fri, Jan 3",2020-01-03,Insulin,375,06:15,2020-01-03 06:15,0,,,,,,,,,,,2,Insulin,2020-01-03 06:18,75
12,"Fri, Jan 3",2020-01-03,Insulin,380,06:20,2020-01-03 06:20,0.043,,,,,,,,,,,2,Insulin,2020-01-03 06:23,76
12,"Fri, Jan 3",2020-01-03,Insulin,385,06:25,2020-01-03 06:25,0,,,,,,,,,,,2,Insulin,2020-01-03 06:28,77
12,"Fri, Jan 3",2020-01-03,Insulin,390,06:30,2020-01-03 06:30,0,,,,,,,,,,,2,Insulin,2020-01-03 06:33,78
12,"Fri, Jan 3",2020-01-03,Insulin,395,06:35,2020-01-03 06:35,0.043,,,,,,,,,,,2,Insulin,2020-01-03 06:38,79
12,"Fri, Jan 3",2020-01-03,Insulin,400,06:40,2020-01-03 06:40,0,,,,,,,,,,,2,Insulin,2020-01-03 06:43,80
12,"Fri, Jan 3",2020-01-03,Insulin,405,06:45,2020-01-03 06:45,0,,,,,,,,,,,2,Insulin,2020-01-03 06:48,81
12,"Fri, Jan 3",2020-01-03,Insulin,410,06:50,2020-01-03 06:50,0,,,,,,,,,,,2,Insulin,2020-01-03 06:53,82
12,"Fri, Jan 3",2020-01-03,Insulin,415,06:55,2020-01-03 06:55,0,,,,,,,,,,,2,Insulin,2020-01-03 06:58,83
12,"Fri, Jan 3",2020-01-03,Insulin,420,07:00,2020-01-03 07:00,0.051,,,,,,,,,,,2,Insulin,2020-01-03 07:03,84
12,"Fri, Jan 3",2020-01-03,Insulin,425,07:05,2020-01-03 07:05,0,,,,,,,,,,,2,Insulin,2020-01-03 07:08,85
12,"Fri, Jan 3",2020-01-03,Insulin,430,07:10,2020-01-03 07:10,0,,,,,,,,,,,2,Insulin,2020-01-03 07:13,86
12,"Fri, Jan 3",2020-01-03,Insulin,435,07:15,2020-01-03 07:15,0.046,,,,,,,,,,,2,Insulin,2020-01-03 07:18,87
12,"Fri, Jan 3",2020-01-03,Insulin,440,07:20,2020-01-03 07:20,0,,,,,,,,,,,2,Insulin,2020-01-03 07:23,88
12,"Fri, Jan 3",2020-01-03,Insulin,445,07:25,2020-01-03 07:25,0,,,,,,,,,,,2,Insulin,2020-01-03 07:28,89
12,"Fri, Jan 3",2020-01-03,Insulin,450,07:30,2020-01-03 07:30,0.046,,,,,,,,,,,2,Insulin,2020-01-03 07:33,90
12,"Fri, Jan 3",2020-01-03,Insulin,455,07:35,2020-01-03 07:35,0,,,,,,,,,,,2,Insulin,2020-01-03 07:38,91
12,"Fri, Jan 3",2020-01-03,Insulin,460,07:40,2020-01-03 07:40,0.043,,,,,,,,,,,2,Insulin,2020-01-03 07:43,92
12,"Fri, Jan 3",2020-01-03,Insulin,465,07:45,2020-01-03 07:45,0.044,,,,,,,,,,,2,Insulin,2020-01-03 07:48,93
12,"Fri, Jan 3",2020-01-03,Insulin,470,07:50,2020-01-03 07:50,0.044,,,,,,,,,,,2,Insulin,2020-01-03 07:53,94
12,"Fri, Jan 3",2020-01-03,Insulin,475,07:55,2020-01-03 07:55,0,,,,,,,,,,,2,Insulin,2020-01-03 07:58,95
12,"Fri, Jan 3",2020-01-03,Insulin,480,08:00,2020-01-03 08:00,0.048,,,,,,,,,,,2,Insulin,2020-01-03 08:03,96
12,"Fri, Jan 3",2020-01-03,Insulin,485,08:05,2020-01-03 08:05,0.107,,,,,,,,,,,2,Insulin,2020-01-03 08:08,97
12,"Fri, Jan 3",2020-01-03,Insulin,490,08:10,2020-01-03 08:10,0.269,,,,,,,,,,,2,Insulin,2020-01-03 08:13,98
12,"Fri, Jan 3",2020-01-03,Insulin,495,08:15,2020-01-03 08:15,0.561,,,,,,,,,,,2,Insulin,2020-01-03 08:18,99
12,"Fri, Jan 3",2020-01-03,Insulin,500,08:20,2020-01-03 08:20,0.5,,,,,,,,,,,2,Insulin,2020-01-03 08:23,100
12,"Fri, Jan 3",2020-01-03,Insulin,505,08:25,2020-01-03 08:25,0.043,,,,,,,,,,,2,Insulin,2020-01-03 08:28,101
12,"Fri, Jan 3",2020-01-03,Insulin,510,08:30,2020-01-03 08:30,0.043,,,,,,,,,,,2,Insulin,2020-01-03 08:33,102
12,"Fri, Jan 3",2020-01-03,Insulin,515,08:35,2020-01-03 08:35,0,,,,,,,,,,,2,Insulin,2020-01-03 08:38,103
12,"Fri, Jan 3",2020-01-03,Insulin,520,08:40,2020-01-03 08:40,0.043,,,,,,,,,,,2,Insulin,2020-01-03 08:43,104
12,"Fri, Jan 3",2020-01-03,Insulin,525,08:45,2020-01-03 08:45,0,,,,,,,,,,,2,Insulin,2020-01-03 08:48,105
12,"Fri, Jan 3",2020-01-03,Insulin,530,08:50,2020-01-03 08:50,0,,,,,,,,,,,2,Insulin,2020-01-03 08:53,106
12,"Fri, Jan 3",2020-01-03,Insulin,535,08:55,2020-01-03 08:55,0.05,,,,,,,,,,,2,Insulin,2020-01-03 08:58,107
12,"Fri, Jan 3",2020-01-03,Insulin,540,09:00,2020-01-03 09:00,0,,,,,,,,,,,2,Insulin,2020-01-03 09:03,108
12,"Fri, Jan 3",2020-01-03,Insulin,545,09:05,2020-01-03 09:05,0.047,,,,,,,,,,,2,Insulin,2020-01-03 09:08,109
12,"Fri, Jan 3",2020-01-03,Insulin,550,09:10,2020-01-03 09:10,0,,,,,,,,,,,2,Insulin,2020-01-03 09:13,110
12,"Fri, Jan 3",2020-01-03,Insulin,555,09:15,2020-01-03 09:15,0.046,,,,,,,,,,,2,Insulin,2020-01-03 09:18,111
12,"Fri, Jan 3",2020-01-03,Insulin,560,09:20,2020-01-03 09:20,0,,,,,,,,,,,2,Insulin,2020-01-03 09:23,112
12,"Fri, Jan 3",2020-01-03,Insulin,565,09:25,2020-01-03 09:25,0,,,,,,,,,,,2,Insulin,2020-01-03 09:28,113
12,"Fri, Jan 3",2020-01-03,Insulin,570,09:30,2020-01-03 09:30,0.046,,,,,,,,,,,2,Insulin,2020-01-03 09:33,114
12,"Fri, Jan 3",2020-01-03,Insulin,575,09:35,2020-01-03 09:35,0.046,,,,,,,,,,,2,Insulin,2020-01-03 09:38,115
12,"Fri, Jan 3",2020-01-03,Insulin,580,09:40,2020-01-03 09:40,0,,,,,,,,,,,2,Insulin,2020-01-03 09:43,116
12,"Fri, Jan 3",2020-01-03,Insulin,585,09:45,2020-01-03 09:45,0.043,,,,,,,,,,,2,Insulin,2020-01-03 09:48,117
12,"Fri, Jan 3",2020-01-03,Insulin,590,09:50,2020-01-03 09:50,0,,,,,,,,,,,2,Insulin,2020-01-03 09:53,118
12,"Fri, Jan 3",2020-01-03,Insulin,595,09:55,2020-01-03 09:55,0.046,,,,,,,,,,,2,Insulin,2020-01-03 09:58,119
12,"Fri, Jan 3",2020-01-03,Insulin,600,10:00,2020-01-03 10:00,0.195,,,,,,,,,,,2,Insulin,2020-01-03 10:03,120
12,"Fri, Jan 3",2020-01-03,Insulin,605,10:05,2020-01-03 10:05,0.051,,,,,,,,,,,2,Insulin,2020-01-03 10:08,121
12,"Fri, Jan 3",2020-01-03,Insulin,610,10:10,2020-01-03 10:10,0.117,,,,,,,,,,,2,Insulin,2020-01-03 10:13,122
12,"Fri, Jan 3",2020-01-03,Insulin,615,10:15,2020-01-03 10:15,0.048,,,,,,,,,,,2,Insulin,2020-01-03 10:18,123
12,"Fri, Jan 3",2020-01-03,Insulin,620,10:20,2020-01-03 10:20,0.088,,,,,,,,,,,2,Insulin,2020-01-03 10:23,124
12,"Fri, Jan 3",2020-01-03,Insulin,625,10:25,2020-01-03 10:25,0.102,,,,,,,,,,,2,Insulin,2020-01-03 10:28,125
12,"Fri, Jan 3",2020-01-03,Insulin,630,10:30,2020-01-03 10:30,0.242,,,,,,,,,,,2,Insulin,2020-01-03 10:33,126
12,"Fri, Jan 3",2020-01-03,Insulin,635,10:35,2020-01-03 10:35,0.122,,,,,,,,,,,2,Insulin,2020-01-03 10:38,127
12,"Fri, Jan 3",2020-01-03,Insulin,640,10:40,2020-01-03 10:40,0.14,,,,,,,,,,,2,Insulin,2020-01-03 10:43,128
12,"Fri, Jan 3",2020-01-03,Insulin,645,10:45,2020-01-03 10:45,0.056,,,,,,,,,,,2,Insulin,2020-01-03 10:48,129
12,"Fri, Jan 3",2020-01-03,Insulin,650,10:50,2020-01-03 10:50,0.196,,,,,,,,,,,2,Insulin,2020-01-03 10:53,130
12,"Fri, Jan 3",2020-01-03,Insulin,655,10:55,2020-01-03 10:55,0.056,,,,,,,,,,,2,Insulin,2020-01-03 10:58,131
12,"Fri, Jan 3",2020-01-03,Insulin,660,11:00,2020-01-03 11:00,0.125,,,,,,,,,,,2,Insulin,2020-01-03 11:03,132
12,"Fri, Jan 3",2020-01-03,Insulin,665,11:05,2020-01-03 11:05,0.107,,,,,,,,,,,2,Insulin,2020-01-03 11:08,133
12,"Fri, Jan 3",2020-01-03,Insulin,670,11:10,2020-01-03 11:10,0.056,,,,,,,,,,,2,Insulin,2020-01-03 11:13,134
12,"Fri, Jan 3",2020-01-03,Insulin,675,11:15,2020-01-03 11:15,0.18,,,,,,,,,,,2,Insulin,2020-01-03 11:18,135
12,"Fri, Jan 3",2020-01-03,Insulin,680,11:20,2020-01-03 11:20,0.066,,,,,,,,,,,2,Insulin,2020-01-03 11:23,136
12,"Fri, Jan 3",2020-01-03,Insulin,685,11:25,2020-01-03 11:25,0.107,,,,,,,,,,,2,Insulin,2020-01-03 11:28,137
12,"Fri, Jan 3",2020-01-03,Insulin,690,11:30,2020-01-03 11:30,0.206,,,,,,,,,,,2,Insulin,2020-01-03 11:33,138
12,"Fri, Jan 3",2020-01-03,Insulin,695,11:35,2020-01-03 11:35,0,,,,,,,,,,,2,Insulin,2020-01-03 11:38,139
12,"Fri, Jan 3",2020-01-03,Insulin,700,11:40,2020-01-03 11:40,0.066,,,,,,,,,,,2,Insulin,2020-01-03 11:43,140
12,"Fri, Jan 3",2020-01-03,Insulin,705,11:45,2020-01-03 11:45,0.114,,,,,,,,,,,2,Insulin,2020-01-03 11:48,141
12,"Fri, Jan 3",2020-01-03,Insulin,710,11:50,2020-01-03 11:50,0.043,,,,,,,,,,,2,Insulin,2020-01-03 11:53,142
12,"Fri, Jan 3",2020-01-03,Insulin,715,11:55,2020-01-03 11:55,0.076,,,,,,,,,,,2,Insulin,2020-01-03 11:58,143
12,"Fri, Jan 3",2020-01-03,Insulin,720,12:00,2020-01-03 12:00,0.135,,,,,,,,,,,2,Insulin,2020-01-03 12:03,144
12,"Fri, Jan 3",2020-01-03,Insulin,725,12:05,2020-01-03 12:05,0.053,,,,,,,,,,,2,Insulin,2020-01-03 12:08,145
12,"Fri, Jan 3",2020-01-03,Insulin,730,12:10,2020-01-03 12:10,0.046,,,,,,,,,,,2,Insulin,2020-01-03 12:13,146
12,"Fri, Jan 3",2020-01-03,Insulin,735,12:15,2020-01-03 12:15,0.092,,,,,,,,,,,2,Insulin,2020-01-03 12:18,147
12,"Fri, Jan 3",2020-01-03,Insulin,740,12:20,2020-01-03 12:20,0.119,,,,,,,,,,,2,Insulin,2020-01-03 12:23,148
12,"Fri, Jan 3",2020-01-03,Insulin,745,12:25,2020-01-03 12:25,0.396,,,,,,,,,,,2,Insulin,2020-01-03 12:28,149
12,"Fri, Jan 3",2020-01-03,Insulin,750,12:30,2020-01-03 12:30,0.477,,,,,,,,,,,2,Insulin,2020-01-03 12:33,150
12,"Fri, Jan 3",2020-01-03,Insulin,755,12:35,2020-01-03 12:35,0.389,,,,,,,,,,,2,Insulin,2020-01-03 12:38,151
12,"Fri, Jan 3",2020-01-03,Insulin,760,12:40,2020-01-03 12:40,0.241,,,,,,,,,,,2,Insulin,2020-01-03 12:43,152
12,"Fri, Jan 3",2020-01-03,Insulin,765,12:45,2020-01-03 12:45,0.1,,,,,,,,,,,2,Insulin,2020-01-03 12:48,153
12,"Fri, Jan 3",2020-01-03,Insulin,770,12:50,2020-01-03 12:50,0.149,,,,,,,,,,,2,Insulin,2020-01-03 12:53,154
12,"Fri, Jan 3",2020-01-03,Insulin,775,12:55,2020-01-03 12:55,0.091,,,,,,,,,,,2,Insulin,2020-01-03 12:58,155
12,"Fri, Jan 3",2020-01-03,Insulin,780,13:00,2020-01-03 13:00,0.165,,,,,,,,,,,2,Insulin,2020-01-03 13:03,156
12,"Fri, Jan 3",2020-01-03,Insulin,785,13:05,2020-01-03 13:05,0.272,,,,,,,,,,,2,Insulin,2020-01-03 13:08,157
12,"Fri, Jan 3",2020-01-03,Insulin,790,13:10,2020-01-03 13:10,0.216,,,,,,,,,,,2,Insulin,2020-01-03 13:13,158
12,"Fri, Jan 3",2020-01-03,Insulin,795,13:15,2020-01-03 13:15,0.114,,,,,,,,,,,2,Insulin,2020-01-03 13:18,159
12,"Fri, Jan 3",2020-01-03,Insulin,800,13:20,2020-01-03 13:20,0.312,,,,,,,,,,,2,Insulin,2020-01-03 13:23,160
12,"Fri, Jan 3",2020-01-03,Insulin,805,13:25,2020-01-03 13:25,0.398,,,,,,,,,,,2,Insulin,2020-01-03 13:28,161
12,"Fri, Jan 3",2020-01-03,Insulin,810,13:30,2020-01-03 13:30,0.965,,,,,,,,,,,2,Insulin,2020-01-03 13:33,162
12,"Fri, Jan 3",2020-01-03,Insulin,815,13:35,2020-01-03 13:35,1.153,,,,,,,,,,,2,Insulin,2020-01-03 13:38,163
12,"Fri, Jan 3",2020-01-03,Insulin,820,13:40,2020-01-03 13:40,1.14,,,,,,,,,,,2,Insulin,2020-01-03 13:43,164
12,"Fri, Jan 3",2020-01-03,Insulin,825,13:45,2020-01-03 13:45,0.453,,,,,,,,,,,2,Insulin,2020-01-03 13:48,165
12,"Fri, Jan 3",2020-01-03,Insulin,830,13:50,2020-01-03 13:50,0.615,,,,,,,,,,,2,Insulin,2020-01-03 13:53,166
12,"Fri, Jan 3",2020-01-03,Insulin,835,13:55,2020-01-03 13:55,0.945,,,,,,,,,,,2,Insulin,2020-01-03 13:58,167
12,"Fri, Jan 3",2020-01-03,Insulin,840,14:00,2020-01-03 14:00,0.223,,,,,,,,,,,2,Insulin,2020-01-03 14:03,168
12,"Fri, Jan 3",2020-01-03,Insulin,845,14:05,2020-01-03 14:05,0.124,,,,,,,,,,,2,Insulin,2020-01-03 14:08,169
12,"Fri, Jan 3",2020-01-03,Insulin,850,14:10,2020-01-03 14:10,0.264,,,,,,,,,,,2,Insulin,2020-01-03 14:13,170
12,"Fri, Jan 3",2020-01-03,Insulin,855,14:15,2020-01-03 14:15,0.233,,,,,,,,,,,2,Insulin,2020-01-03 14:18,171
12,"Fri, Jan 3",2020-01-03,Insulin,860,14:20,2020-01-03 14:20,0.333,,,,,,,,,,,2,Insulin,2020-01-03 14:23,172
12,"Fri, Jan 3",2020-01-03,Insulin,865,14:25,2020-01-03 14:25,0.128,,,,,,,,,,,2,Insulin,2020-01-03 14:28,173
12,"Fri, Jan 3",2020-01-03,Insulin,870,14:30,2020-01-03 14:30,0.117,,,,,,,,,,,2,Insulin,2020-01-03 14:33,174
12,"Fri, Jan 3",2020-01-03,Insulin,875,14:35,2020-01-03 14:35,0.392,,,,,,,,,,,2,Insulin,2020-01-03 14:38,175
12,"Fri, Jan 3",2020-01-03,Insulin,880,14:40,2020-01-03 14:40,0.62,,,,,,,,,,,2,Insulin,2020-01-03 14:43,176
12,"Fri, Jan 3",2020-01-03,Insulin,885,14:45,2020-01-03 14:45,0,,,,,,,,,,,2,Insulin,2020-01-03 14:48,177
12,"Fri, Jan 3",2020-01-03,Insulin,890,14:50,2020-01-03 14:50,0,,,,,,,,,,,2,Insulin,2020-01-03 14:53,178
12,"Fri, Jan 3",2020-01-03,Insulin,895,14:55,2020-01-03 14:55,0,,,,,,,,,,,2,Insulin,2020-01-03 14:58,179
12,"Fri, Jan 3",2020-01-03,Insulin,900,15:00,2020-01-03 15:00,0,,,,,,,,,,,2,Insulin,2020-01-03 15:03,180
12,"Fri, Jan 3",2020-01-03,Insulin,905,15:05,2020-01-03 15:05,0,,,,,,,,,,,2,Insulin,2020-01-03 15:08,181
12,"Fri, Jan 3",2020-01-03,Insulin,910,15:10,2020-01-03 15:10,0.043,,,,,,,,,,,2,Insulin,2020-01-03 15:13,182
12,"Fri, Jan 3",2020-01-03,Insulin,915,15:15,2020-01-03 15:15,0,,,,,,,,,,,2,Insulin,2020-01-03 15:18,183
12,"Fri, Jan 3",2020-01-03,Insulin,920,15:20,2020-01-03 15:20,0,,,,,,,,,,,2,Insulin,2020-01-03 15:23,184
12,"Fri, Jan 3",2020-01-03,Insulin,925,15:25,2020-01-03 15:25,0,,,,,,,,,,,2,Insulin,2020-01-03 15:28,185
12,"Fri, Jan 3",2020-01-03,Insulin,930,15:30,2020-01-03 15:30,0,,,,,,,,,,,2,Insulin,2020-01-03 15:33,186
12,"Fri, Jan 3",2020-01-03,Insulin,935,15:35,2020-01-03 15:35,0,,,,,,,,,,,2,Insulin,2020-01-03 15:38,187
12,"Fri, Jan 3",2020-01-03,Insulin,940,15:40,2020-01-03 15:40,0,,,,,,,,,,,2,Insulin,2020-01-03 15:43,188
12,"Fri, Jan 3",2020-01-03,Insulin,945,15:45,2020-01-03 15:45,0,,,,,,,,,,,2,Insulin,2020-01-03 15:48,189
12,"Fri, Jan 3",2020-01-03,Insulin,950,15:50,2020-01-03 15:50,0,,,,,,,,,,,2,Insulin,2020-01-03 15:53,190
12,"Fri, Jan 3",2020-01-03,Insulin,955,15:55,2020-01-03 15:55,0,,,,,,,,,,,2,Insulin,2020-01-03 15:58,191
12,"Fri, Jan 3",2020-01-03,Insulin,960,16:00,2020-01-03 16:00,0.069,,,,,,,,,,,2,Insulin,2020-01-03 16:03,192
12,"Fri, Jan 3",2020-01-03,Insulin,965,16:05,2020-01-03 16:05,0.051,,,,,,,,,,,2,Insulin,2020-01-03 16:08,193
12,"Fri, Jan 3",2020-01-03,Insulin,970,16:10,2020-01-03 16:10,0.051,,,,,,,,,,,2,Insulin,2020-01-03 16:13,194
12,"Fri, Jan 3",2020-01-03,Insulin,975,16:15,2020-01-03 16:15,0,,,,,,,,,,,2,Insulin,2020-01-03 16:18,195
12,"Fri, Jan 3",2020-01-03,Insulin,980,16:20,2020-01-03 16:20,0,,,,,,,,,,,2,Insulin,2020-01-03 16:23,196
12,"Fri, Jan 3",2020-01-03,Insulin,985,16:25,2020-01-03 16:25,0,,,,,,,,,,,2,Insulin,2020-01-03 16:28,197
12,"Fri, Jan 3",2020-01-03,Insulin,990,16:30,2020-01-03 16:30,0,,,,,,,,,,,2,Insulin,2020-01-03 16:33,198
12,"Fri, Jan 3",2020-01-03,Insulin,995,16:35,2020-01-03 16:35,0.086,,,,,,,,,,,2,Insulin,2020-01-03 16:38,199
12,"Fri, Jan 3",2020-01-03,Insulin,1000,16:40,2020-01-03 16:40,0,,,,,,,,,,,2,Insulin,2020-01-03 16:43,200
12,"Fri, Jan 3",2020-01-03,Insulin,1005,16:45,2020-01-03 16:45,0,,,,,,,,,,,2,Insulin,2020-01-03 16:48,201
12,"Fri, Jan 3",2020-01-03,Insulin,1010,16:50,2020-01-03 16:50,0.084,,,,,,,,,,,2,Insulin,2020-01-03 16:53,202
12,"Fri, Jan 3",2020-01-03,Insulin,1015,16:55,2020-01-03 16:55,0.079,,,,,,,,,,,2,Insulin,2020-01-03 16:58,203
12,"Fri, Jan 3",2020-01-03,Insulin,1020,17:00,2020-01-03 17:00,0.08,,,,,,,,,,,2,Insulin,2020-01-03 17:03,204
12,"Fri, Jan 3",2020-01-03,Insulin,1025,17:05,2020-01-03 17:05,0.093,,,,,,,,,,,2,Insulin,2020-01-03 17:08,205
12,"Fri, Jan 3",2020-01-03,Insulin,1030,17:10,2020-01-03 17:10,0.094,,,,,,,,,,,2,Insulin,2020-01-03 17:13,206
12,"Fri, Jan 3",2020-01-03,Insulin,1035,17:15,2020-01-03 17:15,0.107,,,,,,,,,,,2,Insulin,2020-01-03 17:18,207
12,"Fri, Jan 3",2020-01-03,Insulin,1040,17:20,2020-01-03 17:20,0.123,,,,,,,,,,,2,Insulin,2020-01-03 17:23,208
12,"Fri, Jan 3",2020-01-03,Insulin,1045,17:25,2020-01-03 17:25,0.479,,,,,,,,,,,2,Insulin,2020-01-03 17:28,209
12,"Fri, Jan 3",2020-01-03,Insulin,1050,17:30,2020-01-03 17:30,0.889,,,,,,,,,,,2,Insulin,2020-01-03 17:33,210
12,"Fri, Jan 3",2020-01-03,Insulin,1055,17:35,2020-01-03 17:35,0.983,,,,,,,,,,,2,Insulin,2020-01-03 17:38,211
12,"Fri, Jan 3",2020-01-03,Insulin,1060,17:40,2020-01-03 17:40,0.698,,,,,,,,,,,2,Insulin,2020-01-03 17:43,212
12,"Fri, Jan 3",2020-01-03,Insulin,1065,17:45,2020-01-03 17:45,0.297,,,,,,,,,,,2,Insulin,2020-01-03 17:48,213
12,"Fri, Jan 3",2020-01-03,Insulin,1070,17:50,2020-01-03 17:50,0.552,,,,,,,,,,,2,Insulin,2020-01-03 17:53,214
12,"Fri, Jan 3",2020-01-03,Insulin,1075,17:55,2020-01-03 17:55,1.188,,,,,,,,,,,2,Insulin,2020-01-03 17:58,215
12,"Fri, Jan 3",2020-01-03,Insulin,1080,18:00,2020-01-03 18:00,1.503,,,,,,,,,,,2,Insulin,2020-01-03 18:03,216
12,"Fri, Jan 3",2020-01-03,Insulin,1085,18:05,2020-01-03 18:05,1.631,,,,,,,,,,,2,Insulin,2020-01-03 18:08,217
12,"Fri, Jan 3",2020-01-03,Insulin,1090,18:10,2020-01-03 18:10,0.953,,,,,,,,,,,2,Insulin,2020-01-03 18:13,218
12,"Fri, Jan 3",2020-01-03,Insulin,1095,18:15,2020-01-03 18:15,1.083,,,,,,,,,,,2,Insulin,2020-01-03 18:18,219
12,"Fri, Jan 3",2020-01-03,Insulin,1100,18:20,2020-01-03 18:20,1.444,,,,,,,,,,,2,Insulin,2020-01-03 18:23,220
12,"Fri, Jan 3",2020-01-03,Insulin,1105,18:25,2020-01-03 18:25,0.802,,,,,,,,,,,2,Insulin,2020-01-03 18:28,221
12,"Fri, Jan 3",2020-01-03,Insulin,1110,18:30,2020-01-03 18:30,0,,,,,,,,,,,2,Insulin,2020-01-03 18:33,222
12,"Fri, Jan 3",2020-01-03,Insulin,1115,18:35,2020-01-03 18:35,0,,,,,,,,,,,2,Insulin,2020-01-03 18:38,223
12,"Fri, Jan 3",2020-01-03,Insulin,1120,18:40,2020-01-03 18:40,0,,,,,,,,,,,2,Insulin,2020-01-03 18:43,224
12,"Fri, Jan 3",2020-01-03,Insulin,1125,18:45,2020-01-03 18:45,0,,,,,,,,,,,2,Insulin,2020-01-03 18:48,225
12,"Fri, Jan 3",2020-01-03,Insulin,1130,18:50,2020-01-03 18:50,0,,,,,,,,,,,2,Insulin,2020-01-03 18:53,226
12,"Fri, Jan 3",2020-01-03,Insulin,1135,18:55,2020-01-03 18:55,0,,,,,,,,,,,2,Insulin,2020-01-03 18:58,227
12,"Fri, Jan 3",2020-01-03,Insulin,1140,19:00,2020-01-03 19:00,0,,,,,,,,,,,2,Insulin,2020-01-03 19:03,228
12,"Fri, Jan 3",2020-01-03,Insulin,1145,19:05,2020-01-03 19:05,0,,,,,,,,,,,2,Insulin,2020-01-03 19:08,229
12,"Fri, Jan 3",2020-01-03,Insulin,1150,19:10,2020-01-03 19:10,0.18,,,,,,,,,,,2,Insulin,2020-01-03 19:13,230
12,"Fri, Jan 3",2020-01-03,Insulin,1155,19:15,2020-01-03 19:15,0.185,,,,,,,,,,,2,Insulin,2020-01-03 19:18,231
12,"Fri, Jan 3",2020-01-03,Insulin,1160,19:20,2020-01-03 19:20,0.18,,,,,,,,,,,2,Insulin,2020-01-03 19:23,232
12,"Fri, Jan 3",2020-01-03,Insulin,1165,19:25,2020-01-03 19:25,0.175,,,,,,,,,,,2,Insulin,2020-01-03 19:28,233
12,"Fri, Jan 3",2020-01-03,Insulin,1170,19:30,2020-01-03 19:30,0.175,,,,,,,,,,,2,Insulin,2020-01-03 19:33,234
12,"Fri, Jan 3",2020-01-03,Insulin,1175,19:35,2020-01-03 19:35,0.17,,,,,,,,,,,2,Insulin,2020-01-03 19:38,235
12,"Fri, Jan 3",2020-01-03,Insulin,1180,19:40,2020-01-03 19:40,0.17,,,,,,,,,,,2,Insulin,2020-01-03 19:43,236
12,"Fri, Jan 3",2020-01-03,Insulin,1185,19:45,2020-01-03 19:45,0.066,,,,,,,,,,,2,Insulin,2020-01-03 19:48,237
12,"Fri, Jan 3",2020-01-03,Insulin,1190,19:50,2020-01-03 19:50,0.043,,,,,,,,,,,2,Insulin,2020-01-03 19:53,238
12,"Fri, Jan 3",2020-01-03,Insulin,1195,19:55,2020-01-03 19:55,0,,,,,,,,,,,2,Insulin,2020-01-03 19:58,239
12,"Fri, Jan 3",2020-01-03,Insulin,1200,20:00,2020-01-03 20:00,0,,,,,,,,,,,2,Insulin,2020-01-03 20:03,240
12,"Fri, Jan 3",2020-01-03,Insulin,1205,20:05,2020-01-03 20:05,0,,,,,,,,,,,2,Insulin,2020-01-03 20:08,241
12,"Fri, Jan 3",2020-01-03,Insulin,1210,20:10,2020-01-03 20:10,0,,,,,,,,,,,2,Insulin,2020-01-03 20:13,242
12,"Fri, Jan 3",2020-01-03,Insulin,1215,20:15,2020-01-03 20:15,0,,,,,,,,,,,2,Insulin,2020-01-03 20:18,243
12,"Fri, Jan 3",2020-01-03,Insulin,1220,20:20,2020-01-03 20:20,0.123,,,,,,,,,,,2,Insulin,2020-01-03 20:23,244
12,"Fri, Jan 3",2020-01-03,Insulin,1225,20:25,2020-01-03 20:25,0.126,,,,,,,,,,,2,Insulin,2020-01-03 20:28,245
12,"Fri, Jan 3",2020-01-03,Insulin,1230,20:30,2020-01-03 20:30,0.051,,,,,,,,,,,2,Insulin,2020-01-03 20:33,246
12,"Fri, Jan 3",2020-01-03,Insulin,1235,20:35,2020-01-03 20:35,0,,,,,,,,,,,2,Insulin,2020-01-03 20:38,247
12,"Fri, Jan 3",2020-01-03,Insulin,1240,20:40,2020-01-03 20:40,0,,,,,,,,,,,2,Insulin,2020-01-03 20:43,248
12,"Fri, Jan 3",2020-01-03,Insulin,1245,20:45,2020-01-03 20:45,0.048,,,,,,,,,,,2,Insulin,2020-01-03 20:48,249
12,"Fri, Jan 3",2020-01-03,Insulin,1250,20:50,2020-01-03 20:50,0.091,,,,,,,,,,,2,Insulin,2020-01-03 20:53,250
12,"Fri, Jan 3",2020-01-03,Insulin,1255,20:55,2020-01-03 20:55,0.074,,,,,,,,,,,2,Insulin,2020-01-03 20:58,251
12,"Fri, Jan 3",2020-01-03,Insulin,1260,21:00,2020-01-03 21:00,0.048,,,,,,,,,,,2,Insulin,2020-01-03 21:03,252
12,"Fri, Jan 3",2020-01-03,Insulin,1265,21:05,2020-01-03 21:05,0,,,,,,,,,,,2,Insulin,2020-01-03 21:08,253
12,"Fri, Jan 3",2020-01-03,Insulin,1270,21:10,2020-01-03 21:10,0.058,,,,,,,,,,,2,Insulin,2020-01-03 21:13,254
12,"Fri, Jan 3",2020-01-03,Insulin,1275,21:15,2020-01-03 21:15,0.069,,,,,,,,,,,2,Insulin,2020-01-03 21:18,255
12,"Fri, Jan 3",2020-01-03,Insulin,1280,21:20,2020-01-03 21:20,0.061,,,,,,,,,,,2,Insulin,2020-01-03 21:23,256
12,"Fri, Jan 3",2020-01-03,Insulin,1285,21:25,2020-01-03 21:25,0.061,,,,,,,,,,,2,Insulin,2020-01-03 21:28,257
12,"Fri, Jan 3",2020-01-03,Insulin,1290,21:30,2020-01-03 21:30,0.046,,,,,,,,,,,2,Insulin,2020-01-03 21:33,258
12,"Fri, Jan 3",2020-01-03,Insulin,1295,21:35,2020-01-03 21:35,0,,,,,,,,,,,2,Insulin,2020-01-03 21:38,259
12,"Fri, Jan 3",2020-01-03,Insulin,1300,21:40,2020-01-03 21:40,0.071,,,,,,,,,,,2,Insulin,2020-01-03 21:43,260
12,"Fri, Jan 3",2020-01-03,Insulin,1305,21:45,2020-01-03 21:45,0.051,,,,,,,,,,,2,Insulin,2020-01-03 21:48,261
12,"Fri, Jan 3",2020-01-03,Insulin,1310,21:50,2020-01-03 21:50,0.046,,,,,,,,,,,2,Insulin,2020-01-03 21:53,262
12,"Fri, Jan 3",2020-01-03,Insulin,1315,21:55,2020-01-03 21:55,0.051,,,,,,,,,,,2,Insulin,2020-01-03 21:58,263
12,"Fri, Jan 3",2020-01-03,Insulin,1320,22:00,2020-01-03 22:00,0.051,,,,,,,,,,,2,Insulin,2020-01-03 22:03,264
12,"Fri, Jan 3",2020-01-03,Insulin,1325,22:05,2020-01-03 22:05,0.051,,,,,,,,,,,2,Insulin,2020-01-03 22:08,265
12,"Fri, Jan 3",2020-01-03,Insulin,1330,22:10,2020-01-03 22:10,0.051,,,,,,,,,,,2,Insulin,2020-01-03 22:13,266
12,"Fri, Jan 3",2020-01-03,Insulin,1335,22:15,2020-01-03 22:15,0.051,,,,,,,,,,,2,Insulin,2020-01-03 22:18,267
12,"Fri, Jan 3",2020-01-03,Insulin,1340,22:20,2020-01-03 22:20,0.066,,,,,,,,,,,2,Insulin,2020-01-03 22:23,268
12,"Fri, Jan 3",2020-01-03,Insulin,1345,22:25,2020-01-03 22:25,0.061,,,,,,,,,,,2,Insulin,2020-01-03 22:28,269
12,"Fri, Jan 3",2020-01-03,Insulin,1350,22:30,2020-01-03 22:30,0.371,,,,,,,,,,,2,Insulin,2020-01-03 22:33,270
12,"Fri, Jan 3",2020-01-03,Insulin,1355,22:35,2020-01-03 22:35,0.264,,,,,,,,,,,2,Insulin,2020-01-03 22:38,271
12,"Fri, Jan 3",2020-01-03,Insulin,1360,22:40,2020-01-03 22:40,0.297,,,,,,,,,,,2,Insulin,2020-01-03 22:43,272
12,"Fri, Jan 3",2020-01-03,Insulin,1365,22:45,2020-01-03 22:45,0.18,,,,,,,,,,,2,Insulin,2020-01-03 22:48,273
12,"Fri, Jan 3",2020-01-03,Insulin,1370,22:50,2020-01-03 22:50,0.132,,,,,,,,,,,2,Insulin,2020-01-03 22:53,274
12,"Fri, Jan 3",2020-01-03,Insulin,1375,22:55,2020-01-03 22:55,0,,,,,,,,,,,2,Insulin,2020-01-03 22:58,275
12,"Fri, Jan 3",2020-01-03,Insulin,1380,23:00,2020-01-03 23:00,0.056,,,,,,,,,,,2,Insulin,2020-01-03 23:03,276
12,"Fri, Jan 3",2020-01-03,Insulin,1385,23:05,2020-01-03 23:05,0,,,,,,,,,,,2,Insulin,2020-01-03 23:08,277
12,"Fri, Jan 3",2020-01-03,Insulin,1390,23:10,2020-01-03 23:10,0.046,,,,,,,,,,,2,Insulin,2020-01-03 23:13,278
12,"Fri, Jan 3",2020-01-03,Insulin,1395,23:15,2020-01-03 23:15,0.046,,,,,,,,,,,2,Insulin,2020-01-03 23:18,279
12,"Fri, Jan 3",2020-01-03,Insulin,1400,23:20,2020-01-03 23:20,0.043,,,,,,,,,,,2,Insulin,2020-01-03 23:23,280
12,"Fri, Jan 3",2020-01-03,Insulin,1405,23:25,2020-01-03 23:25,0.048,,,,,,,,,,,2,Insulin,2020-01-03 23:28,281
12,"Fri, Jan 3",2020-01-03,Insulin,1410,23:30,2020-01-03 23:30,0,,,,,,,,,,,2,Insulin,2020-01-03 23:33,282
12,"Fri, Jan 3",2020-01-03,Insulin,1415,23:35,2020-01-03 23:35,0.043,,,,,,,,,,,2,Insulin,2020-01-03 23:38,283
12,"Fri, Jan 3",2020-01-03,Insulin,1420,23:40,2020-01-03 23:40,0,,,,,,,,,,,2,Insulin,2020-01-03 23:43,284
12,"Fri, Jan 3",2020-01-03,Insulin,1425,23:45,2020-01-03 23:45,0.051,,,,,,,,,,,2,Insulin,2020-01-03 23:48,285
12,"Fri, Jan 3",2020-01-03,Insulin,1430,23:50,2020-01-03 23:50,0,,,,,,,,,,,2,Insulin,2020-01-03 23:53,286
12,"Fri, Jan 3",2020-01-03,Insulin,1435,23:55,2020-01-03 23:55,0.046,,,,,,,,,,,2,Insulin,2020-01-03 23:58,287
13,"Thu, Jan 2",2020-01-02,CGM,0,00:00,2020-01-02 00:00,121,,,,,,,,,,,1,CGM,2020-01-02 00:03,0
13,"Thu, Jan 2",2020-01-02,CGM,5,00:05,2020-01-02 00:05,114,,,,,,,,,,,1,CGM,2020-01-02 00:08,1
13,"Thu, Jan 2",2020-01-02,CGM,10,00:10,2020-01-02 00:10,115,,,,,,,,,,,1,CGM,2020-01-02 00:13,2
13,"Thu, Jan 2",2020-01-02,CGM,15,00:15,2020-01-02 00:15,118,,,,,,,,,,,1,CGM,2020-01-02 00:18,3
13,"Thu, Jan 2",2020-01-02,CGM,20,00:20,2020-01-02 00:20,124,,,,,,,,,,,1,CGM,2020-01-02 00:23,4
13,"Thu, Jan 2",2020-01-02,CGM,25,00:25,2020-01-02 00:25,138,,,,,,,,,,,1,CGM,2020-01-02 00:28,5
13,"Thu, Jan 2",2020-01-02,CGM,30,00:30,2020-01-02 00:30,150,,,,,,,,,,,1,CGM,2020-01-02 00:33,6
13,"Thu, Jan 2",2020-01-02,CGM,35,00:35,2020-01-02 00:35,162,,,,,,,,,,,1,CGM,2020-01-02 00:38,7
13,"Thu, Jan 2",2020-01-02,CGM,40,00:40,2020-01-02 00:40,162,,,,,,,,,,,1,CGM,2020-01-02 00:43,8
13,"Thu, Jan 2",2020-01-02,CGM,45,00:45,2020-01-02 00:45,175,,,,,,,,,,,1,CGM,2020-01-02 00:48,9
13,"Thu, Jan 2",2020-01-02,CGM,50,00:50,2020-01-02 00:50,198,,,,,,,,,,,1,CGM,2020-01-02 00:53,10
13,"Thu, Jan 2",2020-01-02,CGM,55,00:55,2020-01-02 00:55,215,,,,,,,,,,,1,CGM,2020-01-02 00:58,11
13,"Thu, Jan 2",2020-01-02,CGM,60,01:00,2020-01-02 01:00,217,,,,,,,,,,,1,CGM,2020-01-02 01:03,12
13,"Thu, Jan 2",2020-01-02,CGM,65,01:05,2020-01-02 01:05,227,,,,,,,,,,,1,CGM,2020-01-02 01:08,13
13,"Thu, Jan 2",2020-01-02,CGM,70,01:10,2020-01-02 01:10,259,,,,,,,,,,,1,CGM,2020-01-02 01:13,14
13,"Thu, Jan 2",2020-01-02,CGM,75,01:15,2020-01-02 01:15,298,,,,,,,,,,,1,CGM,2020-01-02 01:18,15
13,"Thu, Jan 2",2020-01-02,CGM,80,01:20,2020-01-02 01:20,340,,,,,,,,,,,1,CGM,2020-01-02 01:23,16
13,"Thu, Jan 2",2020-01-02,CGM,85,01:25,2020-01-02 01:25,356,,,,,,,,,,,1,CGM,2020-01-02 01:28,17
13,"Thu, Jan 2",2020-01-02,CGM,90,01:30,2020-01-02 01:30,355,,,,,,,,,,,1,CGM,2020-01-02 01:33,18
13,"Thu, Jan 2",2020-01-02,CGM,95,01:35,2020-01-02 01:35,333,,,,,,,,,,,1,CGM,2020-01-02 01:38,19
13,"Thu, Jan 2",2020-01-02,CGM,100,01:40,2020-01-02 01:40,317,,,,,,,,,,,1,CGM,2020-01-02 01:43,20
13,"Thu, Jan 2",2020-01-02,CGM,105,01:45,2020-01-02 01:45,309,,,,,,,,,,,1,CGM,2020-01-02 01:48,21
13,"Thu, Jan 2",2020-01-02,CGM,110,01:50,2020-01-02 01:50,300,,,,,,,,,,,1,CGM,2020-01-02 01:53,22
13,"Thu, Jan 2",2020-01-02,CGM,115,01:55,2020-01-02 01:55,311,,,,,,,,,,,1,CGM,2020-01-02 01:58,23
13,"Thu, Jan 2",2020-01-02,CGM,120,02:00,2020-01-02 02:00,302,,,,,,,,,,,1,CGM,2020-01-02 02:03,24
13,"Thu, Jan 2",2020-01-02,CGM,125,02:05,2020-01-02 02:05,280,,,,,,,,,,,1,CGM,2020-01-02 02:08,25
13,"Thu, Jan 2",2020-01-02,CGM,130,02:10,2020-01-02 02:10,280,,,,,,,,,,,1,CGM,2020-01-02 02:13,26
13,"Thu, Jan 2",2020-01-02,CGM,135,02:15,2020-01-02 02:15,292,,,,,,,,,,,1,CGM,2020-01-02 02:18,27
13,"Thu, Jan 2",2020-01-02,CGM,140,02:20,2020-01-02 02:20,285,,,,,,,,,,,1,CGM,2020-01-02 02:23,28
13,"Thu, Jan 2",2020-01-02,CGM,145,02:25,2020-01-02 02:25,293,,,,,,,,,,,1,CGM,2020-01-02 02:28,29
13,"Thu, Jan 2",2020-01-02,CGM,150,02:30,2020-01-02 02:30,295,,,,,,,,,,,1,CGM,2020-01-02 02:33,30
13,"Thu, Jan 2",2020-01-02,CGM,155,02:35,2020-01-02 02:35,270,,,,,,,,,,,1,CGM,2020-01-02 02:38,31
13,"Thu, Jan 2",2020-01-02,CGM,160,02:40,2020-01-02 02:40,238,,,,,,,,,,,1,CGM,2020-01-02 02:43,32
13,"Thu, Jan 2",2020-01-02,CGM,165,02:45,2020-01-02 02:45,219,,,,,,,,,,,1,CGM,2020-01-02 02:48,33
13,"Thu, Jan 2",2020-01-02,CGM,170,02:50,2020-01-02 02:50,189,,,,,,,,,,,1,CGM,2020-01-02 02:53,34
13,"Thu, Jan 2",2020-01-02,CGM,175,02:55,2020-01-02 02:55,166,,,,,,,,,,,1,CGM,2020-01-02 02:58,35
13,"Thu, Jan 2",2020-01-02,CGM,180,03:00,2020-01-02 03:00,159,,,,,,,,,,,1,CGM,2020-01-02 03:03,36
13,"Thu, Jan 2",2020-01-02,CGM,185,03:05,2020-01-02 03:05,176,,,,,,,,,,,1,CGM,2020-01-02 03:08,37
13,"Thu, Jan 2",2020-01-02,CGM,190,03:10,2020-01-02 03:10,172,,,,,,,,,,,1,CGM,2020-01-02 03:13,38
13,"Thu, Jan 2",2020-01-02,CGM,195,03:15,2020-01-02 03:15,159,,,,,,,,,,,1,CGM,2020-01-02 03:18,39
13,"Thu, Jan 2",2020-01-02,CGM,200,03:20,2020-01-02 03:20,158,,,,,,,,,,,1,CGM,2020-01-02 03:23,40
13,"Thu, Jan 2",2020-01-02,CGM,205,03:25,2020-01-02 03:25,171,,,,,,,,,,,1,CGM,2020-01-02 03:28,41
13,"Thu, Jan 2",2020-01-02,CGM,210,03:30,2020-01-02 03:30,172,,,,,,,,,,,1,CGM,2020-01-02 03:33,42
13,"Thu, Jan 2",2020-01-02,CGM,215,03:35,2020-01-02 03:35,160,,,,,,,,,,,1,CGM,2020-01-02 03:38,43
13,"Thu, Jan 2",2020-01-02,CGM,220,03:40,2020-01-02 03:40,154,,,,,,,,,,,1,CGM,2020-01-02 03:43,44
13,"Thu, Jan 2",2020-01-02,CGM,225,03:45,2020-01-02 03:45,147,,,,,,,,,,,1,CGM,2020-01-02 03:48,45
13,"Thu, Jan 2",2020-01-02,CGM,230,03:50,2020-01-02 03:50,142,,,,,,,,,,,1,CGM,2020-01-02 03:53,46
13,"Thu, Jan 2",2020-01-02,CGM,235,03:55,2020-01-02 03:55,138,,,,,,,,,,,1,CGM,2020-01-02 03:58,47
13,"Thu, Jan 2",2020-01-02,CGM,240,04:00,2020-01-02 04:00,118,,,,,,,,,,,1,CGM,2020-01-02 04:03,48
13,"Thu, Jan 2",2020-01-02,CGM,245,04:05,2020-01-02 04:05,115,,,,,,,,,,,1,CGM,2020-01-02 04:08,49
13,"Thu, Jan 2",2020-01-02,CGM,250,04:10,2020-01-02 04:10,130,,,,,,,,,,,1,CGM,2020-01-02 04:13,50
13,"Thu, Jan 2",2020-01-02,CGM,255,04:15,2020-01-02 04:15,127,,,,,,,,,,,1,CGM,2020-01-02 04:18,51
13,"Thu, Jan 2",2020-01-02,CGM,260,04:20,2020-01-02 04:20,119,,,,,,,,,,,1,CGM,2020-01-02 04:23,52
13,"Thu, Jan 2",2020-01-02,CGM,265,04:25,2020-01-02 04:25,126,,,,,,,,,,,1,CGM,2020-01-02 04:28,53
13,"Thu, Jan 2",2020-01-02,CGM,270,04:30,2020-01-02 04:30,140,,,,,,,,,,,1,CGM,2020-01-02 04:33,54
13,"Thu, Jan 2",2020-01-02,CGM,275,04:35,2020-01-02 04:35,135,,,,,,,,,,,1,CGM,2020-01-02 04:38,55
13,"Thu, Jan 2",2020-01-02,CGM,280,04:40,2020-01-02 04:40,139,,,,,,,,,,,1,CGM,2020-01-02 04:43,56
13,"Thu, Jan 2",2020-01-02,CGM,285,04:45,2020-01-02 04:45,150,,,,,,,,,,,1,CGM,2020-01-02 04:48,57
13,"Thu, Jan 2",2020-01-02,CGM,290,04:50,2020-01-02 04:50,151,,,,,,,,,,,1,CGM,2020-01-02 04:53,58
13,"Thu, Jan 2",2020-01-02,CGM,295,04:55,2020-01-02 04:55,157,,,,,,,,,,,1,CGM,2020-01-02 04:58,59
13,"Thu, Jan 2",2020-01-02,CGM,300,05:00,2020-01-02 05:00,181,,,,,,,,,,,1,CGM,2020-01-02 05:03,60
13,"Thu, Jan 2",2020-01-02,CGM,305,05:05,2020-01-02 05:05,210,,,,,,,,,,,1,CGM,2020-01-02 05:08,61
13,"Thu, Jan 2",2020-01-02,CGM,310,05:10,2020-01-02 05:10,246,,,,,,,,,,,1,CGM,2020-01-02 05:13,62
13,"Thu, Jan 2",2020-01-02,CGM,315,05:15,2020-01-02 05:15,268,,,,,,,,,,,1,CGM,2020-01-02 05:18,63
13,"Thu, Jan 2",2020-01-02,CGM,320,05:20,2020-01-02 05:20,284,,,,,,,,,,,1,CGM,2020-01-02 05:23,64
13,"Thu, Jan 2",2020-01-02,CGM,325,05:25,2020-01-02 05:25,287,,,,,,,,,,,1,CGM,2020-01-02 05:28,65
13,"Thu, Jan 2",2020-01-02,CGM,330,05:30,2020-01-02 05:30,291,,,,,,,,,,,1,CGM,2020-01-02 05:33,66
13,"Thu, Jan 2",2020-01-02,CGM,335,05:35,2020-01-02 05:35,293,,,,,,,,,,,1,CGM,2020-01-02 05:38,67
13,"Thu, Jan 2",2020-01-02,CGM,340,05:40,2020-01-02 05:40,305,,,,,,,,,,,1,CGM,2020-01-02 05:43,68
13,"Thu, Jan 2",2020-01-02,CGM,345,05:45,2020-01-02 05:45,304,,,,,,,,,,,1,CGM,2020-01-02 05:48,69
13,"Thu, Jan 2",2020-01-02,CGM,350,05:50,2020-01-02 05:50,297,,,,,,,,,,,1,CGM,2020-01-02 05:53,70
13,"Thu, Jan 2",2020-01-02,CGM,355,05:55,2020-01-02 05:55,288,,,,,,,,,,,1,CGM,2020-01-02 05:58,71
13,"Thu, Jan 2",2020-01-02,CGM,360,06:00,2020-01-02 06:00,267,,,,,,,,,,,1,CGM,2020-01-02 06:03,72
13,"Thu, Jan 2",2020-01-02,CGM,365,06:05,2020-01-02 06:05,252,,,,,,,,,,,1,CGM,2020-01-02 06:08,73
13,"Thu, Jan 2",2020-01-02,CGM,370,06:10,2020-01-02 06:10,232,,,,,,,,,,,1,CGM,2020-01-02 06:13,74
13,"Thu, Jan 2",2020-01-02,CGM,375,06:15,2020-01-02 06:15,217,,,,,,,,,,,1,CGM,2020-01-02 06:18,75
13,"Thu, Jan 2",2020-01-02,CGM,380,06:20,2020-01-02 06:20,191,,,,,,,,,,,1,CGM,2020-01-02 06:23,76
13,"Thu, Jan 2",2020-01-02,CGM,385,06:25,2020-01-02 06:25,184,,,,,,,,,,,1,CGM,2020-01-02 06:28,77
13,"Thu, Jan 2",2020-01-02,CGM,390,06:30,2020-01-02 06:30,167,,,,,,,,,,,1,CGM,2020-01-02 06:33,78
13,"Thu, Jan 2",2020-01-02,CGM,395,06:35,2020-01-02 06:35,155,,,,,,,,,,,1,CGM,2020-01-02 06:38,79
13,"Thu, Jan 2",2020-01-02,CGM,400,06:40,2020-01-02 06:40,141,,,,,,,,,,,1,CGM,2020-01-02 06:43,80
13,"Thu, Jan 2",2020-01-02,CGM,405,06:45,2020-01-02 06:45,148,,,,,,,,,,,1,CGM,2020-01-02 06:48,81
13,"Thu, Jan 2",2020-01-02,CGM,410,06:50,2020-01-02 06:50,154,,,,,,,,,,,1,CGM,2020-01-02 06:53,82
13,"Thu, Jan 2",2020-01-02,CGM,415,06:55,2020-01-02 06:55,156,,,,,,,,,,,1,CGM,2020-01-02 06:58,83
13,"Thu, Jan 2",2020-01-02,CGM,420,07:00,2020-01-02 07:00,155,,,,,,,,,,,1,CGM,2020-01-02 07:03,84
13,"Thu, Jan 2",2020-01-02,CGM,425,07:05,2020-01-02 07:05,153,,,,,,,,,,,1,CGM,2020-01-02 07:08,85
13,"Thu, Jan 2",2020-01-02,CGM,430,07:10,2020-01-02 07:10,163,,,,,,,,,,,1,CGM,2020-01-02 07:13,86
13,"Thu, Jan 2",2020-01-02,CGM,435,07:15,2020-01-02 07:15,168,,,,,,,,,,,1,CGM,2020-01-02 07:18,87
13,"Thu, Jan 2",2020-01-02,CGM,440,07:20,2020-01-02 07:20,162,,,,,,,,,,,1,CGM,2020-01-02 07:23,88
13,"Thu, Jan 2",2020-01-02,CGM,445,07:25,2020-01-02 07:25,158,,,,,,,,,,,1,CGM,2020-01-02 07:28,89
13,"Thu, Jan 2",2020-01-02,CGM,450,07:30,2020-01-02 07:30,158,,,,,,,,,,,1,CGM,2020-01-02 07:33,90
13,"Thu, Jan 2",2020-01-02,CGM,455,07:35,2020-01-02 07:35,156,,,,,,,,,,,1,CGM,2020-01-02 07:38,91
13,"Thu, Jan 2",2020-01-02,CGM,460,07:40,2020-01-02 07:40,156,,,,,,,,,,,1,CGM,2020-01-02 07:43,92
13,"Thu, Jan 2",2020-01-02,CGM,465,07:45,2020-01-02 07:45,162,,,,,,,,,,,1,CGM,2020-01-02 07:48,93
13,"Thu, Jan 2",2020-01-02,CGM,470,07:50,2020-01-02 07:50,166,,,,,,,,,,,1,CGM,2020-01-02 07:53,94
13,"Thu, Jan 2",2020-01-02,CGM,475,07:55,2020-01-02 07:55,173,,,,,,,,,,,1,CGM,2020-01-02 07:58,95
13,"Thu, Jan 2",2020-01-02,CGM,480,08:00,2020-01-02 08:00,179,,,,,,,,,,,1,CGM,2020-01-02 08:03,96
13,"Thu, Jan 2",2020-01-02,CGM,485,08:05,2020-01-02 08:05,174,,,,,,,,,,,1,CGM,2020-01-02 08:08,97
13,"Thu, Jan 2",2020-01-02,CGM,490,08:10,2020-01-02 08:10,172,,,,,,,,,,,1,CGM,2020-01-02 08:13,98
13,"Thu, Jan 2",2020-01-02,CGM,495,08:15,2020-01-02 08:15,163,,,,,,,,,,,1,CGM,2020-01-02 08:18,99
13,"Thu, Jan 2",2020-01-02,CGM,500,08:20,2020-01-02 08:20,150,,,,,,,,,,,1,CGM,2020-01-02 08:23,100
13,"Thu, Jan 2",2020-01-02,CGM,505,08:25,2020-01-02 08:25,144,,,,,,,,,,,1,CGM,2020-01-02 08:28,101
13,"Thu, Jan 2",2020-01-02,CGM,510,08:30,2020-01-02 08:30,135,,,,,,,,,,,1,CGM,2020-01-02 08:33,102
13,"Thu, Jan 2",2020-01-02,CGM,515,08:35,2020-01-02 08:35,126,,,,,,,,,,,1,CGM,2020-01-02 08:38,103
13,"Thu, Jan 2",2020-01-02,CGM,520,08:40,2020-01-02 08:40,116,,,,,,,,,,,1,CGM,2020-01-02 08:43,104
13,"Thu, Jan 2",2020-01-02,CGM,525,08:45,2020-01-02 08:45,112,,,,,,,,,,,1,CGM,2020-01-02 08:48,105
13,"Thu, Jan 2",2020-01-02,CGM,530,08:50,2020-01-02 08:50,109,,,,,,,,,,,1,CGM,2020-01-02 08:53,106
13,"Thu, Jan 2",2020-01-02,CGM,535,08:55,2020-01-02 08:55,106,,,,,,,,,,,1,CGM,2020-01-02 08:58,107
13,"Thu, Jan 2",2020-01-02,CGM,540,09:00,2020-01-02 09:00,97,,,,,,,,,,,1,CGM,2020-01-02 09:03,108
13,"Thu, Jan 2",2020-01-02,CGM,545,09:05,2020-01-02 09:05,92,,,,,,,,,,,1,CGM,2020-01-02 09:08,109
13,"Thu, Jan 2",2020-01-02,CGM,550,09:10,2020-01-02 09:10,95,,,,,,,,,,,1,CGM,2020-01-02 09:13,110
13,"Thu, Jan 2",2020-01-02,CGM,555,09:15,2020-01-02 09:15,106,,,,,,,,,,,1,CGM,2020-01-02 09:18,111
13,"Thu, Jan 2",2020-01-02,CGM,560,09:20,2020-01-02 09:20,113,,,,,,,,,,,1,CGM,2020-01-02 09:23,112
13,"Thu, Jan 2",2020-01-02,CGM,565,09:25,2020-01-02 09:25,123,,,,,,,,,,,1,CGM,2020-01-02 09:28,113
13,"Thu, Jan 2",2020-01-02,CGM,570,09:30,2020-01-02 09:30,127,,,,,,,,,,,1,CGM,2020-01-02 09:33,114
13,"Thu, Jan 2",2020-01-02,CGM,575,09:35,2020-01-02 09:35,133,,,,,,,,,,,1,CGM,2020-01-02 09:38,115
13,"Thu, Jan 2",2020-01-02,CGM,580,09:40,2020-01-02 09:40,140,,,,,,,,,,,1,CGM,2020-01-02 09:43,116
13,"Thu, Jan 2",2020-01-02,CGM,585,09:45,2020-01-02 09:45,141,,,,,,,,,,,1,CGM,2020-01-02 09:48,117
13,"Thu, Jan 2",2020-01-02,CGM,590,09:50,2020-01-02 09:50,143,,,,,,,,,,,1,CGM,2020-01-02 09:53,118
13,"Thu, Jan 2",2020-01-02,CGM,595,09:55,2020-01-02 09:55,153,,,,,,,,,,,1,CGM,2020-01-02 09:58,119
13,"Thu, Jan 2",2020-01-02,CGM,600,10:00,2020-01-02 10:00,159,,,,,,,,,,,1,CGM,2020-01-02 10:03,120
13,"Thu, Jan 2",2020-01-02,CGM,605,10:05,2020-01-02 10:05,159,,,,,,,,,,,1,CGM,2020-01-02 10:08,121
13,"Thu, Jan 2",2020-01-02,CGM,610,10:10,2020-01-02 10:10,166,,,,,,,,,,,1,CGM,2020-01-02 10:13,122
13,"Thu, Jan 2",2020-01-02,CGM,615,10:15,2020-01-02 10:15,171,,,,,,,,,,,1,CGM,2020-01-02 10:18,123
13,"Thu, Jan 2",2020-01-02,CGM,620,10:20,2020-01-02 10:20,169,,,,,,,,,,,1,CGM,2020-01-02 10:23,124
13,"Thu, Jan 2",2020-01-02,CGM,625,10:25,2020-01-02 10:25,173,,,,,,,,,,,1,CGM,2020-01-02 10:28,125
13,"Thu, Jan 2",2020-01-02,CGM,630,10:30,2020-01-02 10:30,170,,,,,,,,,,,1,CGM,2020-01-02 10:33,126
13,"Thu, Jan 2",2020-01-02,CGM,635,10:35,2020-01-02 10:35,166,,,,,,,,,,,1,CGM,2020-01-02 10:38,127
13,"Thu, Jan 2",2020-01-02,CGM,640,10:40,2020-01-02 10:40,165,,,,,,,,,,,1,CGM,2020-01-02 10:43,128
13,"Thu, Jan 2",2020-01-02,CGM,645,10:45,2020-01-02 10:45,166,,,,,,,,,,,1,CGM,2020-01-02 10:48,129
13,"Thu, Jan 2",2020-01-02,CGM,650,10:50,2020-01-02 10:50,168,,,,,,,,,,,1,CGM,2020-01-02 10:53,130
13,"Thu, Jan 2",2020-01-02,CGM,655,10:55,2020-01-02 10:55,160,,,,,,,,,,,1,CGM,2020-01-02 10:58,131
13,"Thu, Jan 2",2020-01-02,CGM,660,11:00,2020-01-02 11:00,156,,,,,,,,,,,1,CGM,2020-01-02 11:03,132
13,"Thu, Jan 2",2020-01-02,CGM,665,11:05,2020-01-02 11:05,153,,,,,,,,,,,1,CGM,2020-01-02 11:08,133
13,"Thu, Jan 2",2020-01-02,CGM,670,11:10,2020-01-02 11:10,146,,,,,,,,,,,1,CGM,2020-01-02 11:13,134
13,"Thu, Jan 2",2020-01-02,CGM,675,11:15,2020-01-02 11:15,141,,,,,,,,,,,1,CGM,2020-01-02 11:18,135
13,"Thu, Jan 2",2020-01-02,CGM,680,11:20,2020-01-02 11:20,149,,,,,,,,,,,1,CGM,2020-01-02 11:23,136
13,"Thu, Jan 2",2020-01-02,CGM,685,11:25,2020-01-02 11:25,171,,,,,,,,,,,1,CGM,2020-01-02 11:28,137
13,"Thu, Jan 2",2020-01-02,CGM,690,11:30,2020-01-02 11:30,193,,,,,,,,,,,1,CGM,2020-01-02 11:33,138
13,"Thu, Jan 2",2020-01-02,CGM,695,11:35,2020-01-02 11:35,188,,,,,,,,,,,1,CGM,2020-01-02 11:38,139
13,"Thu, Jan 2",2020-01-02,CGM,700,11:40,2020-01-02 11:40,182,,,,,,,,,,,1,CGM,2020-01-02 11:43,140
13,"Thu, Jan 2",2020-01-02,CGM,705,11:45,2020-01-02 11:45,182,,,,,,,,,,,1,CGM,2020-01-02 11:48,141
13,"Thu, Jan 2",2020-01-02,CGM,710,11:50,2020-01-02 11:50,176,,,,,,,,,,,1,CGM,2020-01-02 11:53,142
13,"Thu, Jan 2",2020-01-02,CGM,715,11:55,2020-01-02 11:55,165,,,,,,,,,,,1,CGM,2020-01-02 11:58,143
13,"Thu, Jan 2",2020-01-02,CGM,720,12:00,2020-01-02 12:00,174,,,,,,,,,,,1,CGM,2020-01-02 12:03,144
13,"Thu, Jan 2",2020-01-02,CGM,725,12:05,2020-01-02 12:05,185,,,,,,,,,,,1,CGM,2020-01-02 12:08,145
13,"Thu, Jan 2",2020-01-02,CGM,730,12:10,2020-01-02 12:10,197,,,,,,,,,,,1,CGM,2020-01-02 12:13,146
13,"Thu, Jan 2",2020-01-02,CGM,735,12:15,2020-01-02 12:15,203,,,,,,,,,,,1,CGM,2020-01-02 12:18,147
13,"Thu, Jan 2",2020-01-02,CGM,740,12:20,2020-01-02 12:20,203,,,,,,,,,,,1,CGM,2020-01-02 12:23,148
13,"Thu, Jan 2",2020-01-02,CGM,745,12:25,2020-01-02 12:25,206,,,,,,,,,,,1,CGM,2020-01-02 12:28,149
13,"Thu, Jan 2",2020-01-02,CGM,750,12:30,2020-01-02 12:30,201,,,,,,,,,,,1,CGM,2020-01-02 12:33,150
13,"Thu, Jan 2",2020-01-02,CGM,755,12:35,2020-01-02 12:35,192,,,,,,,,,,,1,CGM,2020-01-02 12:38,151
13,"Thu, Jan 2",2020-01-02,CGM,760,12:40,2020-01-02 12:40,186,,,,,,,,,,,1,CGM,2020-01-02 12:43,152
13,"Thu, Jan 2",2020-01-02,CGM,765,12:45,2020-01-02 12:45,181,,,,,,,,,,,1,CGM,2020-01-02 12:48,153
13,"Thu, Jan 2",2020-01-02,CGM,770,12:50,2020-01-02 12:50,176,,,,,,,,,,,1,CGM,2020-01-02 12:53,154
13,"Thu, Jan 2",2020-01-02,CGM,775,12:55,2020-01-02 12:55,173,,,,,,,,,,,1,CGM,2020-01-02 12:58,155
13,"Thu, Jan 2",2020-01-02,CGM,780,13:00,2020-01-02 13:00,169,,,,,,,,,,,1,CGM,2020-01-02 13:03,156
13,"Thu, Jan 2",2020-01-02,CGM,785,13:05,2020-01-02 13:05,179,,,,,,,,,,,1,CGM,2020-01-02 13:08,157
13,"Thu, Jan 2",2020-01-02,CGM,790,13:10,2020-01-02 13:10,189,,,,,,,,,,,1,CGM,2020-01-02 13:13,158
13,"Thu, Jan 2",2020-01-02,CGM,795,13:15,2020-01-02 13:15,189,,,,,,,,,,,1,CGM,2020-01-02 13:18,159
13,"Thu, Jan 2",2020-01-02,CGM,800,13:20,2020-01-02 13:20,185,,,,,,,,,,,1,CGM,2020-01-02 13:23,160
13,"Thu, Jan 2",2020-01-02,CGM,805,13:25,2020-01-02 13:25,182,,,,,,,,,,,1,CGM,2020-01-02 13:28,161
13,"Thu, Jan 2",2020-01-02,CGM,810,13:30,2020-01-02 13:30,178,,,,,,,,,,,1,CGM,2020-01-02 13:33,162
13,"Thu, Jan 2",2020-01-02,CGM,815,13:35,2020-01-02 13:35,169,,,,,,,,,,,1,CGM,2020-01-02 13:38,163
13,"Thu, Jan 2",2020-01-02,CGM,820,13:40,2020-01-02 13:40,164,,,,,,,,,,,1,CGM,2020-01-02 13:43,164
13,"Thu, Jan 2",2020-01-02,CGM,825,13:45,2020-01-02 13:45,178,,,,,,,,,,,1,CGM,2020-01-02 13:48,165
13,"Thu, Jan 2",2020-01-02,CGM,830,13:50,2020-01-02 13:50,199,,,,,,,,,,,1,CGM,2020-01-02 13:53,166
13,"Thu, Jan 2",2020-01-02,CGM,835,13:55,2020-01-02 13:55,208,,,,,,,,,,,1,CGM,2020-01-02 13:58,167
13,"Thu, Jan 2",2020-01-02,CGM,840,14:00,2020-01-02 14:00,204,,,,,,,,,,,1,CGM,2020-01-02 14:03,168
13,"Thu, Jan 2",2020-01-02,CGM,845,14:05,2020-01-02 14:05,204,,,,,,,,,,,1,CGM,2020-01-02 14:08,169
13,"Thu, Jan 2",2020-01-02,CGM,850,14:10,2020-01-02 14:10,203,,,,,,,,,,,1,CGM,2020-01-02 14:13,170
13,"Thu, Jan 2",2020-01-02,CGM,855,14:15,2020-01-02 14:15,206,,,,,,,,,,,1,CGM,2020-01-02 14:18,171
13,"Thu, Jan 2",2020-01-02,CGM,860,14:20,2020-01-02 14:20,208,,,,,,,,,,,1,CGM,2020-01-02 14:23,172
13,"Thu, Jan 2",2020-01-02,CGM,865,14:25,2020-01-02 14:25,202,,,,,,,,,,,1,CGM,2020-01-02 14:28,173
13,"Thu, Jan 2",2020-01-02,CGM,870,14:30,2020-01-02 14:30,176,,,,,,,,,,,1,CGM,2020-01-02 14:33,174
13,"Thu, Jan 2",2020-01-02,CGM,875,14:35,2020-01-02 14:35,160,,,,,,,,,,,1,CGM,2020-01-02 14:38,175
13,"Thu, Jan 2",2020-01-02,CGM,880,14:40,2020-01-02 14:40,164,,,,,,,,,,,1,CGM,2020-01-02 14:43,176
13,"Thu, Jan 2",2020-01-02,CGM,885,14:45,2020-01-02 14:45,180,,,,,,,,,,,1,CGM,2020-01-02 14:48,177
13,"Thu, Jan 2",2020-01-02,CGM,890,14:50,2020-01-02 14:50,178,,,,,,,,,,,1,CGM,2020-01-02 14:53,178
13,"Thu, Jan 2",2020-01-02,CGM,895,14:55,2020-01-02 14:55,172,,,,,,,,,,,1,CGM,2020-01-02 14:58,179
13,"Thu, Jan 2",2020-01-02,CGM,900,15:00,2020-01-02 15:00,170,,,,,,,,,,,1,CGM,2020-01-02 15:03,180
13,"Thu, Jan 2",2020-01-02,CGM,905,15:05,2020-01-02 15:05,165,,,,,,,,,,,1,CGM,2020-01-02 15:08,181
13,"Thu, Jan 2",2020-01-02,CGM,910,15:10,2020-01-02 15:10,161,,,,,,,,,,,1,CGM,2020-01-02 15:13,182
13,"Thu, Jan 2",2020-01-02,CGM,915,15:15,2020-01-02 15:15,156,,,,,,,,,,,1,CGM,2020-01-02 15:18,183
13,"Thu, Jan 2",2020-01-02,CGM,920,15:20,2020-01-02 15:20,152,,,,,,,,,,,1,CGM,2020-01-02 15:23,184
13,"Thu, Jan 2",2020-01-02,CGM,925,15:25,2020-01-02 15:25,146,,,,,,,,,,,1,CGM,2020-01-02 15:28,185
13,"Thu, Jan 2",2020-01-02,CGM,930,15:30,2020-01-02 15:30,141,,,,,,,,,,,1,CGM,2020-01-02 15:33,186
13,"Thu, Jan 2",2020-01-02,CGM,935,15:35,2020-01-02 15:35,135,,,,,,,,,,,1,CGM,2020-01-02 15:38,187
13,"Thu, Jan 2",2020-01-02,CGM,940,15:40,2020-01-02 15:40,129,,,,,,,,,,,1,CGM,2020-01-02 15:43,188
13,"Thu, Jan 2",2020-01-02,CGM,945,15:45,2020-01-02 15:45,125,,,,,,,,,,,1,CGM,2020-01-02 15:48,189
13,"Thu, Jan 2",2020-01-02,CGM,950,15:50,2020-01-02 15:50,117,,,,,,,,,,,1,CGM,2020-01-02 15:53,190
13,"Thu, Jan 2",2020-01-02,CGM,955,15:55,2020-01-02 15:55,110,,,,,,,,,,,1,CGM,2020-01-02 15:58,191
13,"Thu, Jan 2",2020-01-02,CGM,960,16:00,2020-01-02 16:00,100,,,,,,,,,,,1,CGM,2020-01-02 16:03,192
13,"Thu, Jan 2",2020-01-02,CGM,965,16:05,2020-01-02 16:05,88,,,,,,,,,,,1,CGM,2020-01-02 16:08,193
13,"Thu, Jan 2",2020-01-02,CGM,970,16:10,2020-01-02 16:10,86,,,,,,,,,,,1,CGM,2020-01-02 16:13,194
13,"Thu, Jan 2",2020-01-02,CGM,975,16:15,2020-01-02 16:15,83,,,,,,,,,,,1,CGM,2020-01-02 16:18,195
13,"Thu, Jan 2",2020-01-02,CGM,980,16:20,2020-01-02 16:20,80,,,,,,,,,,,1,CGM,2020-01-02 16:23,196
13,"Thu, Jan 2",2020-01-02,CGM,985,16:25,2020-01-02 16:25,76,,,,,,,,,,,1,CGM,2020-01-02 16:28,197
13,"Thu, Jan 2",2020-01-02,CGM,990,16:30,2020-01-02 16:30,71,,,,,,,,,,,1,CGM,2020-01-02 16:33,198
13,"Thu, Jan 2",2020-01-02,CGM,995,16:35,2020-01-02 16:35,63,,,,,,,,,,,1,CGM,2020-01-02 16:38,199
13,"Thu, Jan 2",2020-01-02,CGM,1000,16:40,2020-01-02 16:40,58,,,,,,,,,,,1,CGM,2020-01-02 16:43,200
13,"Thu, Jan 2",2020-01-02,CGM,1005,16:45,2020-01-02 16:45,59,,,,,,,,,,,1,CGM,2020-01-02 16:48,201
13,"Thu, Jan 2",2020-01-02,CGM,1010,16:50,2020-01-02 16:50,62,,,,,,,,,,,1,CGM,2020-01-02 16:53,202
13,"Thu, Jan 2",2020-01-02,CGM,1015,16:55,2020-01-02 16:55,69,,,,,,,,,,,1,CGM,2020-01-02 16:58,203
13,"Thu, Jan 2",2020-01-02,CGM,1020,17:00,2020-01-02 17:00,76,,,,,,,,,,,1,CGM,2020-01-02 17:03,204
13,"Thu, Jan 2",2020-01-02,CGM,1025,17:05,2020-01-02 17:05,83,,,,,,,,,,,1,CGM,2020-01-02 17:08,205
13,"Thu, Jan 2",2020-01-02,CGM,1030,17:10,2020-01-02 17:10,83,,,,,,,,,,,1,CGM,2020-01-02 17:13,206
13,"Thu, Jan 2",2020-01-02,CGM,1035,17:15,2020-01-02 17:15,85,,,,,,,,,,,1,CGM,2020-01-02 17:18,207
13,"Thu, Jan 2",2020-01-02,CGM,1040,17:20,2020-01-02 17:20,86,,,,,,,,,,,1,CGM,2020-01-02 17:23,208
13,"Thu, Jan 2",2020-01-02,CGM,1045,17:25,2020-01-02 17:25,90,,,,,,,,,,,1,CGM,2020-01-02 17:28,209
13,"Thu, Jan 2",2020-01-02,CGM,1050,17:30,2020-01-02 17:30,94,,,,,,,,,,,1,CGM,2020-01-02 17:33,210
13,"Thu, Jan 2",2020-01-02,CGM,1055,17:35,2020-01-02 17:35,100,,,,,,,,,,,1,CGM,2020-01-02 17:38,211
13,"Thu, Jan 2",2020-01-02,CGM,1060,17:40,2020-01-02 17:40,108,,,,,,,,,,,1,CGM,2020-01-02 17:43,212
13,"Thu, Jan 2",2020-01-02,CGM,1070,17:50,2020-01-02 17:50,115,,,,,,,,,,,1,CGM,2020-01-02 17:53,213
13,"Thu, Jan 2",2020-01-02,CGM,1075,17:55,2020-01-02 17:55,116,,,,,,,,,,,1,CGM,2020-01-02 17:58,214
13,"Thu, Jan 2",2020-01-02,CGM,1080,18:00,2020-01-02 18:00,115,,,,,,,,,,,1,CGM,2020-01-02 18:03,215
13,"Thu, Jan 2",2020-01-02,CGM,1085,18:05,2020-01-02 18:05,131,,,,,,,,,,,1,CGM,2020-01-02 18:08,216
13,"Thu, Jan 2",2020-01-02,CGM,1090,18:10,2020-01-02 18:10,165,,,,,,,,,,,1,CGM,2020-01-02 18:13,217
13,"Thu, Jan 2",2020-01-02,CGM,1095,18:15,2020-01-02 18:15,217,,,,,,,,,,,1,CGM,2020-01-02 18:18,218
13,"Thu, Jan 2",2020-01-02,CGM,1100,18:20,2020-01-02 18:20,243,,,,,,,,,,,1,CGM,2020-01-02 18:23,219
13,"Thu, Jan 2",2020-01-02,CGM,1105,18:25,2020-01-02 18:25,238,,,,,,,,,,,1,CGM,2020-01-02 18:28,220
13,"Thu, Jan 2",2020-01-02,CGM,1110,18:30,2020-01-02 18:30,242,,,,,,,,,,,1,CGM,2020-01-02 18:33,221
13,"Thu, Jan 2",2020-01-02,CGM,1115,18:35,2020-01-02 18:35,262,,,,,,,,,,,1,CGM,2020-01-02 18:38,222
13,"Thu, Jan 2",2020-01-02,CGM,1120,18:40,2020-01-02 18:40,268,,,,,,,,,,,1,CGM,2020-01-02 18:43,223
13,"Thu, Jan 2",2020-01-02,CGM,1125,18:45,2020-01-02 18:45,254,,,,,,,,,,,1,CGM,2020-01-02 18:48,224
13,"Thu, Jan 2",2020-01-02,CGM,1130,18:50,2020-01-02 18:50,241,,,,,,,,,,,1,CGM,2020-01-02 18:53,225
13,"Thu, Jan 2",2020-01-02,CGM,1135,18:55,2020-01-02 18:55,224,,,,,,,,,,,1,CGM,2020-01-02 18:58,226
13,"Thu, Jan 2",2020-01-02,CGM,1140,19:00,2020-01-02 19:00,220,,,,,,,,,,,1,CGM,2020-01-02 19:03,227
13,"Thu, Jan 2",2020-01-02,CGM,1145,19:05,2020-01-02 19:05,244,,,,,,,,,,,1,CGM,2020-01-02 19:08,228
13,"Thu, Jan 2",2020-01-02,CGM,1150,19:10,2020-01-02 19:10,259,,,,,,,,,,,1,CGM,2020-01-02 19:13,229
13,"Thu, Jan 2",2020-01-02,CGM,1155,19:15,2020-01-02 19:15,265,,,,,,,,,,,1,CGM,2020-01-02 19:18,230
13,"Thu, Jan 2",2020-01-02,CGM,1160,19:20,2020-01-02 19:20,265,,,,,,,,,,,1,CGM,2020-01-02 19:23,231
13,"Thu, Jan 2",2020-01-02,CGM,1165,19:25,2020-01-02 19:25,252,,,,,,,,,,,1,CGM,2020-01-02 19:28,232
13,"Thu, Jan 2",2020-01-02,CGM,1170,19:30,2020-01-02 19:30,243,,,,,,,,,,,1,CGM,2020-01-02 19:33,233
13,"Thu, Jan 2",2020-01-02,CGM,1175,19:35,2020-01-02 19:35,246,,,,,,,,,,,1,CGM,2020-01-02 19:38,234
13,"Thu, Jan 2",2020-01-02,CGM,1180,19:40,2020-01-02 19:40,256,,,,,,,,,,,1,CGM,2020-01-02 19:43,235
13,"Thu, Jan 2",2020-01-02,CGM,1185,19:45,2020-01-02 19:45,262,,,,,,,,,,,1,CGM,2020-01-02 19:48,236
13,"Thu, Jan 2",2020-01-02,CGM,1190,19:50,2020-01-02 19:50,257,,,,,,,,,,,1,CGM,2020-01-02 19:53,237
13,"Thu, Jan 2",2020-01-02,CGM,1195,19:55,2020-01-02 19:55,259,,,,,,,,,,,1,CGM,2020-01-02 19:58,238
13,"Thu, Jan 2",2020-01-02,CGM,1200,20:00,2020-01-02 20:00,244,,,,,,,,,,,1,CGM,2020-01-02 20:03,239
13,"Thu, Jan 2",2020-01-02,CGM,1205,20:05,2020-01-02 20:05,238,,,,,,,,,,,1,CGM,2020-01-02 20:08,240
13,"Thu, Jan 2",2020-01-02,CGM,1210,20:10,2020-01-02 20:10,237,,,,,,,,,,,1,CGM,2020-01-02 20:13,241
13,"Thu, Jan 2",2020-01-02,CGM,1215,20:15,2020-01-02 20:15,224,,,,,,,,,,,1,CGM,2020-01-02 20:18,242
13,"Thu, Jan 2",2020-01-02,CGM,1220,20:20,2020-01-02 20:20,214,,,,,,,,,,,1,CGM,2020-01-02 20:23,243
13,"Thu, Jan 2",2020-01-02,CGM,1225,20:25,2020-01-02 20:25,200,,,,,,,,,,,1,CGM,2020-01-02 20:28,244
13,"Thu, Jan 2",2020-01-02,CGM,1230,20:30,2020-01-02 20:30,211,,,,,,,,,,,1,CGM,2020-01-02 20:33,245
13,"Thu, Jan 2",2020-01-02,CGM,1235,20:35,2020-01-02 20:35,222,,,,,,,,,,,1,CGM,2020-01-02 20:38,246
13,"Thu, Jan 2",2020-01-02,CGM,1240,20:40,2020-01-02 20:40,220,,,,,,,,,,,1,CGM,2020-01-02 20:43,247
13,"Thu, Jan 2",2020-01-02,CGM,1245,20:45,2020-01-02 20:45,218,,,,,,,,,,,1,CGM,2020-01-02 20:48,248
13,"Thu, Jan 2",2020-01-02,CGM,1250,20:50,2020-01-02 20:50,210,,,,,,,,,,,1,CGM,2020-01-02 20:53,249
13,"Thu, Jan 2",2020-01-02,CGM,1255,20:55,2020-01-02 20:55,199,,,,,,,,,,,1,CGM,2020-01-02 20:58,250
13,"Thu, Jan 2",2020-01-02,CGM,1260,21:00,2020-01-02 21:00,198,,,,,,,,,,,1,CGM,2020-01-02 21:03,251
13,"Thu, Jan 2",2020-01-02,CGM,1265,21:05,2020-01-02 21:05,190,,,,,,,,,,,1,CGM,2020-01-02 21:08,252
13,"Thu, Jan 2",2020-01-02,CGM,1270,21:10,2020-01-02 21:10,191,,,,,,,,,,,1,CGM,2020-01-02 21:13,253
13,"Thu, Jan 2",2020-01-02,CGM,1275,21:15,2020-01-02 21:15,190,,,,,,,,,,,1,CGM,2020-01-02 21:18,254
13,"Thu, Jan 2",2020-01-02,CGM,1280,21:20,2020-01-02 21:20,178,,,,,,,,,,,1,CGM,2020-01-02 21:23,255
13,"Thu, Jan 2",2020-01-02,CGM,1285,21:25,2020-01-02 21:25,154,,,,,,,,,,,1,CGM,2020-01-02 21:28,256
13,"Thu, Jan 2",2020-01-02,CGM,1290,21:30,2020-01-02 21:30,139,,,,,,,,,,,1,CGM,2020-01-02 21:33,257
13,"Thu, Jan 2",2020-01-02,CGM,1295,21:35,2020-01-02 21:35,131,,,,,,,,,,,1,CGM,2020-01-02 21:38,258
13,"Thu, Jan 2",2020-01-02,CGM,1300,21:40,2020-01-02 21:40,119,,,,,,,,,,,1,CGM,2020-01-02 21:43,259
13,"Thu, Jan 2",2020-01-02,CGM,1305,21:45,2020-01-02 21:45,110,,,,,,,,,,,1,CGM,2020-01-02 21:48,260
13,"Thu, Jan 2",2020-01-02,CGM,1310,21:50,2020-01-02 21:50,106,,,,,,,,,,,1,CGM,2020-01-02 21:53,261
13,"Thu, Jan 2",2020-01-02,CGM,1315,21:55,2020-01-02 21:55,103,,,,,,,,,,,1,CGM,2020-01-02 21:58,262
13,"Thu, Jan 2",2020-01-02,CGM,1320,22:00,2020-01-02 22:00,92,,,,,,,,,,,1,CGM,2020-01-02 22:03,263
13,"Thu, Jan 2",2020-01-02,CGM,1325,22:05,2020-01-02 22:05,85,,,,,,,,,,,1,CGM,2020-01-02 22:08,264
13,"Thu, Jan 2",2020-01-02,CGM,1330,22:10,2020-01-02 22:10,78,,,,,,,,,,,1,CGM,2020-01-02 22:13,265
13,"Thu, Jan 2",2020-01-02,CGM,1335,22:15,2020-01-02 22:15,69,,,,,,,,,,,1,CGM,2020-01-02 22:18,266
13,"Thu, Jan 2",2020-01-02,CGM,1345,22:25,2020-01-02 22:25,70,,,,,,,,,,,1,CGM,2020-01-02 22:28,267
13,"Thu, Jan 2",2020-01-02,CGM,1350,22:30,2020-01-02 22:30,82,,,,,,,,,,,1,CGM,2020-01-02 22:33,268
13,"Thu, Jan 2",2020-01-02,CGM,1355,22:35,2020-01-02 22:35,101,,,,,,,,,,,1,CGM,2020-01-02 22:38,269
13,"Thu, Jan 2",2020-01-02,CGM,1360,22:40,2020-01-02 22:40,130,,,,,,,,,,,1,CGM,2020-01-02 22:43,270
13,"Thu, Jan 2",2020-01-02,CGM,1365,22:45,2020-01-02 22:45,152,,,,,,,,,,,1,CGM,2020-01-02 22:48,271
13,"Thu, Jan 2",2020-01-02,CGM,1370,22:50,2020-01-02 22:50,159,,,,,,,,,,,1,CGM,2020-01-02 22:53,272
13,"Thu, Jan 2",2020-01-02,CGM,1375,22:55,2020-01-02 22:55,167,,,,,,,,,,,1,CGM,2020-01-02 22:58,273
13,"Thu, Jan 2",2020-01-02,CGM,1380,23:00,2020-01-02 23:00,182,,,,,,,,,,,1,CGM,2020-01-02 23:03,274
13,"Thu, Jan 2",2020-01-02,CGM,1385,23:05,2020-01-02 23:05,188,,,,,,,,,,,1,CGM,2020-01-02 23:08,275
13,"Thu, Jan 2",2020-01-02,CGM,1390,23:10,2020-01-02 23:10,177,,,,,,,,,,,1,CGM,2020-01-02 23:13,276
13,"Thu, Jan 2",2020-01-02,CGM,1395,23:15,2020-01-02 23:15,162,,,,,,,,,,,1,CGM,2020-01-02 23:18,277
13,"Thu, Jan 2",2020-01-02,CGM,1400,23:20,2020-01-02 23:20,146,,,,,,,,,,,1,CGM,2020-01-02 23:23,278
13,"Thu, Jan 2",2020-01-02,CGM,1405,23:25,2020-01-02 23:25,133,,,,,,,,,,,1,CGM,2020-01-02 23:28,279
13,"Thu, Jan 2",2020-01-02,CGM,1410,23:30,2020-01-02 23:30,121,,,,,,,,,,,1,CGM,2020-01-02 23:33,280
13,"Thu, Jan 2",2020-01-02,CGM,1415,23:35,2020-01-02 23:35,111,,,,,,,,,,,1,CGM,2020-01-02 23:38,281
13,"Thu, Jan 2",2020-01-02,CGM,1420,23:40,2020-01-02 23:40,105,,,,,,,,,,,1,CGM,2020-01-02 23:43,282
13,"Thu, Jan 2",2020-01-02,CGM,1425,23:45,2020-01-02 23:45,119,,,,,,,,,,,1,CGM,2020-01-02 23:48,283
13,"Thu, Jan 2",2020-01-02,CGM,1430,23:50,2020-01-02 23:50,126,,,,,,,,,,,1,CGM,2020-01-02 23:53,284
13,"Thu, Jan 2",2020-01-02,CGM,1435,23:55,2020-01-02 23:55,126,,,,,,,,,,,1,CGM,2020-01-02 23:58,285
13,"Thu, Jan 2",2020-01-02,Insulin,0,00:00,2020-01-02 00:00,0,,,,,,,,,,,2,Insulin,2020-01-02 00:03,0
13,"Thu, Jan 2",2020-01-02,Insulin,5,00:05,2020-01-02 00:05,0.065,,,,,,,,,,,2,Insulin,2020-01-02 00:08,1
13,"Thu, Jan 2",2020-01-02,Insulin,10,00:10,2020-01-02 00:10,0,,,,,,,,,,,2,Insulin,2020-01-02 00:13,2
13,"Thu, Jan 2",2020-01-02,Insulin,15,00:15,2020-01-02 00:15,0.071,,,,,,,,,,,2,Insulin,2020-01-02 00:18,3
13,"Thu, Jan 2",2020-01-02,Insulin,20,00:20,2020-01-02 00:20,0.071,,,,,,,,,,,2,Insulin,2020-01-02 00:23,4
13,"Thu, Jan 2",2020-01-02,Insulin,25,00:25,2020-01-02 00:25,0.076,,,,,,,,,,,2,Insulin,2020-01-02 00:28,5
13,"Thu, Jan 2",2020-01-02,Insulin,30,00:30,2020-01-02 00:30,0.081,,,,,,,,,,,2,Insulin,2020-01-02 00:33,6
13,"Thu, Jan 2",2020-01-02,Insulin,35,00:35,2020-01-02 00:35,0.089,,,,,,,,,,,2,Insulin,2020-01-02 00:38,7
13,"Thu, Jan 2",2020-01-02,Insulin,40,00:40,2020-01-02 00:40,0.175,,,,,,,,,,,2,Insulin,2020-01-02 00:43,8
13,"Thu, Jan 2",2020-01-02,Insulin,45,00:45,2020-01-02 00:45,0.094,,,,,,,,,,,2,Insulin,2020-01-02 00:48,9
13,"Thu, Jan 2",2020-01-02,Insulin,50,00:50,2020-01-02 00:50,0.693,,,,,,,,,,,2,Insulin,2020-01-02 00:53,10
13,"Thu, Jan 2",2020-01-02,Insulin,55,00:55,2020-01-02 00:55,1.178,,,,,,,,,,,2,Insulin,2020-01-02 00:58,11
13,"Thu, Jan 2",2020-01-02,Insulin,60,01:00,2020-01-02 01:00,1,,,,,,,,,,,2,Insulin,2020-01-02 01:03,12
13,"Thu, Jan 2",2020-01-02,Insulin,65,01:05,2020-01-02 01:05,0.18,,,,,,,,,,,2,Insulin,2020-01-02 01:08,13
13,"Thu, Jan 2",2020-01-02,Insulin,70,01:10,2020-01-02 01:10,0.3,,,,,,,,,,,2,Insulin,2020-01-02 01:13,14
13,"Thu, Jan 2",2020-01-02,Insulin,75,01:15,2020-01-02 01:15,1.395,,,,,,,,,,,2,Insulin,2020-01-02 01:18,15
13,"Thu, Jan 2",2020-01-02,Insulin,80,01:20,2020-01-02 01:20,1.9,,,,,,,,,,,2,Insulin,2020-01-02 01:23,16
13,"Thu, Jan 2",2020-01-02,Insulin,85,01:25,2020-01-02 01:25,0.403,,,,,,,,,,,2,Insulin,2020-01-02 01:28,17
13,"Thu, Jan 2",2020-01-02,Insulin,90,01:30,2020-01-02 01:30,0.127,,,,,,,,,,,2,Insulin,2020-01-02 01:33,18
13,"Thu, Jan 2",2020-01-02,Insulin,95,01:35,2020-01-02 01:35,0.112,,,,,,,,,,,2,Insulin,2020-01-02 01:38,19
13,"Thu, Jan 2",2020-01-02,Insulin,100,01:40,2020-01-02 01:40,0,,,,,,,,,,,2,Insulin,2020-01-02 01:43,20
13,"Thu, Jan 2",2020-01-02,Insulin,105,01:45,2020-01-02 01:45,0,,,,,,,,,,,2,Insulin,2020-01-02 01:48,21
13,"Thu, Jan 2",2020-01-02,Insulin,110,01:50,2020-01-02 01:50,0.045,,,,,,,,,,,2,Insulin,2020-01-02 01:53,22
13,"Thu, Jan 2",2020-01-02,Insulin,115,01:55,2020-01-02 01:55,0.045,,,,,,,,,,,2,Insulin,2020-01-02 01:58,23
13,"Thu, Jan 2",2020-01-02,Insulin,120,02:00,2020-01-02 02:00,0.503,,,,,,,,,,,2,Insulin,2020-01-02 02:03,24
13,"Thu, Jan 2",2020-01-02,Insulin,125,02:05,2020-01-02 02:05,0.079,,,,,,,,,,,2,Insulin,2020-01-02 02:08,25
13,"Thu, Jan 2",2020-01-02,Insulin,130,02:10,2020-01-02 02:10,0,,,,,,,,,,,2,Insulin,2020-01-02 02:13,26
13,"Thu, Jan 2",2020-01-02,Insulin,135,02:15,2020-01-02 02:15,0.046,,,,,,,,,,,2,Insulin,2020-01-02 02:18,27
13,"Thu, Jan 2",2020-01-02,Insulin,140,02:20,2020-01-02 02:20,0.427,,,,,,,,,,,2,Insulin,2020-01-02 02:23,28
13,"Thu, Jan 2",2020-01-02,Insulin,145,02:25,2020-01-02 02:25,0.051,,,,,,,,,,,2,Insulin,2020-01-02 02:28,29
13,"Thu, Jan 2",2020-01-02,Insulin,150,02:30,2020-01-02 02:30,1.378,,,,,,,,,,,2,Insulin,2020-01-02 02:33,30
13,"Thu, Jan 2",2020-01-02,Insulin,155,02:35,2020-01-02 02:35,1.459,,,,,,,,,,,2,Insulin,2020-01-02 02:38,31
13,"Thu, Jan 2",2020-01-02,Insulin,160,02:40,2020-01-02 02:40,0,,,,,,,,,,,2,Insulin,2020-01-02 02:43,32
13,"Thu, Jan 2",2020-01-02,Insulin,165,02:45,2020-01-02 02:45,0,,,,,,,,,,,2,Insulin,2020-01-02 02:48,33
13,"Thu, Jan 2",2020-01-02,Insulin,170,02:50,2020-01-02 02:50,0,,,,,,,,,,,2,Insulin,2020-01-02 02:53,34
13,"Thu, Jan 2",2020-01-02,Insulin,175,02:55,2020-01-02 02:55,0,,,,,,,,,,,2,Insulin,2020-01-02 02:58,35
13,"Thu, Jan 2",2020-01-02,Insulin,180,03:00,2020-01-02 03:00,0,,,,,,,,,,,2,Insulin,2020-01-02 03:03,36
13,"Thu, Jan 2",2020-01-02,Insulin,185,03:05,2020-01-02 03:05,0.048,,,,,,,,,,,2,Insulin,2020-01-02 03:08,37
13,"Thu, Jan 2",2020-01-02,Insulin,190,03:10,2020-01-02 03:10,0.17,,,,,,,,,,,2,Insulin,2020-01-02 03:13,38
13,"Thu, Jan 2",2020-01-02,Insulin,195,03:15,2020-01-02 03:15,0.102,,,,,,,,,,,2,Insulin,2020-01-02 03:18,39
13,"Thu, Jan 2",2020-01-02,Insulin,200,03:20,2020-01-02 03:20,0,,,,,,,,,,,2,Insulin,2020-01-02 03:23,40
13,"Thu, Jan 2",2020-01-02,Insulin,205,03:25,2020-01-02 03:25,0.137,,,,,,,,,,,2,Insulin,2020-01-02 03:28,41
13,"Thu, Jan 2",2020-01-02,Insulin,210,03:30,2020-01-02 03:30,0.165,,,,,,,,,,,2,Insulin,2020-01-02 03:33,42
13,"Thu, Jan 2",2020-01-02,Insulin,215,03:35,2020-01-02 03:35,0.168,,,,,,,,,,,2,Insulin,2020-01-02 03:38,43
13,"Thu, Jan 2",2020-01-02,Insulin,220,03:40,2020-01-02 03:40,0,,,,,,,,,,,2,Insulin,2020-01-02 03:43,44
13,"Thu, Jan 2",2020-01-02,Insulin,225,03:45,2020-01-02 03:45,0.061,,,,,,,,,,,2,Insulin,2020-01-02 03:48,45
13,"Thu, Jan 2",2020-01-02,Insulin,230,03:50,2020-01-02 03:50,0.046,,,,,,,,,,,2,Insulin,2020-01-02 03:53,46
13,"Thu, Jan 2",2020-01-02,Insulin,235,03:55,2020-01-02 03:55,0.066,,,,,,,,,,,2,Insulin,2020-01-02 03:58,47
13,"Thu, Jan 2",2020-01-02,Insulin,240,04:00,2020-01-02 04:00,0.079,,,,,,,,,,,2,Insulin,2020-01-02 04:03,48
13,"Thu, Jan 2",2020-01-02,Insulin,245,04:05,2020-01-02 04:05,0,,,,,,,,,,,2,Insulin,2020-01-02 04:08,49
13,"Thu, Jan 2",2020-01-02,Insulin,250,04:10,2020-01-02 04:10,0.076,,,,,,,,,,,2,Insulin,2020-01-02 04:13,50
13,"Thu, Jan 2",2020-01-02,Insulin,255,04:15,2020-01-02 04:15,0.122,,,,,,,,,,,2,Insulin,2020-01-02 04:18,51
13,"Thu, Jan 2",2020-01-02,Insulin,260,04:20,2020-01-02 04:20,0.081,,,,,,,,,,,2,Insulin,2020-01-02 04:23,52
13,"Thu, Jan 2",2020-01-02,Insulin,265,04:25,2020-01-02 04:25,0,,,,,,,,,,,2,Insulin,2020-01-02 04:28,53
13,"Thu, Jan 2",2020-01-02,Insulin,270,04:30,2020-01-02 04:30,0.113,,,,,,,,,,,2,Insulin,2020-01-02 04:33,54
13,"Thu, Jan 2",2020-01-02,Insulin,275,04:35,2020-01-02 04:35,0.128,,,,,,,,,,,2,Insulin,2020-01-02 04:38,55
13,"Thu, Jan 2",2020-01-02,Insulin,280,04:40,2020-01-02 04:40,0.05,,,,,,,,,,,2,Insulin,2020-01-02 04:43,56
13,"Thu, Jan 2",2020-01-02,Insulin,285,04:45,2020-01-02 04:45,0.121,,,,,,,,,,,2,Insulin,2020-01-02 04:48,57
13,"Thu, Jan 2",2020-01-02,Insulin,290,04:50,2020-01-02 04:50,0.13,,,,,,,,,,,2,Insulin,2020-01-02 04:53,58
13,"Thu, Jan 2",2020-01-02,Insulin,295,04:55,2020-01-02 04:55,0.13,,,,,,,,,,,2,Insulin,2020-01-02 04:58,59
13,"Thu, Jan 2",2020-01-02,Insulin,300,05:00,2020-01-02 05:00,0.143,,,,,,,,,,,2,Insulin,2020-01-02 05:03,60
13,"Thu, Jan 2",2020-01-02,Insulin,305,05:05,2020-01-02 05:05,0.998,,,,,,,,,,,2,Insulin,2020-01-02 05:08,61
13,"Thu, Jan 2",2020-01-02,Insulin,310,05:10,2020-01-02 05:10,1.736,,,,,,,,,,,2,Insulin,2020-01-02 05:13,62
13,"Thu, Jan 2",2020-01-02,Insulin,315,05:15,2020-01-02 05:15,2.46,,,,,,,,,,,2,Insulin,2020-01-02 05:18,63
13,"Thu, Jan 2",2020-01-02,Insulin,320,05:20,2020-01-02 05:20,1.956,,,,,,,,,,,2,Insulin,2020-01-02 05:23,64
13,"Thu, Jan 2",2020-01-02,Insulin,325,05:25,2020-01-02 05:25,1.346,,,,,,,,,,,2,Insulin,2020-01-02 05:28,65
13,"Thu, Jan 2",2020-01-02,Insulin,330,05:30,2020-01-02 05:30,0.295,,,,,,,,,,,2,Insulin,2020-01-02 05:33,66
13,"Thu, Jan 2",2020-01-02,Insulin,335,05:35,2020-01-02 05:35,0.17,,,,,,,,,,,2,Insulin,2020-01-02 05:38,67
13,"Thu, Jan 2",2020-01-02,Insulin,340,05:40,2020-01-02 05:40,0.17,,,,,,,,,,,2,Insulin,2020-01-02 05:43,68
13,"Thu, Jan 2",2020-01-02,Insulin,345,05:45,2020-01-02 05:45,0.749,,,,,,,,,,,2,Insulin,2020-01-02 05:48,69
13,"Thu, Jan 2",2020-01-02,Insulin,350,05:50,2020-01-02 05:50,0.272,,,,,,,,,,,2,Insulin,2020-01-02 05:53,70
13,"Thu, Jan 2",2020-01-02,Insulin,355,05:55,2020-01-02 05:55,0.056,,,,,,,,,,,2,Insulin,2020-01-02 05:58,71
13,"Thu, Jan 2",2020-01-02,Insulin,360,06:00,2020-01-02 06:00,0,,,,,,,,,,,2,Insulin,2020-01-02 06:03,72
13,"Thu, Jan 2",2020-01-02,Insulin,365,06:05,2020-01-02 06:05,0,,,,,,,,,,,2,Insulin,2020-01-02 06:08,73
13,"Thu, Jan 2",2020-01-02,Insulin,370,06:10,2020-01-02 06:10,0,,,,,,,,,,,2,Insulin,2020-01-02 06:13,74
13,"Thu, Jan 2",2020-01-02,Insulin,375,06:15,2020-01-02 06:15,0,,,,,,,,,,,2,Insulin,2020-01-02 06:18,75
13,"Thu, Jan 2",2020-01-02,Insulin,380,06:20,2020-01-02 06:20,0,,,,,,,,,,,2,Insulin,2020-01-02 06:23,76
13,"Thu, Jan 2",2020-01-02,Insulin,385,06:25,2020-01-02 06:25,0,,,,,,,,,,,2,Insulin,2020-01-02 06:28,77
13,"Thu, Jan 2",2020-01-02,Insulin,390,06:30,2020-01-02 06:30,0,,,,,,,,,,,2,Insulin,2020-01-02 06:33,78
13,"Thu, Jan 2",2020-01-02,Insulin,395,06:35,2020-01-02 06:35,0,,,,,,,,,,,2,Insulin,2020-01-02 06:38,79
13,"Thu, Jan 2",2020-01-02,Insulin,400,06:40,2020-01-02 06:40,0,,,,,,,,,,,2,Insulin,2020-01-02 06:43,80
13,"Thu, Jan 2",2020-01-02,Insulin,405,06:45,2020-01-02 06:45,0,,,,,,,,,,,2,Insulin,2020-01-02 06:48,81
13,"Thu, Jan 2",2020-01-02,Insulin,410,06:50,2020-01-02 06:50,0.157,,,,,,,,,,,2,Insulin,2020-01-02 06:53,82
13,"Thu, Jan 2",2020-01-02,Insulin,415,06:55,2020-01-02 06:55,0.16,,,,,,,,,,,2,Insulin,2020-01-02 06:58,83
13,"Thu, Jan 2",2020-01-02,Insulin,420,07:00,2020-01-02 07:00,0.165,,,,,,,,,,,2,Insulin,2020-01-02 07:03,84
13,"Thu, Jan 2",2020-01-02,Insulin,425,07:05,2020-01-02 07:05,0.147,,,,,,,,,,,2,Insulin,2020-01-02 07:08,85
13,"Thu, Jan 2",2020-01-02,Insulin,430,07:10,2020-01-02 07:10,0.127,,,,,,,,,,,2,Insulin,2020-01-02 07:13,86
13,"Thu, Jan 2",2020-01-02,Insulin,435,07:15,2020-01-02 07:15,0.17,,,,,,,,,,,2,Insulin,2020-01-02 07:18,87
13,"Thu, Jan 2",2020-01-02,Insulin,440,07:20,2020-01-02 07:20,0.17,,,,,,,,,,,2,Insulin,2020-01-02 07:23,88
13,"Thu, Jan 2",2020-01-02,Insulin,445,07:25,2020-01-02 07:25,0.066,,,,,,,,,,,2,Insulin,2020-01-02 07:28,89
13,"Thu, Jan 2",2020-01-02,Insulin,450,07:30,2020-01-02 07:30,0.099,,,,,,,,,,,2,Insulin,2020-01-02 07:33,90
13,"Thu, Jan 2",2020-01-02,Insulin,455,07:35,2020-01-02 07:35,0.159,,,,,,,,,,,2,Insulin,2020-01-02 07:38,91
13,"Thu, Jan 2",2020-01-02,Insulin,460,07:40,2020-01-02 07:40,0.126,,,,,,,,,,,2,Insulin,2020-01-02 07:43,92
13,"Thu, Jan 2",2020-01-02,Insulin,465,07:45,2020-01-02 07:45,0.16,,,,,,,,,,,2,Insulin,2020-01-02 07:48,93
13,"Thu, Jan 2",2020-01-02,Insulin,470,07:50,2020-01-02 07:50,0.165,,,,,,,,,,,2,Insulin,2020-01-02 07:53,94
13,"Thu, Jan 2",2020-01-02,Insulin,475,07:55,2020-01-02 07:55,0.173,,,,,,,,,,,2,Insulin,2020-01-02 07:58,95
13,"Thu, Jan 2",2020-01-02,Insulin,480,08:00,2020-01-02 08:00,0.33,,,,,,,,,,,2,Insulin,2020-01-02 08:03,96
13,"Thu, Jan 2",2020-01-02,Insulin,485,08:05,2020-01-02 08:05,0.337,,,,,,,,,,,2,Insulin,2020-01-02 08:08,97
13,"Thu, Jan 2",2020-01-02,Insulin,490,08:10,2020-01-02 08:10,0.086,,,,,,,,,,,2,Insulin,2020-01-02 08:13,98
13,"Thu, Jan 2",2020-01-02,Insulin,495,08:15,2020-01-02 08:15,0.142,,,,,,,,,,,2,Insulin,2020-01-02 08:18,99
13,"Thu, Jan 2",2020-01-02,Insulin,500,08:20,2020-01-02 08:20,0,,,,,,,,,,,2,Insulin,2020-01-02 08:23,100
13,"Thu, Jan 2",2020-01-02,Insulin,505,08:25,2020-01-02 08:25,0,,,,,,,,,,,2,Insulin,2020-01-02 08:28,101
13,"Thu, Jan 2",2020-01-02,Insulin,510,08:30,2020-01-02 08:30,0.056,,,,,,,,,,,2,Insulin,2020-01-02 08:33,102
13,"Thu, Jan 2",2020-01-02,Insulin,515,08:35,2020-01-02 08:35,0,,,,,,,,,,,2,Insulin,2020-01-02 08:38,103
13,"Thu, Jan 2",2020-01-02,Insulin,520,08:40,2020-01-02 08:40,0,,,,,,,,,,,2,Insulin,2020-01-02 08:43,104
13,"Thu, Jan 2",2020-01-02,Insulin,525,08:45,2020-01-02 08:45,0,,,,,,,,,,,2,Insulin,2020-01-02 08:48,105
13,"Thu, Jan 2",2020-01-02,Insulin,530,08:50,2020-01-02 08:50,0.061,,,,,,,,,,,2,Insulin,2020-01-02 08:53,106
13,"Thu, Jan 2",2020-01-02,Insulin,535,08:55,2020-01-02 08:55,0.071,,,,,,,,,,,2,Insulin,2020-01-02 08:58,107
13,"Thu, Jan 2",2020-01-02,Insulin,540,09:00,2020-01-02 09:00,0.066,,,,,,,,,,,2,Insulin,2020-01-02 09:03,108
13,"Thu, Jan 2",2020-01-02,Insulin,545,09:05,2020-01-02 09:05,0,,,,,,,,,,,2,Insulin,2020-01-02 09:08,109
13,"Thu, Jan 2",2020-01-02,Insulin,550,09:10,2020-01-02 09:10,0,,,,,,,,,,,2,Insulin,2020-01-02 09:13,110
13,"Thu, Jan 2",2020-01-02,Insulin,555,09:15,2020-01-02 09:15,0.079,,,,,,,,,,,2,Insulin,2020-01-02 09:18,111
13,"Thu, Jan 2",2020-01-02,Insulin,560,09:20,2020-01-02 09:20,0.091,,,,,,,,,,,2,Insulin,2020-01-02 09:23,112
13,"Thu, Jan 2",2020-01-02,Insulin,565,09:25,2020-01-02 09:25,0.097,,,,,,,,,,,2,Insulin,2020-01-02 09:28,113
13,"Thu, Jan 2",2020-01-02,Insulin,570,09:30,2020-01-02 09:30,0.099,,,,,,,,,,,2,Insulin,2020-01-02 09:33,114
13,"Thu, Jan 2",2020-01-02,Insulin,575,09:35,2020-01-02 09:35,0.102,,,,,,,,,,,2,Insulin,2020-01-02 09:38,115
13,"Thu, Jan 2",2020-01-02,Insulin,580,09:40,2020-01-02 09:40,0.099,,,,,,,,,,,2,Insulin,2020-01-02 09:43,116
13,"Thu, Jan 2",2020-01-02,Insulin,585,09:45,2020-01-02 09:45,0.118,,,,,,,,,,,2,Insulin,2020-01-02 09:48,117
13,"Thu, Jan 2",2020-01-02,Insulin,590,09:50,2020-01-02 09:50,0.113,,,,,,,,,,,2,Insulin,2020-01-02 09:53,118
13,"Thu, Jan 2",2020-01-02,Insulin,595,09:55,2020-01-02 09:55,0.132,,,,,,,,,,,2,Insulin,2020-01-02 09:58,119
13,"Thu, Jan 2",2020-01-02,Insulin,600,10:00,2020-01-02 10:00,0.436,,,,,,,,,,,2,Insulin,2020-01-02 10:03,120
13,"Thu, Jan 2",2020-01-02,Insulin,605,10:05,2020-01-02 10:05,0.371,,,,,,,,,,,2,Insulin,2020-01-02 10:08,121
13,"Thu, Jan 2",2020-01-02,Insulin,610,10:10,2020-01-02 10:10,0.122,,,,,,,,,,,2,Insulin,2020-01-02 10:13,122
13,"Thu, Jan 2",2020-01-02,Insulin,615,10:15,2020-01-02 10:15,0.475,,,,,,,,,,,2,Insulin,2020-01-02 10:18,123
13,"Thu, Jan 2",2020-01-02,Insulin,620,10:20,2020-01-02 10:20,0.33,,,,,,,,,,,2,Insulin,2020-01-02 10:23,124
13,"Thu, Jan 2",2020-01-02,Insulin,625,10:25,2020-01-02 10:25,0.102,,,,,,,,,,,2,Insulin,2020-01-02 10:28,125
13,"Thu, Jan 2",2020-01-02,Insulin,630,10:30,2020-01-02 10:30,0.272,,,,,,,,,,,2,Insulin,2020-01-02 10:33,126
13,"Thu, Jan 2",2020-01-02,Insulin,635,10:35,2020-01-02 10:35,0.089,,,,,,,,,,,2,Insulin,2020-01-02 10:38,127
13,"Thu, Jan 2",2020-01-02,Insulin,640,10:40,2020-01-02 10:40,0.079,,,,,,,,,,,2,Insulin,2020-01-02 10:43,128
13,"Thu, Jan 2",2020-01-02,Insulin,645,10:45,2020-01-02 10:45,0.109,,,,,,,,,,,2,Insulin,2020-01-02 10:48,129
13,"Thu, Jan 2",2020-01-02,Insulin,650,10:50,2020-01-02 10:50,0.124,,,,,,,,,,,2,Insulin,2020-01-02 10:53,130
13,"Thu, Jan 2",2020-01-02,Insulin,655,10:55,2020-01-02 10:55,0.127,,,,,,,,,,,2,Insulin,2020-01-02 10:58,131
13,"Thu, Jan 2",2020-01-02,Insulin,660,11:00,2020-01-02 11:00,0.046,,,,,,,,,,,2,Insulin,2020-01-02 11:03,132
13,"Thu, Jan 2",2020-01-02,Insulin,665,11:05,2020-01-02 11:05,0.046,,,,,,,,,,,2,Insulin,2020-01-02 11:08,133
13,"Thu, Jan 2",2020-01-02,Insulin,670,11:10,2020-01-02 11:10,0.079,,,,,,,,,,,2,Insulin,2020-01-02 11:13,134
13,"Thu, Jan 2",2020-01-02,Insulin,675,11:15,2020-01-02 11:15,0.048,,,,,,,,,,,2,Insulin,2020-01-02 11:18,135
13,"Thu, Jan 2",2020-01-02,Insulin,680,11:20,2020-01-02 11:20,0.046,,,,,,,,,,,2,Insulin,2020-01-02 11:23,136
13,"Thu, Jan 2",2020-01-02,Insulin,685,11:25,2020-01-02 11:25,0.137,,,,,,,,,,,2,Insulin,2020-01-02 11:28,137
13,"Thu, Jan 2",2020-01-02,Insulin,690,11:30,2020-01-02 11:30,0.826,,,,,,,,,,,2,Insulin,2020-01-02 11:33,138
13,"Thu, Jan 2",2020-01-02,Insulin,695,11:35,2020-01-02 11:35,1.166,,,,,,,,,,,2,Insulin,2020-01-02 11:38,139
13,"Thu, Jan 2",2020-01-02,Insulin,700,11:40,2020-01-02 11:40,0.069,,,,,,,,,,,2,Insulin,2020-01-02 11:43,140
13,"Thu, Jan 2",2020-01-02,Insulin,705,11:45,2020-01-02 11:45,0.058,,,,,,,,,,,2,Insulin,2020-01-02 11:48,141
13,"Thu, Jan 2",2020-01-02,Insulin,710,11:50,2020-01-02 11:50,0.061,,,,,,,,,,,2,Insulin,2020-01-02 11:53,142
13,"Thu, Jan 2",2020-01-02,Insulin,715,11:55,2020-01-02 11:55,0.056,,,,,,,,,,,2,Insulin,2020-01-02 11:58,143
13,"Thu, Jan 2",2020-01-02,Insulin,720,12:00,2020-01-02 12:00,0,,,,,,,,,,,2,Insulin,2020-01-02 12:03,144
13,"Thu, Jan 2",2020-01-02,Insulin,725,12:05,2020-01-02 12:05,0.153,,,,,,,,,,,2,Insulin,2020-01-02 12:08,145
13,"Thu, Jan 2",2020-01-02,Insulin,730,12:10,2020-01-02 12:10,0.292,,,,,,,,,,,2,Insulin,2020-01-02 12:13,146
13,"Thu, Jan 2",2020-01-02,Insulin,735,12:15,2020-01-02 12:15,0.501,,,,,,,,,,,2,Insulin,2020-01-02 12:18,147
13,"Thu, Jan 2",2020-01-02,Insulin,740,12:20,2020-01-02 12:20,0.4,,,,,,,,,,,2,Insulin,2020-01-02 12:23,148
13,"Thu, Jan 2",2020-01-02,Insulin,745,12:25,2020-01-02 12:25,0.146,,,,,,,,,,,2,Insulin,2020-01-02 12:28,149
13,"Thu, Jan 2",2020-01-02,Insulin,750,12:30,2020-01-02 12:30,0.391,,,,,,,,,,,2,Insulin,2020-01-02 12:33,150
13,"Thu, Jan 2",2020-01-02,Insulin,755,12:35,2020-01-02 12:35,0.079,,,,,,,,,,,2,Insulin,2020-01-02 12:38,151
13,"Thu, Jan 2",2020-01-02,Insulin,760,12:40,2020-01-02 12:40,0,,,,,,,,,,,2,Insulin,2020-01-02 12:43,152
13,"Thu, Jan 2",2020-01-02,Insulin,765,12:45,2020-01-02 12:45,0,,,,,,,,,,,2,Insulin,2020-01-02 12:48,153
13,"Thu, Jan 2",2020-01-02,Insulin,770,12:50,2020-01-02 12:50,0,,,,,,,,,,,2,Insulin,2020-01-02 12:53,154
13,"Thu, Jan 2",2020-01-02,Insulin,775,12:55,2020-01-02 12:55,0.074,,,,,,,,,,,2,Insulin,2020-01-02 12:58,155
13,"Thu, Jan 2",2020-01-02,Insulin,780,13:00,2020-01-02 13:00,0.104,,,,,,,,,,,2,Insulin,2020-01-02 13:03,156
13,"Thu, Jan 2",2020-01-02,Insulin,785,13:05,2020-01-02 13:05,0.076,,,,,,,,,,,2,Insulin,2020-01-02 13:08,157
13,"Thu, Jan 2",2020-01-02,Insulin,790,13:10,2020-01-02 13:10,0.305,,,,,,,,,,,2,Insulin,2020-01-02 13:13,158
13,"Thu, Jan 2",2020-01-02,Insulin,795,13:15,2020-01-02 13:15,0.343,,,,,,,,,,,2,Insulin,2020-01-02 13:18,159
13,"Thu, Jan 2",2020-01-02,Insulin,800,13:20,2020-01-02 13:20,0.155,,,,,,,,,,,2,Insulin,2020-01-02 13:23,160
13,"Thu, Jan 2",2020-01-02,Insulin,805,13:25,2020-01-02 13:25,0.089,,,,,,,,,,,2,Insulin,2020-01-02 13:28,161
13,"Thu, Jan 2",2020-01-02,Insulin,810,13:30,2020-01-02 13:30,0.097,,,,,,,,,,,2,Insulin,2020-01-02 13:33,162
13,"Thu, Jan 2",2020-01-02,Insulin,815,13:35,2020-01-02 13:35,0.091,,,,,,,,,,,2,Insulin,2020-01-02 13:38,163
13,"Thu, Jan 2",2020-01-02,Insulin,820,13:40,2020-01-02 13:40,0,,,,,,,,,,,2,Insulin,2020-01-02 13:43,164
13,"Thu, Jan 2",2020-01-02,Insulin,825,13:45,2020-01-02 13:45,0.081,,,,,,,,,,,2,Insulin,2020-01-02 13:48,165
13,"Thu, Jan 2",2020-01-02,Insulin,830,13:50,2020-01-02 13:50,0.437,,,,,,,,,,,2,Insulin,2020-01-02 13:53,166
13,"Thu, Jan 2",2020-01-02,Insulin,835,13:55,2020-01-02 13:55,1.057,,,,,,,,,,,2,Insulin,2020-01-02 13:58,167
13,"Thu, Jan 2",2020-01-02,Insulin,840,14:00,2020-01-02 14:00,0.804,,,,,,,,,,,2,Insulin,2020-01-02 14:03,168
13,"Thu, Jan 2",2020-01-02,Insulin,845,14:05,2020-01-02 14:05,0.095,,,,,,,,,,,2,Insulin,2020-01-02 14:08,169
13,"Thu, Jan 2",2020-01-02,Insulin,850,14:10,2020-01-02 14:10,0.16,,,,,,,,,,,2,Insulin,2020-01-02 14:13,170
13,"Thu, Jan 2",2020-01-02,Insulin,855,14:15,2020-01-02 14:15,0.122,,,,,,,,,,,2,Insulin,2020-01-02 14:18,171
13,"Thu, Jan 2",2020-01-02,Insulin,860,14:20,2020-01-02 14:20,0.312,,,,,,,,,,,2,Insulin,2020-01-02 14:23,172
13,"Thu, Jan 2",2020-01-02,Insulin,865,14:25,2020-01-02 14:25,0.277,,,,,,,,,,,2,Insulin,2020-01-02 14:28,173
13,"Thu, Jan 2",2020-01-02,Insulin,870,14:30,2020-01-02 14:30,0.066,,,,,,,,,,,2,Insulin,2020-01-02 14:33,174
13,"Thu, Jan 2",2020-01-02,Insulin,875,14:35,2020-01-02 14:35,0,,,,,,,,,,,2,Insulin,2020-01-02 14:38,175
13,"Thu, Jan 2",2020-01-02,Insulin,880,14:40,2020-01-02 14:40,0,,,,,,,,,,,2,Insulin,2020-01-02 14:43,176
13,"Thu, Jan 2",2020-01-02,Insulin,885,14:45,2020-01-02 14:45,0.156,,,,,,,,,,,2,Insulin,2020-01-02 14:48,177
13,"Thu, Jan 2",2020-01-02,Insulin,890,14:50,2020-01-02 14:50,0.355,,,,,,,,,,,2,Insulin,2020-01-02 14:53,178
13,"Thu, Jan 2",2020-01-02,Insulin,895,14:55,2020-01-02 14:55,0.137,,,,,,,,,,,2,Insulin,2020-01-02 14:58,179
13,"Thu, Jan 2",2020-01-02,Insulin,900,15:00,2020-01-02 15:00,0.069,,,,,,,,,,,2,Insulin,2020-01-02 15:03,180
13,"Thu, Jan 2",2020-01-02,Insulin,905,15:05,2020-01-02 15:05,0.127,,,,,,,,,,,2,Insulin,2020-01-02 15:08,181
13,"Thu, Jan 2",2020-01-02,Insulin,910,15:10,2020-01-02 15:10,0.081,,,,,,,,,,,2,Insulin,2020-01-02 15:13,182
13,"Thu, Jan 2",2020-01-02,Insulin,915,15:15,2020-01-02 15:15,0.091,,,,,,,,,,,2,Insulin,2020-01-02 15:18,183
13,"Thu, Jan 2",2020-01-02,Insulin,920,15:20,2020-01-02 15:20,0.079,,,,,,,,,,,2,Insulin,2020-01-02 15:23,184
13,"Thu, Jan 2",2020-01-02,Insulin,925,15:25,2020-01-02 15:25,0.084,,,,,,,,,,,2,Insulin,2020-01-02 15:28,185
13,"Thu, Jan 2",2020-01-02,Insulin,930,15:30,2020-01-02 15:30,0.056,,,,,,,,,,,2,Insulin,2020-01-02 15:33,186
13,"Thu, Jan 2",2020-01-02,Insulin,935,15:35,2020-01-02 15:35,0.066,,,,,,,,,,,2,Insulin,2020-01-02 15:38,187
13,"Thu, Jan 2",2020-01-02,Insulin,940,15:40,2020-01-02 15:40,0.051,,,,,,,,,,,2,Insulin,2020-01-02 15:43,188
13,"Thu, Jan 2",2020-01-02,Insulin,945,15:45,2020-01-02 15:45,0.051,,,,,,,,,,,2,Insulin,2020-01-02 15:48,189
13,"Thu, Jan 2",2020-01-02,Insulin,950,15:50,2020-01-02 15:50,0.071,,,,,,,,,,,2,Insulin,2020-01-02 15:53,190
13,"Thu, Jan 2",2020-01-02,Insulin,955,15:55,2020-01-02 15:55,0,,,,,,,,,,,2,Insulin,2020-01-02 15:58,191
13,"Thu, Jan 2",2020-01-02,Insulin,960,16:00,2020-01-02 16:00,0,,,,,,,,,,,2,Insulin,2020-01-02 16:03,192
13,"Thu, Jan 2",2020-01-02,Insulin,965,16:05,2020-01-02 16:05,0,,,,,,,,,,,2,Insulin,2020-01-02 16:08,193
13,"Thu, Jan 2",2020-01-02,Insulin,970,16:10,2020-01-02 16:10,0,,,,,,,,,,,2,Insulin,2020-01-02 16:13,194
13,"Thu, Jan 2",2020-01-02,Insulin,975,16:15,2020-01-02 16:15,0,,,,,,,,,,,2,Insulin,2020-01-02 16:18,195
13,"Thu, Jan 2",2020-01-02,Insulin,980,16:20,2020-01-02 16:20,0,,,,,,,,,,,2,Insulin,2020-01-02 16:23,196
13,"Thu, Jan 2",2020-01-02,Insulin,985,16:25,2020-01-02 16:25,0,,,,,,,,,,,2,Insulin,2020-01-02 16:28,197
13,"Thu, Jan 2",2020-01-02,Insulin,990,16:30,2020-01-02 16:30,0,,,,,,,,,,,2,Insulin,2020-01-02 16:33,198
13,"Thu, Jan 2",2020-01-02,Insulin,995,16:35,2020-01-02 16:35,0,,,,,,,,,,,2,Insulin,2020-01-02 16:38,199
13,"Thu, Jan 2",2020-01-02,Insulin,1000,16:40,2020-01-02 16:40,0,,,,,,,,,,,2,Insulin,2020-01-02 16:43,200
13,"Thu, Jan 2",2020-01-02,Insulin,1005,16:45,2020-01-02 16:45,0,,,,,,,,,,,2,Insulin,2020-01-02 16:48,201
13,"Thu, Jan 2",2020-01-02,Insulin,1010,16:50,2020-01-02 16:50,0,,,,,,,,,,,2,Insulin,2020-01-02 16:53,202
13,"Thu, Jan 2",2020-01-02,Insulin,1015,16:55,2020-01-02 16:55,0,,,,,,,,,,,2,Insulin,2020-01-02 16:58,203
13,"Thu, Jan 2",2020-01-02,Insulin,1020,17:00,2020-01-02 17:00,0,,,,,,,,,,,2,Insulin,2020-01-02 17:03,204
13,"Thu, Jan 2",2020-01-02,Insulin,1025,17:05,2020-01-02 17:05,0,,,,,,,,,,,2,Insulin,2020-01-02 17:08,205
13,"Thu, Jan 2",2020-01-02,Insulin,1030,17:10,2020-01-02 17:10,0,,,,,,,,,,,2,Insulin,2020-01-02 17:13,206
13,"Thu, Jan 2",2020-01-02,Insulin,1035,17:15,2020-01-02 17:15,0,,,,,,,,,,,2,Insulin,2020-01-02 17:18,207
13,"Thu, Jan 2",2020-01-02,Insulin,1040,17:20,2020-01-02 17:20,0,,,,,,,,,,,2,Insulin,2020-01-02 17:23,208
13,"Thu, Jan 2",2020-01-02,Insulin,1045,17:25,2020-01-02 17:25,0,,,,,,,,,,,2,Insulin,2020-01-02 17:28,209
13,"Thu, Jan 2",2020-01-02,Insulin,1050,17:30,2020-01-02 17:30,0,,,,,,,,,,,2,Insulin,2020-01-02 17:33,210
13,"Thu, Jan 2",2020-01-02,Insulin,1055,17:35,2020-01-02 17:35,0,,,,,,,,,,,2,Insulin,2020-01-02 17:38,211
13,"Thu, Jan 2",2020-01-02,Insulin,1060,17:40,2020-01-02 17:40,0,,,,,,,,,,,2,Insulin,2020-01-02 17:43,212
13,"Thu, Jan 2",2020-01-02,Insulin,1065,17:45,2020-01-02 17:45,0,,,,,,,,,,,2,Insulin,2020-01-02 17:45,213
13,"Thu, Jan 2",2020-01-02,Insulin,1070,17:50,2020-01-02 17:50,4.201,,,,,,,,,,,2,Insulin,2020-01-02 17:53,214
13,"Thu, Jan 2",2020-01-02,Insulin,1075,17:55,2020-01-02 17:55,0.061,,,,,,,,,,,2,Insulin,2020-01-02 17:58,215
13,"Thu, Jan 2",2020-01-02,Insulin,1080,18:00,2020-01-02 18:00,0.061,,,,,,,,,,,2,Insulin,2020-01-02 18:03,216
13,"Thu, Jan 2",2020-01-02,Insulin,1085,18:05,2020-01-02 18:05,0.056,,,,,,,,,,,2,Insulin,2020-01-02 18:08,217
13,"Thu, Jan 2",2020-01-02,Insulin,1090,18:10,2020-01-02 18:10,0.066,,,,,,,,,,,2,Insulin,2020-01-02 18:13,218
13,"Thu, Jan 2",2020-01-02,Insulin,1095,18:15,2020-01-02 18:15,0.086,,,,,,,,,,,2,Insulin,2020-01-02 18:18,219
13,"Thu, Jan 2",2020-01-02,Insulin,1100,18:20,2020-01-02 18:20,0.8,,,,,,,,,,,2,Insulin,2020-01-02 18:23,220
13,"Thu, Jan 2",2020-01-02,Insulin,1105,18:25,2020-01-02 18:25,0.236,,,,,,,,,,,2,Insulin,2020-01-02 18:28,221
13,"Thu, Jan 2",2020-01-02,Insulin,1110,18:30,2020-01-02 18:30,0.056,,,,,,,,,,,2,Insulin,2020-01-02 18:33,222
13,"Thu, Jan 2",2020-01-02,Insulin,1115,18:35,2020-01-02 18:35,0.121,,,,,,,,,,,2,Insulin,2020-01-02 18:38,223
13,"Thu, Jan 2",2020-01-02,Insulin,1120,18:40,2020-01-02 18:40,0.886,,,,,,,,,,,2,Insulin,2020-01-02 18:43,224
13,"Thu, Jan 2",2020-01-02,Insulin,1125,18:45,2020-01-02 18:45,0.618,,,,,,,,,,,2,Insulin,2020-01-02 18:48,225
13,"Thu, Jan 2",2020-01-02,Insulin,1130,18:50,2020-01-02 18:50,0,,,,,,,,,,,2,Insulin,2020-01-02 18:53,226
13,"Thu, Jan 2",2020-01-02,Insulin,1135,18:55,2020-01-02 18:55,0,,,,,,,,,,,2,Insulin,2020-01-02 18:58,227
13,"Thu, Jan 2",2020-01-02,Insulin,1140,19:00,2020-01-02 19:00,0,,,,,,,,,,,2,Insulin,2020-01-02 19:03,228
13,"Thu, Jan 2",2020-01-02,Insulin,1145,19:05,2020-01-02 19:05,0,,,,,,,,,,,2,Insulin,2020-01-02 19:08,229
13,"Thu, Jan 2",2020-01-02,Insulin,1150,19:10,2020-01-02 19:10,0.467,,,,,,,,,,,2,Insulin,2020-01-02 19:13,230
13,"Thu, Jan 2",2020-01-02,Insulin,1155,19:15,2020-01-02 19:15,0.977,,,,,,,,,,,2,Insulin,2020-01-02 19:18,231
13,"Thu, Jan 2",2020-01-02,Insulin,1160,19:20,2020-01-02 19:20,1.131,,,,,,,,,,,2,Insulin,2020-01-02 19:23,232
13,"Thu, Jan 2",2020-01-02,Insulin,1165,19:25,2020-01-02 19:25,1,,,,,,,,,,,2,Insulin,2020-01-02 19:28,233
13,"Thu, Jan 2",2020-01-02,Insulin,1170,19:30,2020-01-02 19:30,0,,,,,,,,,,,2,Insulin,2020-01-02 19:33,234
13,"Thu, Jan 2",2020-01-02,Insulin,1175,19:35,2020-01-02 19:35,0,,,,,,,,,,,2,Insulin,2020-01-02 19:38,235
13,"Thu, Jan 2",2020-01-02,Insulin,1180,19:40,2020-01-02 19:40,0,,,,,,,,,,,2,Insulin,2020-01-02 19:43,236
13,"Thu, Jan 2",2020-01-02,Insulin,1185,19:45,2020-01-02 19:45,0.751,,,,,,,,,,,2,Insulin,2020-01-02 19:48,237
13,"Thu, Jan 2",2020-01-02,Insulin,1190,19:50,2020-01-02 19:50,1.123,,,,,,,,,,,2,Insulin,2020-01-02 19:53,238
13,"Thu, Jan 2",2020-01-02,Insulin,1195,19:55,2020-01-02 19:55,0.107,,,,,,,,,,,2,Insulin,2020-01-02 19:58,239
13,"Thu, Jan 2",2020-01-02,Insulin,1200,20:00,2020-01-02 20:00,0.826,,,,,,,,,,,2,Insulin,2020-01-02 20:03,240
13,"Thu, Jan 2",2020-01-02,Insulin,1205,20:05,2020-01-02 20:05,0,,,,,,,,,,,2,Insulin,2020-01-02 20:08,241
13,"Thu, Jan 2",2020-01-02,Insulin,1210,20:10,2020-01-02 20:10,0,,,,,,,,,,,2,Insulin,2020-01-02 20:13,242
13,"Thu, Jan 2",2020-01-02,Insulin,1215,20:15,2020-01-02 20:15,0,,,,,,,,,,,2,Insulin,2020-01-02 20:18,243
13,"Thu, Jan 2",2020-01-02,Insulin,1220,20:20,2020-01-02 20:20,0,,,,,,,,,,,2,Insulin,2020-01-02 20:23,244
13,"Thu, Jan 2",2020-01-02,Insulin,1225,20:25,2020-01-02 20:25,0,,,,,,,,,,,2,Insulin,2020-01-02 20:28,245
13,"Thu, Jan 2",2020-01-02,Insulin,1230,20:30,2020-01-02 20:30,0,,,,,,,,,,,2,Insulin,2020-01-02 20:33,246
13,"Thu, Jan 2",2020-01-02,Insulin,1235,20:35,2020-01-02 20:35,0,,,,,,,,,,,2,Insulin,2020-01-02 20:38,247
13,"Thu, Jan 2",2020-01-02,Insulin,1240,20:40,2020-01-02 20:40,0.99,,,,,,,,,,,2,Insulin,2020-01-02 20:43,248
13,"Thu, Jan 2",2020-01-02,Insulin,1245,20:45,2020-01-02 20:45,0.702,,,,,,,,,,,2,Insulin,2020-01-02 20:48,249
13,"Thu, Jan 2",2020-01-02,Insulin,1250,20:50,2020-01-02 20:50,0.667,,,,,,,,,,,2,Insulin,2020-01-02 20:53,250
13,"Thu, Jan 2",2020-01-02,Insulin,1255,20:55,2020-01-02 20:55,0.048,,,,,,,,,,,2,Insulin,2020-01-02 20:58,251
13,"Thu, Jan 2",2020-01-02,Insulin,1260,21:00,2020-01-02 21:00,0,,,,,,,,,,,2,Insulin,2020-01-02 21:03,252
13,"Thu, Jan 2",2020-01-02,Insulin,1265,21:05,2020-01-02 21:05,0,,,,,,,,,,,2,Insulin,2020-01-02 21:08,253
13,"Thu, Jan 2",2020-01-02,Insulin,1270,21:10,2020-01-02 21:10,0,,,,,,,,,,,2,Insulin,2020-01-02 21:13,254
13,"Thu, Jan 2",2020-01-02,Insulin,1275,21:15,2020-01-02 21:15,0.193,,,,,,,,,,,2,Insulin,2020-01-02 21:18,255
13,"Thu, Jan 2",2020-01-02,Insulin,1280,21:20,2020-01-02 21:20,0.163,,,,,,,,,,,2,Insulin,2020-01-02 21:23,256
13,"Thu, Jan 2",2020-01-02,Insulin,1285,21:25,2020-01-02 21:25,0,,,,,,,,,,,2,Insulin,2020-01-02 21:28,257
13,"Thu, Jan 2",2020-01-02,Insulin,1290,21:30,2020-01-02 21:30,0,,,,,,,,,,,2,Insulin,2020-01-02 21:33,258
13,"Thu, Jan 2",2020-01-02,Insulin,1295,21:35,2020-01-02 21:35,0,,,,,,,,,,,2,Insulin,2020-01-02 21:38,259
13,"Thu, Jan 2",2020-01-02,Insulin,1300,21:40,2020-01-02 21:40,0,,,,,,,,,,,2,Insulin,2020-01-02 21:43,260
13,"Thu, Jan 2",2020-01-02,Insulin,1305,21:45,2020-01-02 21:45,0,,,,,,,,,,,2,Insulin,2020-01-02 21:48,261
13,"Thu, Jan 2",2020-01-02,Insulin,1310,21:50,2020-01-02 21:50,0,,,,,,,,,,,2,Insulin,2020-01-02 21:53,262
13,"Thu, Jan 2",2020-01-02,Insulin,1315,21:55,2020-01-02 21:55,0.097,,,,,,,,,,,2,Insulin,2020-01-02 21:58,263
13,"Thu, Jan 2",2020-01-02,Insulin,1320,22:00,2020-01-02 22:00,0.107,,,,,,,,,,,2,Insulin,2020-01-02 22:03,264
13,"Thu, Jan 2",2020-01-02,Insulin,1325,22:05,2020-01-02 22:05,0,,,,,,,,,,,2,Insulin,2020-01-02 22:08,265
13,"Thu, Jan 2",2020-01-02,Insulin,1330,22:10,2020-01-02 22:10,0,,,,,,,,,,,2,Insulin,2020-01-02 22:13,266
13,"Thu, Jan 2",2020-01-02,Insulin,1335,22:15,2020-01-02 22:15,0,,,,,,,,,,,2,Insulin,2020-01-02 22:18,267
13,"Thu, Jan 2",2020-01-02,Insulin,1335,22:15,2020-01-02 22:15,0,,,,,,,,,,,2,Insulin,2020-01-02 22:19,268
13,"Thu, Jan 2",2020-01-02,Insulin,1345,22:25,2020-01-02 22:25,3.5,,,,,,,,,,,2,Insulin,2020-01-02 22:28,269
13,"Thu, Jan 2",2020-01-02,Insulin,1350,22:30,2020-01-02 22:30,0,,,,,,,,,,,2,Insulin,2020-01-02 22:33,270
13,"Thu, Jan 2",2020-01-02,Insulin,1355,22:35,2020-01-02 22:35,0.102,,,,,,,,,,,2,Insulin,2020-01-02 22:38,271
13,"Thu, Jan 2",2020-01-02,Insulin,1360,22:40,2020-01-02 22:40,0.117,,,,,,,,,,,2,Insulin,2020-01-02 22:43,272
13,"Thu, Jan 2",2020-01-02,Insulin,1365,22:45,2020-01-02 22:45,0.155,,,,,,,,,,,2,Insulin,2020-01-02 22:48,273
13,"Thu, Jan 2",2020-01-02,Insulin,1370,22:50,2020-01-02 22:50,0.168,,,,,,,,,,,2,Insulin,2020-01-02 22:53,274
13,"Thu, Jan 2",2020-01-02,Insulin,1375,22:55,2020-01-02 22:55,0.183,,,,,,,,,,,2,Insulin,2020-01-02 22:58,275
13,"Thu, Jan 2",2020-01-02,Insulin,1380,23:00,2020-01-02 23:00,0.185,,,,,,,,,,,2,Insulin,2020-01-02 23:03,276
13,"Thu, Jan 2",2020-01-02,Insulin,1385,23:05,2020-01-02 23:05,0.206,,,,,,,,,,,2,Insulin,2020-01-02 23:08,277
13,"Thu, Jan 2",2020-01-02,Insulin,1390,23:10,2020-01-02 23:10,0.203,,,,,,,,,,,2,Insulin,2020-01-02 23:13,278
13,"Thu, Jan 2",2020-01-02,Insulin,1395,23:15,2020-01-02 23:15,0,,,,,,,,,,,2,Insulin,2020-01-02 23:18,279
13,"Thu, Jan 2",2020-01-02,Insulin,1400,23:20,2020-01-02 23:20,0,,,,,,,,,,,2,Insulin,2020-01-02 23:23,280
13,"Thu, Jan 2",2020-01-02,Insulin,1405,23:25,2020-01-02 23:25,0,,,,,,,,,,,2,Insulin,2020-01-02 23:28,281
13,"Thu, Jan 2",2020-01-02,Insulin,1410,23:30,2020-01-02 23:30,0,,,,,,,,,,,2,Insulin,2020-01-02 23:33,282
13,"Thu, Jan 2",2020-01-02,Insulin,1415,23:35,2020-01-02 23:35,0,,,,,,,,,,,2,Insulin,2020-01-02 23:38,283
13,"Thu, Jan 2",2020-01-02,Insulin,1420,23:40,2020-01-02 23:40,0,,,,,,,,,,,2,Insulin,2020-01-02 23:43,284
13,"Thu, Jan 2",2020-01-02,Insulin,1425,23:45,2020-01-02 23:45,0,,,,,,,,,,,2,Insulin,2020-01-02 23:48,285
13,"Thu, Jan 2",2020-01-02,Insulin,1430,23:50,2020-01-02 23:50,0.132,,,,,,,,,,,2,Insulin,2020-01-02 23:53,286
13,"Thu, Jan 2",2020-01-02,Insulin,1435,23:55,2020-01-02 23:55,0.137,,,,,,,,,,,2,Insulin,2020-01-02 23:58,287
13,"Thu, Jan 2",2020-01-02,Meal Announcement,1065,17:45,2020-01-02 17:45,0,Meal,,"Lunch, Usual, 5:45 PM","Lunch, Usual, 5:45 PM",Lunch,L,Usual,5:45 PM,,,3,Meal Announcement,2020-01-02 17:45,0
13,"Thu, Jan 2",2020-01-02,Meal Announcement,1335,22:15,2020-01-02 22:15,0,Meal,,"Breakfast, Usual, 10:19 PM","Breakfast, Usual, 10:19 PM",Breakfast,B,Usual,10:19 PM,,,3,Meal Announcement,2020-01-02 22:19,1
14,"Wed, Jan 1",2020-01-01,CGM,905,15:05,2020-01-01 15:05,186,,,,,,,,,,,1,CGM,2020-01-01 15:08,0
14,"Wed, Jan 1",2020-01-01,CGM,910,15:10,2020-01-01 15:10,195,,,,,,,,,,,1,CGM,2020-01-01 15:14,1
14,"Wed, Jan 1",2020-01-01,CGM,915,15:15,2020-01-01 15:15,192,,,,,,,,,,,1,CGM,2020-01-01 15:18,2
14,"Wed, Jan 1",2020-01-01,CGM,920,15:20,2020-01-01 15:20,192,,,,,,,,,,,1,CGM,2020-01-01 15:23,3
14,"Wed, Jan 1",2020-01-01,CGM,925,15:25,2020-01-01 15:25,190,,,,,,,,,,,1,CGM,2020-01-01 15:28,4
14,"Wed, Jan 1",2020-01-01,CGM,930,15:30,2020-01-01 15:30,193,,,,,,,,,,,1,CGM,2020-01-01 15:33,5
14,"Wed, Jan 1",2020-01-01,CGM,935,15:35,2020-01-01 15:35,188,,,,,,,,,,,1,CGM,2020-01-01 15:38,6
14,"Wed, Jan 1",2020-01-01,CGM,940,15:40,2020-01-01 15:40,191,,,,,,,,,,,1,CGM,2020-01-01 15:43,7
14,"Wed, Jan 1",2020-01-01,CGM,945,15:45,2020-01-01 15:45,190,,,,,,,,,,,1,CGM,2020-01-01 15:48,8
14,"Wed, Jan 1",2020-01-01,CGM,950,15:50,2020-01-01 15:50,186,,,,,,,,,,,1,CGM,2020-01-01 15:53,9
14,"Wed, Jan 1",2020-01-01,CGM,955,15:55,2020-01-01 15:55,179,,,,,,,,,,,1,CGM,2020-01-01 15:58,10
14,"Wed, Jan 1",2020-01-01,CGM,960,16:00,2020-01-01 16:00,185,,,,,,,,,,,1,CGM,2020-01-01 16:03,11
14,"Wed, Jan 1",2020-01-01,CGM,965,16:05,2020-01-01 16:05,191,,,,,,,,,,,1,CGM,2020-01-01 16:08,12
14,"Wed, Jan 1",2020-01-01,CGM,970,16:10,2020-01-01 16:10,201,,,,,,,,,,,1,CGM,2020-01-01 16:13,13
14,"Wed, Jan 1",2020-01-01,CGM,975,16:15,2020-01-01 16:15,201,,,,,,,,,,,1,CGM,2020-01-01 16:18,14
14,"Wed, Jan 1",2020-01-01,CGM,980,16:20,2020-01-01 16:20,198,,,,,,,,,,,1,CGM,2020-01-01 16:23,15
14,"Wed, Jan 1",2020-01-01,CGM,985,16:25,2020-01-01 16:25,199,,,,,,,,,,,1,CGM,2020-01-01 16:28,16
14,"Wed, Jan 1",2020-01-01,CGM,990,16:30,2020-01-01 16:30,180,,,,,,,,,,,1,CGM,2020-01-01 16:33,17
14,"Wed, Jan 1",2020-01-01,CGM,995,16:35,2020-01-01 16:35,183,,,,,,,,,,,1,CGM,2020-01-01 16:38,18
14,"Wed, Jan 1",2020-01-01,CGM,1000,16:40,2020-01-01 16:40,183,,,,,,,,,,,1,CGM,2020-01-01 16:43,19
14,"Wed, Jan 1",2020-01-01,CGM,1005,16:45,2020-01-01 16:45,184,,,,,,,,,,,1,CGM,2020-01-01 16:48,20
14,"Wed, Jan 1",2020-01-01,CGM,1010,16:50,2020-01-01 16:50,196,,,,,,,,,,,1,CGM,2020-01-01 16:53,21
14,"Wed, Jan 1",2020-01-01,CGM,1015,16:55,2020-01-01 16:55,193,,,,,,,,,,,1,CGM,2020-01-01 16:58,22
14,"Wed, Jan 1",2020-01-01,CGM,1020,17:00,2020-01-01 17:00,180,,,,,,,,,,,1,CGM,2020-01-01 17:03,23
14,"Wed, Jan 1",2020-01-01,CGM,1025,17:05,2020-01-01 17:05,166,,,,,,,,,,,1,CGM,2020-01-01 17:08,24
14,"Wed, Jan 1",2020-01-01,CGM,1030,17:10,2020-01-01 17:10,161,,,,,,,,,,,1,CGM,2020-01-01 17:13,25
14,"Wed, Jan 1",2020-01-01,CGM,1035,17:15,2020-01-01 17:15,160,,,,,,,,,,,1,CGM,2020-01-01 17:18,26
14,"Wed, Jan 1",2020-01-01,CGM,1040,17:20,2020-01-01 17:20,153,,,,,,,,,,,1,CGM,2020-01-01 17:23,27
14,"Wed, Jan 1",2020-01-01,CGM,1045,17:25,2020-01-01 17:25,158,,,,,,,,,,,1,CGM,2020-01-01 17:28,28
14,"Wed, Jan 1",2020-01-01,CGM,1050,17:30,2020-01-01 17:30,163,,,,,,,,,,,1,CGM,2020-01-01 17:33,29
14,"Wed, Jan 1",2020-01-01,CGM,1055,17:35,2020-01-01 17:35,166,,,,,,,,,,,1,CGM,2020-01-01 17:38,30
14,"Wed, Jan 1",2020-01-01,CGM,1060,17:40,2020-01-01 17:40,182,,,,,,,,,,,1,CGM,2020-01-01 17:43,31
14,"Wed, Jan 1",2020-01-01,CGM,1065,17:45,2020-01-01 17:45,193,,,,,,,,,,,1,CGM,2020-01-01 17:48,32
14,"Wed, Jan 1",2020-01-01,CGM,1075,17:55,2020-01-01 17:55,180,,,,,,,,,,,1,CGM,2020-01-01 17:58,33
14,"Wed, Jan 1",2020-01-01,CGM,1080,18:00,2020-01-01 18:00,168,,,,,,,,,,,1,CGM,2020-01-01 18:03,34
14,"Wed, Jan 1",2020-01-01,CGM,1085,18:05,2020-01-01 18:05,142,,,,,,,,,,,1,CGM,2020-01-01 18:08,35
14,"Wed, Jan 1",2020-01-01,CGM,1090,18:10,2020-01-01 18:10,144,,,,,,,,,,,1,CGM,2020-01-01 18:13,36
14,"Wed, Jan 1",2020-01-01,CGM,1095,18:15,2020-01-01 18:15,131,,,,,,,,,,,1,CGM,2020-01-01 18:18,37
14,"Wed, Jan 1",2020-01-01,CGM,1100,18:20,2020-01-01 18:20,133,,,,,,,,,,,1,CGM,2020-01-01 18:23,38
14,"Wed, Jan 1",2020-01-01,CGM,1105,18:25,2020-01-01 18:25,113,,,,,,,,,,,1,CGM,2020-01-01 18:28,39
14,"Wed, Jan 1",2020-01-01,CGM,1110,18:30,2020-01-01 18:30,90,,,,,,,,,,,1,CGM,2020-01-01 18:33,40
14,"Wed, Jan 1",2020-01-01,CGM,1115,18:35,2020-01-01 18:35,97,,,,,,,,,,,1,CGM,2020-01-01 18:38,41
14,"Wed, Jan 1",2020-01-01,CGM,1120,18:40,2020-01-01 18:40,91,,,,,,,,,,,1,CGM,2020-01-01 18:43,42
14,"Wed, Jan 1",2020-01-01,CGM,1125,18:45,2020-01-01 18:45,67,,,,,,,,,,,1,CGM,2020-01-01 18:48,43
14,"Wed, Jan 1",2020-01-01,CGM,1130,18:50,2020-01-01 18:50,71,,,,,,,,,,,1,CGM,2020-01-01 18:53,44
14,"Wed, Jan 1",2020-01-01,CGM,1135,18:55,2020-01-01 18:55,54,,,,,,,,,,,1,CGM,2020-01-01 18:58,45
14,"Wed, Jan 1",2020-01-01,CGM,1140,19:00,2020-01-01 19:00,39,,,,,,,,,,,1,CGM,2020-01-01 19:03,46
14,"Wed, Jan 1",2020-01-01,CGM,1145,19:05,2020-01-01 19:05,39,,,,,,,,,,,1,CGM,2020-01-01 19:08,47
14,"Wed, Jan 1",2020-01-01,CGM,1150,19:10,2020-01-01 19:10,45,,,,,,,,,,,1,CGM,2020-01-01 19:13,48
14,"Wed, Jan 1",2020-01-01,CGM,1155,19:15,2020-01-01 19:15,84,,,,,,,,,,,1,CGM,2020-01-01 19:18,49
14,"Wed, Jan 1",2020-01-01,CGM,1160,19:20,2020-01-01 19:20,98,,,,,,,,,,,1,CGM,2020-01-01 19:23,50
14,"Wed, Jan 1",2020-01-01,CGM,1165,19:25,2020-01-01 19:25,85,,,,,,,,,,,1,CGM,2020-01-01 19:28,51
14,"Wed, Jan 1",2020-01-01,CGM,1170,19:30,2020-01-01 19:30,102,,,,,,,,,,,1,CGM,2020-01-01 19:33,52
14,"Wed, Jan 1",2020-01-01,CGM,1175,19:35,2020-01-01 19:35,118,,,,,,,,,,,1,CGM,2020-01-01 19:38,53
14,"Wed, Jan 1",2020-01-01,CGM,1180,19:40,2020-01-01 19:40,99,,,,,,,,,,,1,CGM,2020-01-01 19:43,54
14,"Wed, Jan 1",2020-01-01,CGM,1185,19:45,2020-01-01 19:45,87,,,,,,,,,,,1,CGM,2020-01-01 19:48,55
14,"Wed, Jan 1",2020-01-01,CGM,1190,19:50,2020-01-01 19:50,92,,,,,,,,,,,1,CGM,2020-01-01 19:53,56
14,"Wed, Jan 1",2020-01-01,CGM,1195,19:55,2020-01-01 19:55,97,,,,,,,,,,,1,CGM,2020-01-01 19:58,57
14,"Wed, Jan 1",2020-01-01,CGM,1200,20:00,2020-01-01 20:00,93,,,,,,,,,,,1,CGM,2020-01-01 20:03,58
14,"Wed, Jan 1",2020-01-01,CGM,1205,20:05,2020-01-01 20:05,100,,,,,,,,,,,1,CGM,2020-01-01 20:08,59
14,"Wed, Jan 1",2020-01-01,CGM,1210,20:10,2020-01-01 20:10,102,,,,,,,,,,,1,CGM,2020-01-01 20:13,60
14,"Wed, Jan 1",2020-01-01,CGM,1215,20:15,2020-01-01 20:15,101,,,,,,,,,,,1,CGM,2020-01-01 20:18,61
14,"Wed, Jan 1",2020-01-01,CGM,1220,20:20,2020-01-01 20:20,90,,,,,,,,,,,1,CGM,2020-01-01 20:23,62
14,"Wed, Jan 1",2020-01-01,CGM,1225,20:25,2020-01-01 20:25,90,,,,,,,,,,,1,CGM,2020-01-01 20:28,63
14,"Wed, Jan 1",2020-01-01,CGM,1230,20:30,2020-01-01 20:30,101,,,,,,,,,,,1,CGM,2020-01-01 20:33,64
14,"Wed, Jan 1",2020-01-01,CGM,1235,20:35,2020-01-01 20:35,118,,,,,,,,,,,1,CGM,2020-01-01 20:38,65
14,"Wed, Jan 1",2020-01-01,CGM,1240,20:40,2020-01-01 20:40,118,,,,,,,,,,,1,CGM,2020-01-01 20:43,66
14,"Wed, Jan 1",2020-01-01,CGM,1245,20:45,2020-01-01 20:45,116,,,,,,,,,,,1,CGM,2020-01-01 20:48,67
14,"Wed, Jan 1",2020-01-01,CGM,1250,20:50,2020-01-01 20:50,110,,,,,,,,,,,1,CGM,2020-01-01 20:53,68
14,"Wed, Jan 1",2020-01-01,CGM,1255,20:55,2020-01-01 20:55,125,,,,,,,,,,,1,CGM,2020-01-01 20:58,69
14,"Wed, Jan 1",2020-01-01,CGM,1260,21:00,2020-01-01 21:00,145,,,,,,,,,,,1,CGM,2020-01-01 21:03,70
14,"Wed, Jan 1",2020-01-01,CGM,1265,21:05,2020-01-01 21:05,171,,,,,,,,,,,1,CGM,2020-01-01 21:08,71
14,"Wed, Jan 1",2020-01-01,CGM,1270,21:10,2020-01-01 21:10,190,,,,,,,,,,,1,CGM,2020-01-01 21:13,72
14,"Wed, Jan 1",2020-01-01,CGM,1275,21:15,2020-01-01 21:15,194,,,,,,,,,,,1,CGM,2020-01-01 21:18,73
14,"Wed, Jan 1",2020-01-01,CGM,1280,21:20,2020-01-01 21:20,194,,,,,,,,,,,1,CGM,2020-01-01 21:23,74
14,"Wed, Jan 1",2020-01-01,CGM,1285,21:25,2020-01-01 21:25,213,,,,,,,,,,,1,CGM,2020-01-01 21:28,75
14,"Wed, Jan 1",2020-01-01,CGM,1290,21:30,2020-01-01 21:30,218,,,,,,,,,,,1,CGM,2020-01-01 21:33,76
14,"Wed, Jan 1",2020-01-01,CGM,1295,21:35,2020-01-01 21:35,232,,,,,,,,,,,1,CGM,2020-01-01 21:38,77
14,"Wed, Jan 1",2020-01-01,CGM,1300,21:40,2020-01-01 21:40,234,,,,,,,,,,,1,CGM,2020-01-01 21:43,78
14,"Wed, Jan 1",2020-01-01,CGM,1305,21:45,2020-01-01 21:45,250,,,,,,,,,,,1,CGM,2020-01-01 21:48,79
14,"Wed, Jan 1",2020-01-01,CGM,1310,21:50,2020-01-01 21:50,277,,,,,,,,,,,1,CGM,2020-01-01 21:53,80
14,"Wed, Jan 1",2020-01-01,CGM,1315,21:55,2020-01-01 21:55,299,,,,,,,,,,,1,CGM,2020-01-01 21:58,81
14,"Wed, Jan 1",2020-01-01,CGM,1320,22:00,2020-01-01 22:00,316,,,,,,,,,,,1,CGM,2020-01-01 22:03,82
14,"Wed, Jan 1",2020-01-01,CGM,1325,22:05,2020-01-01 22:05,324,,,,,,,,,,,1,CGM,2020-01-01 22:08,83
14,"Wed, Jan 1",2020-01-01,CGM,1330,22:10,2020-01-01 22:10,317,,,,,,,,,,,1,CGM,2020-01-01 22:13,84
14,"Wed, Jan 1",2020-01-01,CGM,1335,22:15,2020-01-01 22:15,304,,,,,,,,,,,1,CGM,2020-01-01 22:18,85
14,"Wed, Jan 1",2020-01-01,CGM,1340,22:20,2020-01-01 22:20,302,,,,,,,,,,,1,CGM,2020-01-01 22:23,86
14,"Wed, Jan 1",2020-01-01,CGM,1345,22:25,2020-01-01 22:25,295,,,,,,,,,,,1,CGM,2020-01-01 22:28,87
14,"Wed, Jan 1",2020-01-01,CGM,1350,22:30,2020-01-01 22:30,284,,,,,,,,,,,1,CGM,2020-01-01 22:33,88
14,"Wed, Jan 1",2020-01-01,CGM,1355,22:35,2020-01-01 22:35,275,,,,,,,,,,,1,CGM,2020-01-01 22:38,89
14,"Wed, Jan 1",2020-01-01,CGM,1360,22:40,2020-01-01 22:40,252,,,,,,,,,,,1,CGM,2020-01-01 22:43,90
14,"Wed, Jan 1",2020-01-01,CGM,1365,22:45,2020-01-01 22:45,217,,,,,,,,,,,1,CGM,2020-01-01 22:48,91
14,"Wed, Jan 1",2020-01-01,CGM,1370,22:50,2020-01-01 22:50,218,,,,,,,,,,,1,CGM,2020-01-01 22:53,92
14,"Wed, Jan 1",2020-01-01,CGM,1375,22:55,2020-01-01 22:55,234,,,,,,,,,,,1,CGM,2020-01-01 22:58,93
14,"Wed, Jan 1",2020-01-01,CGM,1380,23:00,2020-01-01 23:00,238,,,,,,,,,,,1,CGM,2020-01-01 23:03,94
14,"Wed, Jan 1",2020-01-01,CGM,1385,23:05,2020-01-01 23:05,239,,,,,,,,,,,1,CGM,2020-01-01 23:08,95
14,"Wed, Jan 1",2020-01-01,CGM,1390,23:10,2020-01-01 23:10,229,,,,,,,,,,,1,CGM,2020-01-01 23:13,96
14,"Wed, Jan 1",2020-01-01,CGM,1395,23:15,2020-01-01 23:15,187,,,,,,,,,,,1,CGM,2020-01-01 23:18,97
14,"Wed, Jan 1",2020-01-01,CGM,1400,23:20,2020-01-01 23:20,159,,,,,,,,,,,1,CGM,2020-01-01 23:23,98
14,"Wed, Jan 1",2020-01-01,CGM,1405,23:25,2020-01-01 23:25,136,,,,,,,,,,,1,CGM,2020-01-01 23:28,99
14,"Wed, Jan 1",2020-01-01,CGM,1410,23:30,2020-01-01 23:30,148,,,,,,,,,,,1,CGM,2020-01-01 23:33,100
14,"Wed, Jan 1",2020-01-01,CGM,1415,23:35,2020-01-01 23:35,156,,,,,,,,,,,1,CGM,2020-01-01 23:38,101
14,"Wed, Jan 1",2020-01-01,CGM,1420,23:40,2020-01-01 23:40,159,,,,,,,,,,,1,CGM,2020-01-01 23:43,102
14,"Wed, Jan 1",2020-01-01,CGM,1425,23:45,2020-01-01 23:45,151,,,,,,,,,,,1,CGM,2020-01-01 23:48,103
14,"Wed, Jan 1",2020-01-01,CGM,1430,23:50,2020-01-01 23:50,138,,,,,,,,,,,1,CGM,2020-01-01 23:53,104
14,"Wed, Jan 1",2020-01-01,CGM,1435,23:55,2020-01-01 23:55,123,,,,,,,,,,,1,CGM,2020-01-01 23:58,105
14,"Wed, Jan 1",2020-01-01,Insulin,905,15:05,2020-01-01 15:05,0,,,,,,,,,,,2,Insulin,2020-01-01 15:08,0
14,"Wed, Jan 1",2020-01-01,Insulin,910,15:10,2020-01-01 15:10,0.61,,,,,,,,,,,2,Insulin,2020-01-01 15:14,1
14,"Wed, Jan 1",2020-01-01,Insulin,915,15:15,2020-01-01 15:15,1.752,,,,,,,,,,,2,Insulin,2020-01-01 15:18,2
14,"Wed, Jan 1",2020-01-01,Insulin,920,15:20,2020-01-01 15:20,0.157,,,,,,,,,,,2,Insulin,2020-01-01 15:23,3
14,"Wed, Jan 1",2020-01-01,Insulin,925,15:25,2020-01-01 15:25,0.046,,,,,,,,,,,2,Insulin,2020-01-01 15:28,4
14,"Wed, Jan 1",2020-01-01,Insulin,930,15:30,2020-01-01 15:30,0,,,,,,,,,,,2,Insulin,2020-01-01 15:33,5
14,"Wed, Jan 1",2020-01-01,Insulin,935,15:35,2020-01-01 15:35,0.051,,,,,,,,,,,2,Insulin,2020-01-01 15:38,6
14,"Wed, Jan 1",2020-01-01,Insulin,940,15:40,2020-01-01 15:40,0,,,,,,,,,,,2,Insulin,2020-01-01 15:43,7
14,"Wed, Jan 1",2020-01-01,Insulin,945,15:45,2020-01-01 15:45,0.057,,,,,,,,,,,2,Insulin,2020-01-01 15:48,8
14,"Wed, Jan 1",2020-01-01,Insulin,950,15:50,2020-01-01 15:50,0.044,,,,,,,,,,,2,Insulin,2020-01-01 15:53,9
14,"Wed, Jan 1",2020-01-01,Insulin,955,15:55,2020-01-01 15:55,0,,,,,,,,,,,2,Insulin,2020-01-01 15:58,10
14,"Wed, Jan 1",2020-01-01,Insulin,960,16:00,2020-01-01 16:00,0.048,,,,,,,,,,,2,Insulin,2020-01-01 16:03,11
14,"Wed, Jan 1",2020-01-01,Insulin,965,16:05,2020-01-01 16:05,0.05,,,,,,,,,,,2,Insulin,2020-01-01 16:08,12
14,"Wed, Jan 1",2020-01-01,Insulin,970,16:10,2020-01-01 16:10,0.046,,,,,,,,,,,2,Insulin,2020-01-01 16:13,13
14,"Wed, Jan 1",2020-01-01,Insulin,975,16:15,2020-01-01 16:15,0.385,,,,,,,,,,,2,Insulin,2020-01-01 16:18,14
14,"Wed, Jan 1",2020-01-01,Insulin,980,16:20,2020-01-01 16:20,0.053,,,,,,,,,,,2,Insulin,2020-01-01 16:23,15
14,"Wed, Jan 1",2020-01-01,Insulin,985,16:25,2020-01-01 16:25,0.043,,,,,,,,,,,2,Insulin,2020-01-01 16:28,16
14,"Wed, Jan 1",2020-01-01,Insulin,990,16:30,2020-01-01 16:30,0.116,,,,,,,,,,,2,Insulin,2020-01-01 16:33,17
14,"Wed, Jan 1",2020-01-01,Insulin,995,16:35,2020-01-01 16:35,0,,,,,,,,,,,2,Insulin,2020-01-01 16:38,18
14,"Wed, Jan 1",2020-01-01,Insulin,1000,16:40,2020-01-01 16:40,0,,,,,,,,,,,2,Insulin,2020-01-01 16:43,19
14,"Wed, Jan 1",2020-01-01,Insulin,1005,16:45,2020-01-01 16:45,0,,,,,,,,,,,2,Insulin,2020-01-01 16:48,20
14,"Wed, Jan 1",2020-01-01,Insulin,1010,16:50,2020-01-01 16:50,0.076,,,,,,,,,,,2,Insulin,2020-01-01 16:53,21
14,"Wed, Jan 1",2020-01-01,Insulin,1015,16:55,2020-01-01 16:55,0.579,,,,,,,,,,,2,Insulin,2020-01-01 16:58,22
14,"Wed, Jan 1",2020-01-01,Insulin,1020,17:00,2020-01-01 17:00,0.046,,,,,,,,,,,2,Insulin,2020-01-01 17:03,23
14,"Wed, Jan 1",2020-01-01,Insulin,1025,17:05,2020-01-01 17:05,0,,,,,,,,,,,2,Insulin,2020-01-01 17:08,24
14,"Wed, Jan 1",2020-01-01,Insulin,1030,17:10,2020-01-01 17:10,0,,,,,,,,,,,2,Insulin,2020-01-01 17:13,25
14,"Wed, Jan 1",2020-01-01,Insulin,1035,17:15,2020-01-01 17:15,0.042,,,,,,,,,,,2,Insulin,2020-01-01 17:18,26
14,"Wed, Jan 1",2020-01-01,Insulin,1040,17:20,2020-01-01 17:20,0.044,,,,,,,,,,,2,Insulin,2020-01-01 17:23,27
14,"Wed, Jan 1",2020-01-01,Insulin,1045,17:25,2020-01-01 17:25,0,,,,,,,,,,,2,Insulin,2020-01-01 17:28,28
14,"Wed, Jan 1",2020-01-01,Insulin,1050,17:30,2020-01-01 17:30,0.066,,,,,,,,,,,2,Insulin,2020-01-01 17:33,29
14,"Wed, Jan 1",2020-01-01,Insulin,1055,17:35,2020-01-01 17:35,0.064,,,,,,,,,,,2,Insulin,2020-01-01 17:38,30
14,"Wed, Jan 1",2020-01-01,Insulin,1060,17:40,2020-01-01 17:40,0.061,,,,,,,,,,,2,Insulin,2020-01-01 17:43,31
14,"Wed, Jan 1",2020-01-01,Insulin,1065,17:45,2020-01-01 17:45,0.572,,,,,,,,,,,2,Insulin,2020-01-01 17:48,32
14,"Wed, Jan 1",2020-01-01,Insulin,1070,17:50,2020-01-01 17:50,0.427,,,,,,,,,,,2,Insulin,2020-01-01 17:52,33
14,"Wed, Jan 1",2020-01-01,Insulin,1075,17:55,2020-01-01 17:55,4.877,,,,,,,,,,,2,Insulin,2020-01-01 17:58,34
14,"Wed, Jan 1",2020-01-01,Insulin,1080,18:00,2020-01-01 18:00,0,,,,,,,,,,,2,Insulin,2020-01-01 18:03,35
14,"Wed, Jan 1",2020-01-01,Insulin,1085,18:05,2020-01-01 18:05,0,,,,,,,,,,,2,Insulin,2020-01-01 18:08,36
14,"Wed, Jan 1",2020-01-01,Insulin,1090,18:10,2020-01-01 18:10,0,,,,,,,,,,,2,Insulin,2020-01-01 18:13,37
14,"Wed, Jan 1",2020-01-01,Insulin,1095,18:15,2020-01-01 18:15,0,,,,,,,,,,,2,Insulin,2020-01-01 18:18,38
14,"Wed, Jan 1",2020-01-01,Insulin,1100,18:20,2020-01-01 18:20,0,,,,,,,,,,,2,Insulin,2020-01-01 18:23,39
14,"Wed, Jan 1",2020-01-01,Insulin,1105,18:25,2020-01-01 18:25,0.053,,,,,,,,,,,2,Insulin,2020-01-01 18:28,40
14,"Wed, Jan 1",2020-01-01,Insulin,1110,18:30,2020-01-01 18:30,0,,,,,,,,,,,2,Insulin,2020-01-01 18:33,41
14,"Wed, Jan 1",2020-01-01,Insulin,1115,18:35,2020-01-01 18:35,0,,,,,,,,,,,2,Insulin,2020-01-01 18:38,42
14,"Wed, Jan 1",2020-01-01,Insulin,1120,18:40,2020-01-01 18:40,0,,,,,,,,,,,2,Insulin,2020-01-01 18:43,43
14,"Wed, Jan 1",2020-01-01,Insulin,1125,18:45,2020-01-01 18:45,0,,,,,,,,,,,2,Insulin,2020-01-01 18:48,44
14,"Wed, Jan 1",2020-01-01,Insulin,1130,18:50,2020-01-01 18:50,0,,,,,,,,,,,2,Insulin,2020-01-01 18:53,45
14,"Wed, Jan 1",2020-01-01,Insulin,1135,18:55,2020-01-01 18:55,0,,,,,,,,,,,2,Insulin,2020-01-01 18:58,46
14,"Wed, Jan 1",2020-01-01,Insulin,1140,19:00,2020-01-01 19:00,0,,,,,,,,,,,2,Insulin,2020-01-01 19:03,47
14,"Wed, Jan 1",2020-01-01,Insulin,1145,19:05,2020-01-01 19:05,0,,,,,,,,,,,2,Insulin,2020-01-01 19:08,48
14,"Wed, Jan 1",2020-01-01,Insulin,1150,19:10,2020-01-01 19:10,0,,,,,,,,,,,2,Insulin,2020-01-01 19:13,49
14,"Wed, Jan 1",2020-01-01,Insulin,1155,19:15,2020-01-01 19:15,0,,,,,,,,,,,2,Insulin,2020-01-01 19:18,50
14,"Wed, Jan 1",2020-01-01,Insulin,1160,19:20,2020-01-01 19:20,0,,,,,,,,,,,2,Insulin,2020-01-01 19:23,51
14,"Wed, Jan 1",2020-01-01,Insulin,1165,19:25,2020-01-01 19:25,0,,,,,,,,,,,2,Insulin,2020-01-01 19:28,52
14,"Wed, Jan 1",2020-01-01,Insulin,1170,19:30,2020-01-01 19:30,0,,,,,,,,,,,2,Insulin,2020-01-01 19:33,53
14,"Wed, Jan 1",2020-01-01,Insulin,1175,19:35,2020-01-01 19:35,0,,,,,,,,,,,2,Insulin,2020-01-01 19:38,54
14,"Wed, Jan 1",2020-01-01,Insulin,1180,19:40,2020-01-01 19:40,0,,,,,,,,,,,2,Insulin,2020-01-01 19:43,55
14,"Wed, Jan 1",2020-01-01,Insulin,1185,19:45,2020-01-01 19:45,0,,,,,,,,,,,2,Insulin,2020-01-01 19:48,56
14,"Wed, Jan 1",2020-01-01,Insulin,1190,19:50,2020-01-01 19:50,0,,,,,,,,,,,2,Insulin,2020-01-01 19:53,57
14,"Wed, Jan 1",2020-01-01,Insulin,1195,19:55,2020-01-01 19:55,0,,,,,,,,,,,2,Insulin,2020-01-01 19:58,58
14,"Wed, Jan 1",2020-01-01,Insulin,1200,20:00,2020-01-01 20:00,0,,,,,,,,,,,2,Insulin,2020-01-01 20:03,59
14,"Wed, Jan 1",2020-01-01,Insulin,1205,20:05,2020-01-01 20:05,0,,,,,,,,,,,2,Insulin,2020-01-01 20:08,60
14,"Wed, Jan 1",2020-01-01,Insulin,1210,20:10,2020-01-01 20:10,0,,,,,,,,,,,2,Insulin,2020-01-01 20:13,61
14,"Wed, Jan 1",2020-01-01,Insulin,1215,20:15,2020-01-01 20:15,0,,,,,,,,,,,2,Insulin,2020-01-01 20:18,62
14,"Wed, Jan 1",2020-01-01,Insulin,1220,20:20,2020-01-01 20:20,0,,,,,,,,,,,2,Insulin,2020-01-01 20:23,63
14,"Wed, Jan 1",2020-01-01,Insulin,1225,20:25,2020-01-01 20:25,0,,,,,,,,,,,2,Insulin,2020-01-01 20:28,64
14,"Wed, Jan 1",2020-01-01,Insulin,1230,20:30,2020-01-01 20:30,0,,,,,,,,,,,2,Insulin,2020-01-01 20:33,65
14,"Wed, Jan 1",2020-01-01,Insulin,1235,20:35,2020-01-01 20:35,0,,,,,,,,,,,2,Insulin,2020-01-01 20:38,66
14,"Wed, Jan 1",2020-01-01,Insulin,1240,20:40,2020-01-01 20:40,0,,,,,,,,,,,2,Insulin,2020-01-01 20:43,67
14,"Wed, Jan 1",2020-01-01,Insulin,1245,20:45,2020-01-01 20:45,0,,,,,,,,,,,2,Insulin,2020-01-01 20:48,68
14,"Wed, Jan 1",2020-01-01,Insulin,1250,20:50,2020-01-01 20:50,0,,,,,,,,,,,2,Insulin,2020-01-01 20:53,69
14,"Wed, Jan 1",2020-01-01,Insulin,1255,20:55,2020-01-01 20:55,0,,,,,,,,,,,2,Insulin,2020-01-01 20:58,70
14,"Wed, Jan 1",2020-01-01,Insulin,1260,21:00,2020-01-01 21:00,0,,,,,,,,,,,2,Insulin,2020-01-01 21:03,71
14,"Wed, Jan 1",2020-01-01,Insulin,1265,21:05,2020-01-01 21:05,0,,,,,,,,,,,2,Insulin,2020-01-01 21:08,72
14,"Wed, Jan 1",2020-01-01,Insulin,1270,21:10,2020-01-01 21:10,0,,,,,,,,,,,2,Insulin,2020-01-01 21:13,73
14,"Wed, Jan 1",2020-01-01,Insulin,1275,21:15,2020-01-01 21:15,0,,,,,,,,,,,2,Insulin,2020-01-01 21:18,74
14,"Wed, Jan 1",2020-01-01,Insulin,1280,21:20,2020-01-01 21:20,0.282,,,,,,,,,,,2,Insulin,2020-01-01 21:23,75
14,"Wed, Jan 1",2020-01-01,Insulin,1285,21:25,2020-01-01 21:25,0.409,,,,,,,,,,,2,Insulin,2020-01-01 21:28,76
14,"Wed, Jan 1",2020-01-01,Insulin,1290,21:30,2020-01-01 21:30,1.171,,,,,,,,,,,2,Insulin,2020-01-01 21:33,77
14,"Wed, Jan 1",2020-01-01,Insulin,1295,21:35,2020-01-01 21:35,0.49,,,,,,,,,,,2,Insulin,2020-01-01 21:38,78
14,"Wed, Jan 1",2020-01-01,Insulin,1300,21:40,2020-01-01 21:40,0.592,,,,,,,,,,,2,Insulin,2020-01-01 21:43,79
14,"Wed, Jan 1",2020-01-01,Insulin,1305,21:45,2020-01-01 21:45,0.064,,,,,,,,,,,2,Insulin,2020-01-01 21:48,80
14,"Wed, Jan 1",2020-01-01,Insulin,1310,21:50,2020-01-01 21:50,0.61,,,,,,,,,,,2,Insulin,2020-01-01 21:53,81
14,"Wed, Jan 1",2020-01-01,Insulin,1315,21:55,2020-01-01 21:55,1.156,,,,,,,,,,,2,Insulin,2020-01-01 21:58,82
14,"Wed, Jan 1",2020-01-01,Insulin,1320,22:00,2020-01-01 22:00,0.494,,,,,,,,,,,2,Insulin,2020-01-01 22:03,83
14,"Wed, Jan 1",2020-01-01,Insulin,1325,22:05,2020-01-01 22:05,0.077,,,,,,,,,,,2,Insulin,2020-01-01 22:08,84
14,"Wed, Jan 1",2020-01-01,Insulin,1330,22:10,2020-01-01 22:10,0.08,,,,,,,,,,,2,Insulin,2020-01-01 22:13,85
14,"Wed, Jan 1",2020-01-01,Insulin,1335,22:15,2020-01-01 22:15,0.044,,,,,,,,,,,2,Insulin,2020-01-01 22:18,86
14,"Wed, Jan 1",2020-01-01,Insulin,1340,22:20,2020-01-01 22:20,0,,,,,,,,,,,2,Insulin,2020-01-01 22:23,87
14,"Wed, Jan 1",2020-01-01,Insulin,1345,22:25,2020-01-01 22:25,0.191,,,,,,,,,,,2,Insulin,2020-01-01 22:28,88
14,"Wed, Jan 1",2020-01-01,Insulin,1350,22:30,2020-01-01 22:30,0.121,,,,,,,,,,,2,Insulin,2020-01-01 22:33,89
14,"Wed, Jan 1",2020-01-01,Insulin,1355,22:35,2020-01-01 22:35,0,,,,,,,,,,,2,Insulin,2020-01-01 22:38,90
14,"Wed, Jan 1",2020-01-01,Insulin,1360,22:40,2020-01-01 22:40,0,,,,,,,,,,,2,Insulin,2020-01-01 22:43,91
14,"Wed, Jan 1",2020-01-01,Insulin,1365,22:45,2020-01-01 22:45,0,,,,,,,,,,,2,Insulin,2020-01-01 22:48,92
14,"Wed, Jan 1",2020-01-01,Insulin,1370,22:50,2020-01-01 22:50,0,,,,,,,,,,,2,Insulin,2020-01-01 22:53,93
14,"Wed, Jan 1",2020-01-01,Insulin,1375,22:55,2020-01-01 22:55,0,,,,,,,,,,,2,Insulin,2020-01-01 22:58,94
14,"Wed, Jan 1",2020-01-01,Insulin,1380,23:00,2020-01-01 23:00,0,,,,,,,,,,,2,Insulin,2020-01-01 23:03,95
14,"Wed, Jan 1",2020-01-01,Insulin,1385,23:05,2020-01-01 23:05,0.112,,,,,,,,,,,2,Insulin,2020-01-01 23:08,96
14,"Wed, Jan 1",2020-01-01,Insulin,1390,23:10,2020-01-01 23:10,0.398,,,,,,,,,,,2,Insulin,2020-01-01 23:13,97
14,"Wed, Jan 1",2020-01-01,Insulin,1395,23:15,2020-01-01 23:15,0,,,,,,,,,,,2,Insulin,2020-01-01 23:18,98
14,"Wed, Jan 1",2020-01-01,Insulin,1400,23:20,2020-01-01 23:20,0,,,,,,,,,,,2,Insulin,2020-01-01 23:23,99
14,"Wed, Jan 1",2020-01-01,Insulin,1405,23:25,2020-01-01 23:25,0,,,,,,,,,,,2,Insulin,2020-01-01 23:28,100
14,"Wed, Jan 1",2020-01-01,Insulin,1410,23:30,2020-01-01 23:30,0,,,,,,,,,,,2,Insulin,2020-01-01 23:33,101
14,"Wed, Jan 1",2020-01-01,Insulin,1415,23:35,2020-01-01 23:35,0.097,,,,,,,,,,,2,Insulin,2020-01-01 23:38,102
14,"Wed, Jan 1",2020-01-01,Insulin,1420,23:40,2020-01-01 23:40,0.102,,,,,,,,,,,2,Insulin,2020-01-01 23:43,103
14,"Wed, Jan 1",2020-01-01,Insulin,1425,23:45,2020-01-01 23:45,0.1,,,,,,,,,,,2,Insulin,2020-01-01 23:48,104
14,"Wed, Jan 1",2020-01-01,Insulin,1430,23:50,2020-01-01 23:50,0,,,,,,,,,,,2,Insulin,2020-01-01 23:53,105
14,"Wed, Jan 1",2020-01-01,Insulin,1435,23:55,2020-01-01 23:55,0,,,,,,,,,,,2,Insulin,2020-01-01 23:58,106
14,"Wed, Jan 1",2020-01-01,Meal Announcement,1070,17:50,2020-01-01 17:50,0,Meal,,"Lunch, More Than Usual, 5:52 PM","Lunch, More Than Usual, 5:52 PM",Lunch,L,More Than Usual,5:52 PM,,,3,Meal Announcement,2020-01-01 17:52,0
14,"Wed, Jan 1",2020-01-01,Event,1080,18:00,2020-01-01 18:00,0,Event,,"Event: Other Event, 6:03 PM","Event: Other Event, 6:03 PM",,,,,Other Event,6:03 PM,4,Event,2020-01-01 18:03,0
14,"Wed, Jan 1",2020-01-01,Event,1115,18:35,2020-01-01 18:35,0,Event,,"Event: Insulin Paused, 6:38 PM","Event: Insulin Paused, 6:38 PM",,,,,Insulin Paused,6:38 PM,4,Event,2020-01-01 18:38,1
